scenario_id,requested,parsed,exact_duplicates,canonical_duplicates,semantic_classes,acceptance_patterns,weights,witness_partitions,D_ranking,E_ranking,D_top_ties,E_top_ties,D_sequence,E_sequence,D_stops,E_stops,exclusive_cause
pilot-00,4,4,0,0,3,"{""000"":48,""100"":9,""101"":7}","[{""I"":1,""ids"":[""c0"",""c1""],""weight"":2},{""I"":0,""ids"":[""c0"",""c2""],""weight"":1},{""I"":1,""ids"":[""c1"",""c2""],""weight"":2}]","{""010"":7,""011"":9}","[{""cost"":1,""journey_id"":""002ee67351572c9abe93"",""score_numerator"":2},{""cost"":1,""journey_id"":""00b30b64cd73de674651"",""score_numerator"":2},{""cost"":1,""journey_id"":""02b417eb9717198b2829"",""score_numerator"":2},{""cost"":1,""journey_id"":""0bd6f8987cbcbc5763d8"",""score_numerator"":2},{""cost"":1,""journey_id"":""0d830fff356828b351e8"",""score_numerator"":2},{""cost"":1,""journey_id"":""0e573b09afcf87ca0400"",""score_numerator"":2},{""cost"":1,""journey_id"":""0e81a91bb035a1d8574d"",""score_numerator"":2},{""cost"":1,""journey_id"":""0f6f3f1543bf2cbdef39"",""score_numerator"":2},{""cost"":1,""journey_id"":""0fb76adb26b891655d35"",""score_numerator"":2},{""cost"":1,""journey_id"":""1030f322f49cb4df195e"",""score_numerator"":2},{""cost"":1,""journey_id"":""11cdd991dd1a84bf2f9e"",""score_numerator"":2},{""cost"":1,""journey_id"":""134c82b1ad48dc8e9554"",""score_numerator"":2},{""cost"":1,""journey_id"":""177a7a4a9dfef32701b4"",""score_numerator"":2},{""cost"":1,""journey_id"":""18bd0a9267e0956d784b"",""score_numerator"":2},{""cost"":1,""journey_id"":""18cbadb02cfa61e0139d"",""score_numerator"":2},{""cost"":1,""journey_id"":""1af6fd2bd6937f00f605"",""score_numerator"":2}]","[{""cost"":1,""journey_id"":""00b30b64cd73de674651"",""score_numerator"":4},{""cost"":1,""journey_id"":""0e81a91bb035a1d8574d"",""score_numerator"":4},{""cost"":1,""journey_id"":""0f6f3f1543bf2cbdef39"",""score_numerator"":4},{""cost"":1,""journey_id"":""0fb76adb26b891655d35"",""score_numerator"":4},{""cost"":1,""journey_id"":""11cdd991dd1a84bf2f9e"",""score_numerator"":4},{""cost"":1,""journey_id"":""134c82b1ad48dc8e9554"",""score_numerator"":4},{""cost"":1,""journey_id"":""1af6fd2bd6937f00f605"",""score_numerator"":4},{""cost"":1,""journey_id"":""002ee67351572c9abe93"",""score_numerator"":3},{""cost"":1,""journey_id"":""02b417eb9717198b2829"",""score_numerator"":3},{""cost"":1,""journey_id"":""0bd6f8987cbcbc5763d8"",""score_numerator"":3},{""cost"":1,""journey_id"":""0d830fff356828b351e8"",""score_numerator"":3},{""cost"":1,""journey_id"":""0e573b09afcf87ca0400"",""score_numerator"":3},{""cost"":1,""journey_id"":""1030f322f49cb4df195e"",""score_numerator"":3},{""cost"":1,""journey_id"":""177a7a4a9dfef32701b4"",""score_numerator"":3},{""cost"":1,""journey_id"":""18bd0a9267e0956d784b"",""score_numerator"":3},{""cost"":1,""journey_id"":""18cbadb02cfa61e0139d"",""score_numerator"":3}]",16,7,"[""002ee67351572c9abe93""]","[""00b30b64cd73de674651"",""002ee67351572c9abe93""]","[{""budget"":0,""judgments"":0,""plan_id"":""0e81a91bb035a1d8574d"",""recorded_events"":[],""remaining_ids"":[""c0"",""c1"",""c2""],""remaining_witnesses"":16,""status"":""satisfiable"",""stop"":""judgment_budget_limit""},{""budget"":1,""judgments"":1,""plan_id"":""0e81a91bb035a1d8574d"",""recorded_events"":[""no_distinguishing_witness_in_completed_pool""],""remaining_ids"":[""c0""],""remaining_witnesses"":0,""status"":""satisfiable"",""stop"":""one_class_no_witness""},{""budget"":2,""judgments"":1,""plan_id"":""0e81a91bb035a1d8574d"",""recorded_events"":[""no_distinguishing_witness_in_completed_pool""],""remaining_ids"":[""c0""],""remaining_witnesses"":0,""status"":""satisfiable"",""stop"":""one_class_no_witness""},{""budget"":4,""judgments"":1,""plan_id"":""0e81a91bb035a1d8574d"",""recorded_events"":[""no_distinguishing_witness_in_completed_pool""],""remaining_ids"":[""c0""],""remaining_witnesses"":0,""status"":""satisfiable"",""stop"":""one_class_no_witness""}]","[{""budget"":0,""judgments"":0,""plan_id"":""0e81a91bb035a1d8574d"",""recorded_events"":[],""remaining_ids"":[""c0"",""c1"",""c2""],""remaining_witnesses"":16,""status"":""satisfiable"",""stop"":""judgment_budget_limit""},{""budget"":1,""judgments"":1,""plan_id"":""0e81a91bb035a1d8574d"",""recorded_events"":[],""remaining_ids"":[""c0"",""c2""],""remaining_witnesses"":9,""status"":""satisfiable"",""stop"":""judgment_budget_limit""},{""budget"":2,""judgments"":2,""plan_id"":""0e81a91bb035a1d8574d"",""recorded_events"":[""no_distinguishing_witness_in_completed_pool""],""remaining_ids"":[""c0""],""remaining_witnesses"":0,""status"":""satisfiable"",""stop"":""one_class_no_witness""},{""budget"":4,""judgments"":2,""plan_id"":""0e81a91bb035a1d8574d"",""recorded_events"":[""no_distinguishing_witness_in_completed_pool""],""remaining_ids"":[""c0""],""remaining_witnesses"":0,""status"":""satisfiable"",""stop"":""one_class_no_witness""}]",different_first
pilot-01,4,4,0,1,2,"{""00"":63,""10"":1}","[{""I"":1,""ids"":[""c0"",""c1""],""weight"":2}]","{""01"":1}","[{""cost"":1,""journey_id"":""4f068e23d6f9f80811f2"",""score_numerator"":1}]","[{""cost"":1,""journey_id"":""4f068e23d6f9f80811f2"",""score_numerator"":2}]",1,1,"[""4f068e23d6f9f80811f2""]","[""4f068e23d6f9f80811f2""]","[{""budget"":0,""judgments"":0,""plan_id"":""4f068e23d6f9f80811f2"",""recorded_events"":[],""remaining_ids"":[""c0"",""c1""],""remaining_witnesses"":1,""status"":""satisfiable"",""stop"":""judgment_budget_limit""},{""budget"":1,""judgments"":1,""plan_id"":""4f068e23d6f9f80811f2"",""recorded_events"":[""no_distinguishing_witness_in_completed_pool""],""remaining_ids"":[""c0""],""remaining_witnesses"":0,""status"":""satisfiable"",""stop"":""one_class_no_witness""},{""budget"":2,""judgments"":1,""plan_id"":""4f068e23d6f9f80811f2"",""recorded_events"":[""no_distinguishing_witness_in_completed_pool""],""remaining_ids"":[""c0""],""remaining_witnesses"":0,""status"":""satisfiable"",""stop"":""one_class_no_witness""},{""budget"":4,""judgments"":1,""plan_id"":""4f068e23d6f9f80811f2"",""recorded_events"":[""no_distinguishing_witness_in_completed_pool""],""remaining_ids"":[""c0""],""remaining_witnesses"":0,""status"":""satisfiable"",""stop"":""one_class_no_witness""}]","[{""budget"":0,""judgments"":0,""plan_id"":""4f068e23d6f9f80811f2"",""recorded_events"":[],""remaining_ids"":[""c0"",""c1""],""remaining_witnesses"":1,""status"":""satisfiable"",""stop"":""judgment_budget_limit""},{""budget"":1,""judgments"":1,""plan_id"":""4f068e23d6f9f80811f2"",""recorded_events"":[""no_distinguishing_witness_in_completed_pool""],""remaining_ids"":[""c0""],""remaining_witnesses"":0,""status"":""satisfiable"",""stop"":""one_class_no_witness""},{""budget"":2,""judgments"":1,""plan_id"":""4f068e23d6f9f80811f2"",""recorded_events"":[""no_distinguishing_witness_in_completed_pool""],""remaining_ids"":[""c0""],""remaining_witnesses"":0,""status"":""satisfiable"",""stop"":""one_class_no_witness""},{""budget"":4,""judgments"":1,""plan_id"":""4f068e23d6f9f80811f2"",""recorded_events"":[""no_distinguishing_witness_in_completed_pool""],""remaining_ids"":[""c0""],""remaining_witnesses"":0,""status"":""satisfiable"",""stop"":""one_class_no_witness""}]",two_classes
pilot-02,4,4,0,0,1,"{""0"":64}",[],{},[],[],0,0,[],[],"[{""budget"":0,""judgments"":0,""plan_id"":null,""recorded_events"":[""no_distinguishing_witness_in_completed_pool""],""remaining_ids"":[""c0""],""remaining_witnesses"":0,""status"":""infeasible_in_pool"",""stop"":""one_class_no_witness""},{""budget"":1,""judgments"":0,""plan_id"":null,""recorded_events"":[""no_distinguishing_witness_in_completed_pool""],""remaining_ids"":[""c0""],""remaining_witnesses"":0,""status"":""infeasible_in_pool"",""stop"":""one_class_no_witness""},{""budget"":2,""judgments"":0,""plan_id"":null,""recorded_events"":[""no_distinguishing_witness_in_completed_pool""],""remaining_ids"":[""c0""],""remaining_witnesses"":0,""status"":""infeasible_in_pool"",""stop"":""one_class_no_witness""},{""budget"":4,""judgments"":0,""plan_id"":null,""recorded_events"":[""no_distinguishing_witness_in_completed_pool""],""remaining_ids"":[""c0""],""remaining_witnesses"":0,""status"":""infeasible_in_pool"",""stop"":""one_class_no_witness""}]","[{""budget"":0,""judgments"":0,""plan_id"":null,""recorded_events"":[""no_distinguishing_witness_in_completed_pool""],""remaining_ids"":[""c0""],""remaining_witnesses"":0,""status"":""infeasible_in_pool"",""stop"":""one_class_no_witness""},{""budget"":1,""judgments"":0,""plan_id"":null,""recorded_events"":[""no_distinguishing_witness_in_completed_pool""],""remaining_ids"":[""c0""],""remaining_witnesses"":0,""status"":""infeasible_in_pool"",""stop"":""one_class_no_witness""},{""budget"":2,""judgments"":0,""plan_id"":null,""recorded_events"":[""no_distinguishing_witness_in_completed_pool""],""remaining_ids"":[""c0""],""remaining_witnesses"":0,""status"":""infeasible_in_pool"",""stop"":""one_class_no_witness""},{""budget"":4,""judgments"":0,""plan_id"":null,""recorded_events"":[""no_distinguishing_witness_in_completed_pool""],""remaining_ids"":[""c0""],""remaining_witnesses"":0,""status"":""infeasible_in_pool"",""stop"":""one_class_no_witness""}]",one_class
pilot-03,4,4,0,2,1,"{""0"":63,""1"":1}",[],{},[],[],0,0,[],[],"[{""budget"":0,""judgments"":0,""plan_id"":""0ac46ca40ee069f89ea9"",""recorded_events"":[""no_distinguishing_witness_in_completed_pool""],""remaining_ids"":[""c0""],""remaining_witnesses"":0,""status"":""satisfiable"",""stop"":""one_class_no_witness""},{""budget"":1,""judgments"":0,""plan_id"":""0ac46ca40ee069f89ea9"",""recorded_events"":[""no_distinguishing_witness_in_completed_pool""],""remaining_ids"":[""c0""],""remaining_witnesses"":0,""status"":""satisfiable"",""stop"":""one_class_no_witness""},{""budget"":2,""judgments"":0,""plan_id"":""0ac46ca40ee069f89ea9"",""recorded_events"":[""no_distinguishing_witness_in_completed_pool""],""remaining_ids"":[""c0""],""remaining_witnesses"":0,""status"":""satisfiable"",""stop"":""one_class_no_witness""},{""budget"":4,""judgments"":0,""plan_id"":""0ac46ca40ee069f89ea9"",""recorded_events"":[""no_distinguishing_witness_in_completed_pool""],""remaining_ids"":[""c0""],""remaining_witnesses"":0,""status"":""satisfiable"",""stop"":""one_class_no_witness""}]","[{""budget"":0,""judgments"":0,""plan_id"":""0ac46ca40ee069f89ea9"",""recorded_events"":[""no_distinguishing_witness_in_completed_pool""],""remaining_ids"":[""c0""],""remaining_witnesses"":0,""status"":""satisfiable"",""stop"":""one_class_no_witness""},{""budget"":1,""judgments"":0,""plan_id"":""0ac46ca40ee069f89ea9"",""recorded_events"":[""no_distinguishing_witness_in_completed_pool""],""remaining_ids"":[""c0""],""remaining_witnesses"":0,""status"":""satisfiable"",""stop"":""one_class_no_witness""},{""budget"":2,""judgments"":0,""plan_id"":""0ac46ca40ee069f89ea9"",""recorded_events"":[""no_distinguishing_witness_in_completed_pool""],""remaining_ids"":[""c0""],""remaining_witnesses"":0,""status"":""satisfiable"",""stop"":""one_class_no_witness""},{""budget"":4,""judgments"":0,""plan_id"":""0ac46ca40ee069f89ea9"",""recorded_events"":[""no_distinguishing_witness_in_completed_pool""],""remaining_ids"":[""c0""],""remaining_witnesses"":0,""status"":""satisfiable"",""stop"":""one_class_no_witness""}]",one_class
pilot-04,4,4,0,1,2,"{""00"":199,""10"":57}","[{""I"":1,""ids"":[""c0"",""c3""],""weight"":2}]","{""01"":57}","[{""cost"":1,""journey_id"":""05d66e26d29815d08eac"",""score_numerator"":1},{""cost"":1,""journey_id"":""068df18de8769ee911e9"",""score_numerator"":1},{""cost"":1,""journey_id"":""07b2b29f25bc194aa11d"",""score_numerator"":1},{""cost"":1,""journey_id"":""0a40bdb199aa90044f6a"",""score_numerator"":1},{""cost"":1,""journey_id"":""0db95259c4ab4fc8a96b"",""score_numerator"":1},{""cost"":1,""journey_id"":""1091059ae8f74ae0ba2a"",""score_numerator"":1},{""cost"":1,""journey_id"":""114d29538a65fa90dcbe"",""score_numerator"":1},{""cost"":1,""journey_id"":""117737cb692d38c799f7"",""score_numerator"":1},{""cost"":1,""journey_id"":""129a125f3b8480f3304a"",""score_numerator"":1},{""cost"":1,""journey_id"":""13e7e043d3cbb52a30d4"",""score_numerator"":1},{""cost"":1,""journey_id"":""14b30c57ddfade4018e9"",""score_numerator"":1},{""cost"":1,""journey_id"":""178fc01ed05b5677a7f2"",""score_numerator"":1},{""cost"":1,""journey_id"":""1796b7ecaad58e4cf8c9"",""score_numerator"":1},{""cost"":1,""journey_id"":""1929e3cdc7c6405885da"",""score_numerator"":1},{""cost"":1,""journey_id"":""19b7909a5520974ccdf0"",""score_numerator"":1},{""cost"":1,""journey_id"":""1a14762f1f5f41707078"",""score_numerator"":1},{""cost"":1,""journey_id"":""1c56928ca4cd2ea00e14"",""score_numerator"":1},{""cost"":1,""journey_id"":""23c55d5356de90fcea8e"",""score_numerator"":1},{""cost"":1,""journey_id"":""26011e6b123bde2b4bf6"",""score_numerator"":1},{""cost"":1,""journey_id"":""2a28d3f283b2c7bf3357"",""score_numerator"":1},{""cost"":1,""journey_id"":""2abee3244836013079c9"",""score_numerator"":1},{""cost"":1,""journey_id"":""2cd71451495e2516ff2a"",""score_numerator"":1},{""cost"":1,""journey_id"":""2d7110128b1f567b9f1d"",""score_numerator"":1},{""cost"":1,""journey_id"":""2e0db716d98634692128"",""score_numerator"":1},{""cost"":1,""journey_id"":""2fd081e3a00206ad3755"",""score_numerator"":1},{""cost"":1,""journey_id"":""311ad699e5ccb678ba94"",""score_numerator"":1},{""cost"":1,""journey_id"":""315602f6b9abdecf5ef4"",""score_numerator"":1},{""cost"":1,""journey_id"":""31689937930e3ef273d0"",""score_numerator"":1},{""cost"":1,""journey_id"":""32753b2040dc805c18b3"",""score_numerator"":1},{""cost"":1,""journey_id"":""34e666aa126dd6b0c589"",""score_numerator"":1},{""cost"":1,""journey_id"":""362bc2e68c7fdac3bf36"",""score_numerator"":1},{""cost"":1,""journey_id"":""39116d66cb3538694f45"",""score_numerator"":1},{""cost"":1,""journey_id"":""392982ddae86639cf00a"",""score_numerator"":1},{""cost"":1,""journey_id"":""3b7c60e5e199e811547f"",""score_numerator"":1},{""cost"":1,""journey_id"":""3cb814a1bbaeba012a20"",""score_numerator"":1},{""cost"":1,""journey_id"":""3d0a8c1f457eacf9fa7e"",""score_numerator"":1},{""cost"":1,""journey_id"":""3dcb96f00cd8139581bc"",""score_numerator"":1},{""cost"":1,""journey_id"":""3dcc651c9f0275902e35"",""score_numerator"":1},{""cost"":1,""journey_id"":""3f82193917830d998000"",""score_numerator"":1},{""cost"":1,""journey_id"":""427001bc148d69768cf6"",""score_numerator"":1},{""cost"":1,""journey_id"":""42d7274ccfeb2f0c5784"",""score_numerator"":1},{""cost"":1,""journey_id"":""43588c41c1e8ea8a1ab9"",""score_numerator"":1},{""cost"":1,""journey_id"":""43ec61857cc4eace55b0"",""score_numerator"":1},{""cost"":1,""journey_id"":""44325a1d6f986fbdec4c"",""score_numerator"":1},{""cost"":1,""journey_id"":""44d0ce6d0a7d5ca271bf"",""score_numerator"":1},{""cost"":1,""journey_id"":""477829422a9f9e8dbb2c"",""score_numerator"":1},{""cost"":1,""journey_id"":""4936f37c02f8b8af05f6"",""score_numerator"":1},{""cost"":1,""journey_id"":""4a2dc012a846d259c65d"",""score_numerator"":1},{""cost"":1,""journey_id"":""4adb20ed9fe1b14c1e60"",""score_numerator"":1},{""cost"":1,""journey_id"":""4caa821a7a9dabd2b2bb"",""score_numerator"":1},{""cost"":1,""journey_id"":""4d2116372da29d2fd954"",""score_numerator"":1},{""cost"":1,""journey_id"":""4d4b91d77f0d3a9ccc9c"",""score_numerator"":1},{""cost"":1,""journey_id"":""4d71445b92bdbf82852d"",""score_numerator"":1},{""cost"":1,""journey_id"":""5032177c6ae418d882bf"",""score_numerator"":1},{""cost"":1,""journey_id"":""505df9db7aa9e73a125b"",""score_numerator"":1},{""cost"":1,""journey_id"":""52a13ea0d7fc8213dd79"",""score_numerator"":1},{""cost"":1,""journey_id"":""5325d259965712a6989a"",""score_numerator"":1}]","[{""cost"":1,""journey_id"":""05d66e26d29815d08eac"",""score_numerator"":2},{""cost"":1,""journey_id"":""068df18de8769ee911e9"",""score_numerator"":2},{""cost"":1,""journey_id"":""07b2b29f25bc194aa11d"",""score_numerator"":2},{""cost"":1,""journey_id"":""0a40bdb199aa90044f6a"",""score_numerator"":2},{""cost"":1,""journey_id"":""0db95259c4ab4fc8a96b"",""score_numerator"":2},{""cost"":1,""journey_id"":""1091059ae8f74ae0ba2a"",""score_numerator"":2},{""cost"":1,""journey_id"":""114d29538a65fa90dcbe"",""score_numerator"":2},{""cost"":1,""journey_id"":""117737cb692d38c799f7"",""score_numerator"":2},{""cost"":1,""journey_id"":""129a125f3b8480f3304a"",""score_numerator"":2},{""cost"":1,""journey_id"":""13e7e043d3cbb52a30d4"",""score_numerator"":2},{""cost"":1,""journey_id"":""14b30c57ddfade4018e9"",""score_numerator"":2},{""cost"":1,""journey_id"":""178fc01ed05b5677a7f2"",""score_numerator"":2},{""cost"":1,""journey_id"":""1796b7ecaad58e4cf8c9"",""score_numerator"":2},{""cost"":1,""journey_id"":""1929e3cdc7c6405885da"",""score_numerator"":2},{""cost"":1,""journey_id"":""19b7909a5520974ccdf0"",""score_numerator"":2},{""cost"":1,""journey_id"":""1a14762f1f5f41707078"",""score_numerator"":2},{""cost"":1,""journey_id"":""1c56928ca4cd2ea00e14"",""score_numerator"":2},{""cost"":1,""journey_id"":""23c55d5356de90fcea8e"",""score_numerator"":2},{""cost"":1,""journey_id"":""26011e6b123bde2b4bf6"",""score_numerator"":2},{""cost"":1,""journey_id"":""2a28d3f283b2c7bf3357"",""score_numerator"":2},{""cost"":1,""journey_id"":""2abee3244836013079c9"",""score_numerator"":2},{""cost"":1,""journey_id"":""2cd71451495e2516ff2a"",""score_numerator"":2},{""cost"":1,""journey_id"":""2d7110128b1f567b9f1d"",""score_numerator"":2},{""cost"":1,""journey_id"":""2e0db716d98634692128"",""score_numerator"":2},{""cost"":1,""journey_id"":""2fd081e3a00206ad3755"",""score_numerator"":2},{""cost"":1,""journey_id"":""311ad699e5ccb678ba94"",""score_numerator"":2},{""cost"":1,""journey_id"":""315602f6b9abdecf5ef4"",""score_numerator"":2},{""cost"":1,""journey_id"":""31689937930e3ef273d0"",""score_numerator"":2},{""cost"":1,""journey_id"":""32753b2040dc805c18b3"",""score_numerator"":2},{""cost"":1,""journey_id"":""34e666aa126dd6b0c589"",""score_numerator"":2},{""cost"":1,""journey_id"":""362bc2e68c7fdac3bf36"",""score_numerator"":2},{""cost"":1,""journey_id"":""39116d66cb3538694f45"",""score_numerator"":2},{""cost"":1,""journey_id"":""392982ddae86639cf00a"",""score_numerator"":2},{""cost"":1,""journey_id"":""3b7c60e5e199e811547f"",""score_numerator"":2},{""cost"":1,""journey_id"":""3cb814a1bbaeba012a20"",""score_numerator"":2},{""cost"":1,""journey_id"":""3d0a8c1f457eacf9fa7e"",""score_numerator"":2},{""cost"":1,""journey_id"":""3dcb96f00cd8139581bc"",""score_numerator"":2},{""cost"":1,""journey_id"":""3dcc651c9f0275902e35"",""score_numerator"":2},{""cost"":1,""journey_id"":""3f82193917830d998000"",""score_numerator"":2},{""cost"":1,""journey_id"":""427001bc148d69768cf6"",""score_numerator"":2},{""cost"":1,""journey_id"":""42d7274ccfeb2f0c5784"",""score_numerator"":2},{""cost"":1,""journey_id"":""43588c41c1e8ea8a1ab9"",""score_numerator"":2},{""cost"":1,""journey_id"":""43ec61857cc4eace55b0"",""score_numerator"":2},{""cost"":1,""journey_id"":""44325a1d6f986fbdec4c"",""score_numerator"":2},{""cost"":1,""journey_id"":""44d0ce6d0a7d5ca271bf"",""score_numerator"":2},{""cost"":1,""journey_id"":""477829422a9f9e8dbb2c"",""score_numerator"":2},{""cost"":1,""journey_id"":""4936f37c02f8b8af05f6"",""score_numerator"":2},{""cost"":1,""journey_id"":""4a2dc012a846d259c65d"",""score_numerator"":2},{""cost"":1,""journey_id"":""4adb20ed9fe1b14c1e60"",""score_numerator"":2},{""cost"":1,""journey_id"":""4caa821a7a9dabd2b2bb"",""score_numerator"":2},{""cost"":1,""journey_id"":""4d2116372da29d2fd954"",""score_numerator"":2},{""cost"":1,""journey_id"":""4d4b91d77f0d3a9ccc9c"",""score_numerator"":2},{""cost"":1,""journey_id"":""4d71445b92bdbf82852d"",""score_numerator"":2},{""cost"":1,""journey_id"":""5032177c6ae418d882bf"",""score_numerator"":2},{""cost"":1,""journey_id"":""505df9db7aa9e73a125b"",""score_numerator"":2},{""cost"":1,""journey_id"":""52a13ea0d7fc8213dd79"",""score_numerator"":2},{""cost"":1,""journey_id"":""5325d259965712a6989a"",""score_numerator"":2}]",57,57,"[""05d66e26d29815d08eac""]","[""05d66e26d29815d08eac""]","[{""budget"":0,""judgments"":0,""plan_id"":""44325a1d6f986fbdec4c"",""recorded_events"":[],""remaining_ids"":[""c0"",""c3""],""remaining_witnesses"":57,""status"":""satisfiable"",""stop"":""judgment_budget_limit""},{""budget"":1,""judgments"":1,""plan_id"":""44325a1d6f986fbdec4c"",""recorded_events"":[""no_distinguishing_witness_in_completed_pool""],""remaining_ids"":[""c0""],""remaining_witnesses"":0,""status"":""satisfiable"",""stop"":""one_class_no_witness""},{""budget"":2,""judgments"":1,""plan_id"":""44325a1d6f986fbdec4c"",""recorded_events"":[""no_distinguishing_witness_in_completed_pool""],""remaining_ids"":[""c0""],""remaining_witnesses"":0,""status"":""satisfiable"",""stop"":""one_class_no_witness""},{""budget"":4,""judgments"":1,""plan_id"":""44325a1d6f986fbdec4c"",""recorded_events"":[""no_distinguishing_witness_in_completed_pool""],""remaining_ids"":[""c0""],""remaining_witnesses"":0,""status"":""satisfiable"",""stop"":""one_class_no_witness""}]","[{""budget"":0,""judgments"":0,""plan_id"":""44325a1d6f986fbdec4c"",""recorded_events"":[],""remaining_ids"":[""c0"",""c3""],""remaining_witnesses"":57,""status"":""satisfiable"",""stop"":""judgment_budget_limit""},{""budget"":1,""judgments"":1,""plan_id"":""44325a1d6f986fbdec4c"",""recorded_events"":[""no_distinguishing_witness_in_completed_pool""],""remaining_ids"":[""c0""],""remaining_witnesses"":0,""status"":""satisfiable"",""stop"":""one_class_no_witness""},{""budget"":2,""judgments"":1,""plan_id"":""44325a1d6f986fbdec4c"",""recorded_events"":[""no_distinguishing_witness_in_completed_pool""],""remaining_ids"":[""c0""],""remaining_witnesses"":0,""status"":""satisfiable"",""stop"":""one_class_no_witness""},{""budget"":4,""judgments"":1,""plan_id"":""44325a1d6f986fbdec4c"",""recorded_events"":[""no_distinguishing_witness_in_completed_pool""],""remaining_ids"":[""c0""],""remaining_witnesses"":0,""status"":""satisfiable"",""stop"":""one_class_no_witness""}]",two_classes
pilot-05,4,0,0,0,0,"{"""":64}",[],{},[],[],0,0,[],[],"[{""budget"":0,""judgments"":0,""plan_id"":null,""recorded_events"":[],""remaining_ids"":[],""remaining_witnesses"":0,""status"":""unsupported"",""stop"":""no_parsed_candidate""},{""budget"":1,""judgments"":0,""plan_id"":null,""recorded_events"":[],""remaining_ids"":[],""remaining_witnesses"":0,""status"":""unsupported"",""stop"":""no_parsed_candidate""},{""budget"":2,""judgments"":0,""plan_id"":null,""recorded_events"":[],""remaining_ids"":[],""remaining_witnesses"":0,""status"":""unsupported"",""stop"":""no_parsed_candidate""},{""budget"":4,""judgments"":0,""plan_id"":null,""recorded_events"":[],""remaining_ids"":[],""remaining_witnesses"":0,""status"":""unsupported"",""stop"":""no_parsed_candidate""}]","[{""budget"":0,""judgments"":0,""plan_id"":null,""recorded_events"":[],""remaining_ids"":[],""remaining_witnesses"":0,""status"":""unsupported"",""stop"":""no_parsed_candidate""},{""budget"":1,""judgments"":0,""plan_id"":null,""recorded_events"":[],""remaining_ids"":[],""remaining_witnesses"":0,""status"":""unsupported"",""stop"":""no_parsed_candidate""},{""budget"":2,""judgments"":0,""plan_id"":null,""recorded_events"":[],""remaining_ids"":[],""remaining_witnesses"":0,""status"":""unsupported"",""stop"":""no_parsed_candidate""},{""budget"":4,""judgments"":0,""plan_id"":null,""recorded_events"":[],""remaining_ids"":[],""remaining_witnesses"":0,""status"":""unsupported"",""stop"":""no_parsed_candidate""}]",no_parsed_candidate
pilot-06,4,4,0,0,3,"{""001"":24,""101"":5,""110"":35}","[{""I"":0,""ids"":[""c0"",""c2""],""weight"":1},{""I"":2,""ids"":[""c0"",""c3""],""weight"":3},{""I"":2,""ids"":[""c2"",""c3""],""weight"":3}]","{""001"":59,""010"":5}","[{""cost"":1,""journey_id"":""01d5cd87319e366359a7"",""score_numerator"":2},{""cost"":1,""journey_id"":""023a99b475ae21d6b5b2"",""score_numerator"":2},{""cost"":1,""journey_id"":""02b51b92b8364f8e478f"",""score_numerator"":2},{""cost"":1,""journey_id"":""034bfc7072475590b61d"",""score_numerator"":2},{""cost"":1,""journey_id"":""035841d580f57c5a03a8"",""score_numerator"":2},{""cost"":1,""journey_id"":""03d66fa7678380506490"",""score_numerator"":2},{""cost"":1,""journey_id"":""03f95248deca6c6db55a"",""score_numerator"":2},{""cost"":1,""journey_id"":""03f955ca0124deb01bdb"",""score_numerator"":2},{""cost"":1,""journey_id"":""0403adbd582b0f095ee2"",""score_numerator"":2},{""cost"":1,""journey_id"":""0466e64c29c7b114cae5"",""score_numerator"":2},{""cost"":1,""journey_id"":""04d5448ced4b8eb5d31c"",""score_numerator"":2},{""cost"":1,""journey_id"":""054d70d585a350623836"",""score_numerator"":2},{""cost"":1,""journey_id"":""058b8b27bdd04c43fba9"",""score_numerator"":2},{""cost"":1,""journey_id"":""05c93fef887590808228"",""score_numerator"":2},{""cost"":1,""journey_id"":""05f1618c21b0a4439a63"",""score_numerator"":2},{""cost"":1,""journey_id"":""065192755afa2eff9d52"",""score_numerator"":2},{""cost"":1,""journey_id"":""06a8981f38212ea1c2e1"",""score_numerator"":2},{""cost"":1,""journey_id"":""06b39f0ef97918ec8c53"",""score_numerator"":2},{""cost"":1,""journey_id"":""06b5d39e855ca24bde86"",""score_numerator"":2},{""cost"":1,""journey_id"":""07651d77a7797305496a"",""score_numerator"":2},{""cost"":1,""journey_id"":""07971ea5c37ac7c91203"",""score_numerator"":2},{""cost"":1,""journey_id"":""079b87d94ceaffdfef17"",""score_numerator"":2},{""cost"":1,""journey_id"":""079db43f16febdadda73"",""score_numerator"":2},{""cost"":1,""journey_id"":""08313640511ea5f0fc65"",""score_numerator"":2},{""cost"":1,""journey_id"":""083dfd6bcfb5bd26db24"",""score_numerator"":2},{""cost"":1,""journey_id"":""0843bafa5a984285a9e6"",""score_numerator"":2},{""cost"":1,""journey_id"":""08db19d619b3618e52fc"",""score_numerator"":2},{""cost"":1,""journey_id"":""090ed87aa60840a98d1d"",""score_numerator"":2},{""cost"":1,""journey_id"":""0910cc2ea45c9b5c1cb4"",""score_numerator"":2},{""cost"":1,""journey_id"":""098f48901b77d8a34caa"",""score_numerator"":2},{""cost"":1,""journey_id"":""09b875bae3dc8e09ff81"",""score_numerator"":2},{""cost"":1,""journey_id"":""0aa8b2b544ad691d787a"",""score_numerator"":2},{""cost"":1,""journey_id"":""0ab8255c182cc4bc83df"",""score_numerator"":2},{""cost"":1,""journey_id"":""0b5aaca0ce779f9aabac"",""score_numerator"":2},{""cost"":1,""journey_id"":""0b6e7389f4daf7db8453"",""score_numerator"":2},{""cost"":1,""journey_id"":""0b9ba4cd2e2679d61fe2"",""score_numerator"":2},{""cost"":1,""journey_id"":""0c2cd9e3c534c5104a9a"",""score_numerator"":2},{""cost"":1,""journey_id"":""0c6acc2ac5a8f73c2ba4"",""score_numerator"":2},{""cost"":1,""journey_id"":""0d267b790150c7cfcad5"",""score_numerator"":2},{""cost"":1,""journey_id"":""0d2ae89fd05ca779a01b"",""score_numerator"":2},{""cost"":1,""journey_id"":""0d7657e81c4bdf767d31"",""score_numerator"":2},{""cost"":1,""journey_id"":""0e244d235146b10452eb"",""score_numerator"":2},{""cost"":1,""journey_id"":""0f0dc7da19897c009ae3"",""score_numerator"":2},{""cost"":1,""journey_id"":""0f25c09dafc31c5a35fe"",""score_numerator"":2},{""cost"":1,""journey_id"":""0f9f9c1edccdac8f4c34"",""score_numerator"":2},{""cost"":1,""journey_id"":""0fdfed0768d01f38a872"",""score_numerator"":2},{""cost"":1,""journey_id"":""0ff2cdac79d6426c1ed7"",""score_numerator"":2},{""cost"":1,""journey_id"":""10047fc37c0a29c21f6c"",""score_numerator"":2},{""cost"":1,""journey_id"":""100844ef86fa0a4d98f9"",""score_numerator"":2},{""cost"":1,""journey_id"":""109d1cff5f45dd94ba8b"",""score_numerator"":2},{""cost"":1,""journey_id"":""10c069271d6514dae63a"",""score_numerator"":2},{""cost"":1,""journey_id"":""10cf5cd4254ded8f552d"",""score_numerator"":2},{""cost"":1,""journey_id"":""10d648a20a06a2d8b6fd"",""score_numerator"":2},{""cost"":1,""journey_id"":""10e6ab8a2dad91ee0a8c"",""score_numerator"":2},{""cost"":1,""journey_id"":""1106e82104252aad61e4"",""score_numerator"":2},{""cost"":1,""journey_id"":""117173e06d470ace3fac"",""score_numerator"":2},{""cost"":1,""journey_id"":""11a2d6305bf8f7731b05"",""score_numerator"":2},{""cost"":1,""journey_id"":""11db0df806008ec22eed"",""score_numerator"":2},{""cost"":1,""journey_id"":""125fab742d8a7864d076"",""score_numerator"":2},{""cost"":1,""journey_id"":""13231449320de557b626"",""score_numerator"":2},{""cost"":1,""journey_id"":""133c8f414ec84a6724c8"",""score_numerator"":2},{""cost"":1,""journey_id"":""134749613c401d67bc6a"",""score_numerator"":2},{""cost"":1,""journey_id"":""1407f3ab881cdb56b356"",""score_numerator"":2},{""cost"":1,""journey_id"":""149ac01bbbde83968a2d"",""score_numerator"":2}]","[{""cost"":1,""journey_id"":""01d5cd87319e366359a7"",""score_numerator"":6},{""cost"":1,""journey_id"":""023a99b475ae21d6b5b2"",""score_numerator"":6},{""cost"":1,""journey_id"":""02b51b92b8364f8e478f"",""score_numerator"":6},{""cost"":1,""journey_id"":""034bfc7072475590b61d"",""score_numerator"":6},{""cost"":1,""journey_id"":""035841d580f57c5a03a8"",""score_numerator"":6},{""cost"":1,""journey_id"":""03d66fa7678380506490"",""score_numerator"":6},{""cost"":1,""journey_id"":""03f95248deca6c6db55a"",""score_numerator"":6},{""cost"":1,""journey_id"":""03f955ca0124deb01bdb"",""score_numerator"":6},{""cost"":1,""journey_id"":""0403adbd582b0f095ee2"",""score_numerator"":6},{""cost"":1,""journey_id"":""0466e64c29c7b114cae5"",""score_numerator"":6},{""cost"":1,""journey_id"":""04d5448ced4b8eb5d31c"",""score_numerator"":6},{""cost"":1,""journey_id"":""054d70d585a350623836"",""score_numerator"":6},{""cost"":1,""journey_id"":""058b8b27bdd04c43fba9"",""score_numerator"":6},{""cost"":1,""journey_id"":""05c93fef887590808228"",""score_numerator"":6},{""cost"":1,""journey_id"":""05f1618c21b0a4439a63"",""score_numerator"":6},{""cost"":1,""journey_id"":""065192755afa2eff9d52"",""score_numerator"":6},{""cost"":1,""journey_id"":""06a8981f38212ea1c2e1"",""score_numerator"":6},{""cost"":1,""journey_id"":""06b39f0ef97918ec8c53"",""score_numerator"":6},{""cost"":1,""journey_id"":""07651d77a7797305496a"",""score_numerator"":6},{""cost"":1,""journey_id"":""07971ea5c37ac7c91203"",""score_numerator"":6},{""cost"":1,""journey_id"":""079b87d94ceaffdfef17"",""score_numerator"":6},{""cost"":1,""journey_id"":""08313640511ea5f0fc65"",""score_numerator"":6},{""cost"":1,""journey_id"":""08db19d619b3618e52fc"",""score_numerator"":6},{""cost"":1,""journey_id"":""090ed87aa60840a98d1d"",""score_numerator"":6},{""cost"":1,""journey_id"":""0910cc2ea45c9b5c1cb4"",""score_numerator"":6},{""cost"":1,""journey_id"":""098f48901b77d8a34caa"",""score_numerator"":6},{""cost"":1,""journey_id"":""09b875bae3dc8e09ff81"",""score_numerator"":6},{""cost"":1,""journey_id"":""0aa8b2b544ad691d787a"",""score_numerator"":6},{""cost"":1,""journey_id"":""0ab8255c182cc4bc83df"",""score_numerator"":6},{""cost"":1,""journey_id"":""0b5aaca0ce779f9aabac"",""score_numerator"":6},{""cost"":1,""journey_id"":""0b6e7389f4daf7db8453"",""score_numerator"":6},{""cost"":1,""journey_id"":""0b9ba4cd2e2679d61fe2"",""score_numerator"":6},{""cost"":1,""journey_id"":""0c2cd9e3c534c5104a9a"",""score_numerator"":6},{""cost"":1,""journey_id"":""0c6acc2ac5a8f73c2ba4"",""score_numerator"":6},{""cost"":1,""journey_id"":""0d267b790150c7cfcad5"",""score_numerator"":6},{""cost"":1,""journey_id"":""0d2ae89fd05ca779a01b"",""score_numerator"":6},{""cost"":1,""journey_id"":""0d7657e81c4bdf767d31"",""score_numerator"":6},{""cost"":1,""journey_id"":""0e244d235146b10452eb"",""score_numerator"":6},{""cost"":1,""journey_id"":""0f0dc7da19897c009ae3"",""score_numerator"":6},{""cost"":1,""journey_id"":""0f25c09dafc31c5a35fe"",""score_numerator"":6},{""cost"":1,""journey_id"":""0f9f9c1edccdac8f4c34"",""score_numerator"":6},{""cost"":1,""journey_id"":""0fdfed0768d01f38a872"",""score_numerator"":6},{""cost"":1,""journey_id"":""0ff2cdac79d6426c1ed7"",""score_numerator"":6},{""cost"":1,""journey_id"":""10047fc37c0a29c21f6c"",""score_numerator"":6},{""cost"":1,""journey_id"":""100844ef86fa0a4d98f9"",""score_numerator"":6},{""cost"":1,""journey_id"":""109d1cff5f45dd94ba8b"",""score_numerator"":6},{""cost"":1,""journey_id"":""10c069271d6514dae63a"",""score_numerator"":6},{""cost"":1,""journey_id"":""10cf5cd4254ded8f552d"",""score_numerator"":6},{""cost"":1,""journey_id"":""10d648a20a06a2d8b6fd"",""score_numerator"":6},{""cost"":1,""journey_id"":""10e6ab8a2dad91ee0a8c"",""score_numerator"":6},{""cost"":1,""journey_id"":""1106e82104252aad61e4"",""score_numerator"":6},{""cost"":1,""journey_id"":""117173e06d470ace3fac"",""score_numerator"":6},{""cost"":1,""journey_id"":""11a2d6305bf8f7731b05"",""score_numerator"":6},{""cost"":1,""journey_id"":""11db0df806008ec22eed"",""score_numerator"":6},{""cost"":1,""journey_id"":""125fab742d8a7864d076"",""score_numerator"":6},{""cost"":1,""journey_id"":""13231449320de557b626"",""score_numerator"":6},{""cost"":1,""journey_id"":""133c8f414ec84a6724c8"",""score_numerator"":6},{""cost"":1,""journey_id"":""134749613c401d67bc6a"",""score_numerator"":6},{""cost"":1,""journey_id"":""149ac01bbbde83968a2d"",""score_numerator"":6},{""cost"":1,""journey_id"":""06b5d39e855ca24bde86"",""score_numerator"":4},{""cost"":1,""journey_id"":""079db43f16febdadda73"",""score_numerator"":4},{""cost"":1,""journey_id"":""083dfd6bcfb5bd26db24"",""score_numerator"":4},{""cost"":1,""journey_id"":""0843bafa5a984285a9e6"",""score_numerator"":4},{""cost"":1,""journey_id"":""1407f3ab881cdb56b356"",""score_numerator"":4}]",64,59,"[""01d5cd87319e366359a7"",""06b5d39e855ca24bde86""]","[""01d5cd87319e366359a7"",""06b5d39e855ca24bde86""]","[{""budget"":0,""judgments"":0,""plan_id"":""06a8981f38212ea1c2e1"",""recorded_events"":[],""remaining_ids"":[""c0"",""c2"",""c3""],""remaining_witnesses"":64,""status"":""satisfiable"",""stop"":""judgment_budget_limit""},{""budget"":1,""judgments"":1,""plan_id"":""06a8981f38212ea1c2e1"",""recorded_events"":[],""remaining_ids"":[""c0"",""c2""],""remaining_witnesses"":5,""status"":""satisfiable"",""stop"":""judgment_budget_limit""},{""budget"":2,""judgments"":2,""plan_id"":""06a8981f38212ea1c2e1"",""recorded_events"":[""no_distinguishing_witness_in_completed_pool""],""remaining_ids"":[""c2""],""remaining_witnesses"":0,""status"":""satisfiable"",""stop"":""one_class_no_witness""},{""budget"":4,""judgments"":2,""plan_id"":""06a8981f38212ea1c2e1"",""recorded_events"":[""no_distinguishing_witness_in_completed_pool""],""remaining_ids"":[""c2""],""remaining_witnesses"":0,""status"":""satisfiable"",""stop"":""one_class_no_witness""}]","[{""budget"":0,""judgments"":0,""plan_id"":""06a8981f38212ea1c2e1"",""recorded_events"":[],""remaining_ids"":[""c0"",""c2"",""c3""],""remaining_witnesses"":64,""status"":""satisfiable"",""stop"":""judgment_budget_limit""},{""budget"":1,""judgments"":1,""plan_id"":""06a8981f38212ea1c2e1"",""recorded_events"":[],""remaining_ids"":[""c0"",""c2""],""remaining_witnesses"":5,""status"":""satisfiable"",""stop"":""judgment_budget_limit""},{""budget"":2,""judgments"":2,""plan_id"":""06a8981f38212ea1c2e1"",""recorded_events"":[""no_distinguishing_witness_in_completed_pool""],""remaining_ids"":[""c2""],""remaining_witnesses"":0,""status"":""satisfiable"",""stop"":""one_class_no_witness""},{""budget"":4,""judgments"":2,""plan_id"":""06a8981f38212ea1c2e1"",""recorded_events"":[""no_distinguishing_witness_in_completed_pool""],""remaining_ids"":[""c2""],""remaining_witnesses"":0,""status"":""satisfiable"",""stop"":""one_class_no_witness""}]",variable_weights_same_first
pilot-07,4,2,1,1,1,"{""1"":64}",[],{},[],[],0,0,[],[],"[{""budget"":0,""judgments"":0,""plan_id"":""19e9794bfbc0e5b01e46"",""recorded_events"":[""no_distinguishing_witness_in_completed_pool""],""remaining_ids"":[""c0""],""remaining_witnesses"":0,""status"":""satisfiable"",""stop"":""one_class_no_witness""},{""budget"":1,""judgments"":0,""plan_id"":""19e9794bfbc0e5b01e46"",""recorded_events"":[""no_distinguishing_witness_in_completed_pool""],""remaining_ids"":[""c0""],""remaining_witnesses"":0,""status"":""satisfiable"",""stop"":""one_class_no_witness""},{""budget"":2,""judgments"":0,""plan_id"":""19e9794bfbc0e5b01e46"",""recorded_events"":[""no_distinguishing_witness_in_completed_pool""],""remaining_ids"":[""c0""],""remaining_witnesses"":0,""status"":""satisfiable"",""stop"":""one_class_no_witness""},{""budget"":4,""judgments"":0,""plan_id"":""19e9794bfbc0e5b01e46"",""recorded_events"":[""no_distinguishing_witness_in_completed_pool""],""remaining_ids"":[""c0""],""remaining_witnesses"":0,""status"":""satisfiable"",""stop"":""one_class_no_witness""}]","[{""budget"":0,""judgments"":0,""plan_id"":""19e9794bfbc0e5b01e46"",""recorded_events"":[""no_distinguishing_witness_in_completed_pool""],""remaining_ids"":[""c0""],""remaining_witnesses"":0,""status"":""satisfiable"",""stop"":""one_class_no_witness""},{""budget"":1,""judgments"":0,""plan_id"":""19e9794bfbc0e5b01e46"",""recorded_events"":[""no_distinguishing_witness_in_completed_pool""],""remaining_ids"":[""c0""],""remaining_witnesses"":0,""status"":""satisfiable"",""stop"":""one_class_no_witness""},{""budget"":2,""judgments"":0,""plan_id"":""19e9794bfbc0e5b01e46"",""recorded_events"":[""no_distinguishing_witness_in_completed_pool""],""remaining_ids"":[""c0""],""remaining_witnesses"":0,""status"":""satisfiable"",""stop"":""one_class_no_witness""},{""budget"":4,""judgments"":0,""plan_id"":""19e9794bfbc0e5b01e46"",""recorded_events"":[""no_distinguishing_witness_in_completed_pool""],""remaining_ids"":[""c0""],""remaining_witnesses"":0,""status"":""satisfiable"",""stop"":""one_class_no_witness""}]",one_class
pilot-08,4,4,0,0,2,"{""00"":45,""10"":3,""11"":16}","[{""I"":0,""ids"":[""c0"",""c2""],""weight"":1}]","{""01"":3}","[{""cost"":1,""journey_id"":""0ff2f593b0f54de686df"",""score_numerator"":1},{""cost"":1,""journey_id"":""1377458b66211a43d837"",""score_numerator"":1},{""cost"":1,""journey_id"":""1bcbde6fd641d3ef6ad7"",""score_numerator"":1}]","[{""cost"":1,""journey_id"":""0ff2f593b0f54de686df"",""score_numerator"":1},{""cost"":1,""journey_id"":""1377458b66211a43d837"",""score_numerator"":1},{""cost"":1,""journey_id"":""1bcbde6fd641d3ef6ad7"",""score_numerator"":1}]",3,3,"[""0ff2f593b0f54de686df""]","[""0ff2f593b0f54de686df""]","[{""budget"":0,""judgments"":0,""plan_id"":""1bd242b68e4b940009a7"",""recorded_events"":[],""remaining_ids"":[""c0"",""c2""],""remaining_witnesses"":3,""status"":""satisfiable"",""stop"":""judgment_budget_limit""},{""budget"":1,""judgments"":1,""plan_id"":""1bd242b68e4b940009a7"",""recorded_events"":[""no_distinguishing_witness_in_completed_pool""],""remaining_ids"":[""c2""],""remaining_witnesses"":0,""status"":""satisfiable"",""stop"":""one_class_no_witness""},{""budget"":2,""judgments"":1,""plan_id"":""1bd242b68e4b940009a7"",""recorded_events"":[""no_distinguishing_witness_in_completed_pool""],""remaining_ids"":[""c2""],""remaining_witnesses"":0,""status"":""satisfiable"",""stop"":""one_class_no_witness""},{""budget"":4,""judgments"":1,""plan_id"":""1bd242b68e4b940009a7"",""recorded_events"":[""no_distinguishing_witness_in_completed_pool""],""remaining_ids"":[""c2""],""remaining_witnesses"":0,""status"":""satisfiable"",""stop"":""one_class_no_witness""}]","[{""budget"":0,""judgments"":0,""plan_id"":""1bd242b68e4b940009a7"",""recorded_events"":[],""remaining_ids"":[""c0"",""c2""],""remaining_witnesses"":3,""status"":""satisfiable"",""stop"":""judgment_budget_limit""},{""budget"":1,""judgments"":1,""plan_id"":""1bd242b68e4b940009a7"",""recorded_events"":[""no_distinguishing_witness_in_completed_pool""],""remaining_ids"":[""c2""],""remaining_witnesses"":0,""status"":""satisfiable"",""stop"":""one_class_no_witness""},{""budget"":2,""judgments"":1,""plan_id"":""1bd242b68e4b940009a7"",""recorded_events"":[""no_distinguishing_witness_in_completed_pool""],""remaining_ids"":[""c2""],""remaining_witnesses"":0,""status"":""satisfiable"",""stop"":""one_class_no_witness""},{""budget"":4,""judgments"":1,""plan_id"":""1bd242b68e4b940009a7"",""recorded_events"":[""no_distinguishing_witness_in_completed_pool""],""remaining_ids"":[""c2""],""remaining_witnesses"":0,""status"":""satisfiable"",""stop"":""one_class_no_witness""}]",two_classes
pilot-09,4,3,0,2,1,"{""0"":256}",[],{},[],[],0,0,[],[],"[{""budget"":0,""judgments"":0,""plan_id"":null,""recorded_events"":[""no_distinguishing_witness_in_completed_pool""],""remaining_ids"":[""c0""],""remaining_witnesses"":0,""status"":""infeasible_in_pool"",""stop"":""one_class_no_witness""},{""budget"":1,""judgments"":0,""plan_id"":null,""recorded_events"":[""no_distinguishing_witness_in_completed_pool""],""remaining_ids"":[""c0""],""remaining_witnesses"":0,""status"":""infeasible_in_pool"",""stop"":""one_class_no_witness""},{""budget"":2,""judgments"":0,""plan_id"":null,""recorded_events"":[""no_distinguishing_witness_in_completed_pool""],""remaining_ids"":[""c0""],""remaining_witnesses"":0,""status"":""infeasible_in_pool"",""stop"":""one_class_no_witness""},{""budget"":4,""judgments"":0,""plan_id"":null,""recorded_events"":[""no_distinguishing_witness_in_completed_pool""],""remaining_ids"":[""c0""],""remaining_witnesses"":0,""status"":""infeasible_in_pool"",""stop"":""one_class_no_witness""}]","[{""budget"":0,""judgments"":0,""plan_id"":null,""recorded_events"":[""no_distinguishing_witness_in_completed_pool""],""remaining_ids"":[""c0""],""remaining_witnesses"":0,""status"":""infeasible_in_pool"",""stop"":""one_class_no_witness""},{""budget"":1,""judgments"":0,""plan_id"":null,""recorded_events"":[""no_distinguishing_witness_in_completed_pool""],""remaining_ids"":[""c0""],""remaining_witnesses"":0,""status"":""infeasible_in_pool"",""stop"":""one_class_no_witness""},{""budget"":2,""judgments"":0,""plan_id"":null,""recorded_events"":[""no_distinguishing_witness_in_completed_pool""],""remaining_ids"":[""c0""],""remaining_witnesses"":0,""status"":""infeasible_in_pool"",""stop"":""one_class_no_witness""},{""budget"":4,""judgments"":0,""plan_id"":null,""recorded_events"":[""no_distinguishing_witness_in_completed_pool""],""remaining_ids"":[""c0""],""remaining_witnesses"":0,""status"":""infeasible_in_pool"",""stop"":""one_class_no_witness""}]",one_class
pilot-10,4,4,2,3,1,"{""0"":64}",[],{},[],[],0,0,[],[],"[{""budget"":0,""judgments"":0,""plan_id"":null,""recorded_events"":[""no_distinguishing_witness_in_completed_pool""],""remaining_ids"":[""c0""],""remaining_witnesses"":0,""status"":""infeasible_in_pool"",""stop"":""one_class_no_witness""},{""budget"":1,""judgments"":0,""plan_id"":null,""recorded_events"":[""no_distinguishing_witness_in_completed_pool""],""remaining_ids"":[""c0""],""remaining_witnesses"":0,""status"":""infeasible_in_pool"",""stop"":""one_class_no_witness""},{""budget"":2,""judgments"":0,""plan_id"":null,""recorded_events"":[""no_distinguishing_witness_in_completed_pool""],""remaining_ids"":[""c0""],""remaining_witnesses"":0,""status"":""infeasible_in_pool"",""stop"":""one_class_no_witness""},{""budget"":4,""judgments"":0,""plan_id"":null,""recorded_events"":[""no_distinguishing_witness_in_completed_pool""],""remaining_ids"":[""c0""],""remaining_witnesses"":0,""status"":""infeasible_in_pool"",""stop"":""one_class_no_witness""}]","[{""budget"":0,""judgments"":0,""plan_id"":null,""recorded_events"":[""no_distinguishing_witness_in_completed_pool""],""remaining_ids"":[""c0""],""remaining_witnesses"":0,""status"":""infeasible_in_pool"",""stop"":""one_class_no_witness""},{""budget"":1,""judgments"":0,""plan_id"":null,""recorded_events"":[""no_distinguishing_witness_in_completed_pool""],""remaining_ids"":[""c0""],""remaining_witnesses"":0,""status"":""infeasible_in_pool"",""stop"":""one_class_no_witness""},{""budget"":2,""judgments"":0,""plan_id"":null,""recorded_events"":[""no_distinguishing_witness_in_completed_pool""],""remaining_ids"":[""c0""],""remaining_witnesses"":0,""status"":""infeasible_in_pool"",""stop"":""one_class_no_witness""},{""budget"":4,""judgments"":0,""plan_id"":null,""recorded_events"":[""no_distinguishing_witness_in_completed_pool""],""remaining_ids"":[""c0""],""remaining_witnesses"":0,""status"":""infeasible_in_pool"",""stop"":""one_class_no_witness""}]",one_class
pilot-11,4,4,0,3,1,"{""1"":64}",[],{},[],[],0,0,[],[],"[{""budget"":0,""judgments"":0,""plan_id"":""1483b040dc8ba4f200f8"",""recorded_events"":[""no_distinguishing_witness_in_completed_pool""],""remaining_ids"":[""c0""],""remaining_witnesses"":0,""status"":""satisfiable"",""stop"":""one_class_no_witness""},{""budget"":1,""judgments"":0,""plan_id"":""1483b040dc8ba4f200f8"",""recorded_events"":[""no_distinguishing_witness_in_completed_pool""],""remaining_ids"":[""c0""],""remaining_witnesses"":0,""status"":""satisfiable"",""stop"":""one_class_no_witness""},{""budget"":2,""judgments"":0,""plan_id"":""1483b040dc8ba4f200f8"",""recorded_events"":[""no_distinguishing_witness_in_completed_pool""],""remaining_ids"":[""c0""],""remaining_witnesses"":0,""status"":""satisfiable"",""stop"":""one_class_no_witness""},{""budget"":4,""judgments"":0,""plan_id"":""1483b040dc8ba4f200f8"",""recorded_events"":[""no_distinguishing_witness_in_completed_pool""],""remaining_ids"":[""c0""],""remaining_witnesses"":0,""status"":""satisfiable"",""stop"":""one_class_no_witness""}]","[{""budget"":0,""judgments"":0,""plan_id"":""1483b040dc8ba4f200f8"",""recorded_events"":[""no_distinguishing_witness_in_completed_pool""],""remaining_ids"":[""c0""],""remaining_witnesses"":0,""status"":""satisfiable"",""stop"":""one_class_no_witness""},{""budget"":1,""judgments"":0,""plan_id"":""1483b040dc8ba4f200f8"",""recorded_events"":[""no_distinguishing_witness_in_completed_pool""],""remaining_ids"":[""c0""],""remaining_witnesses"":0,""status"":""satisfiable"",""stop"":""one_class_no_witness""},{""budget"":2,""judgments"":0,""plan_id"":""1483b040dc8ba4f200f8"",""recorded_events"":[""no_distinguishing_witness_in_completed_pool""],""remaining_ids"":[""c0""],""remaining_witnesses"":0,""status"":""satisfiable"",""stop"":""one_class_no_witness""},{""budget"":4,""judgments"":0,""plan_id"":""1483b040dc8ba4f200f8"",""recorded_events"":[""no_distinguishing_witness_in_completed_pool""],""remaining_ids"":[""c0""],""remaining_witnesses"":0,""status"":""satisfiable"",""stop"":""one_class_no_witness""}]",one_class
pilot-12,4,2,0,0,2,"{""01"":64}","[{""I"":1,""ids"":[""c0"",""c1""],""weight"":2}]","{""01"":64}","[{""cost"":1,""journey_id"":""00569e99bfadb44b56e3"",""score_numerator"":1},{""cost"":1,""journey_id"":""00590e0526b4bb3e7bbf"",""score_numerator"":1},{""cost"":1,""journey_id"":""00b840453c51915ed659"",""score_numerator"":1},{""cost"":1,""journey_id"":""00ca3753ded0a8a2ee11"",""score_numerator"":1},{""cost"":1,""journey_id"":""00d4bef230a692f268c7"",""score_numerator"":1},{""cost"":1,""journey_id"":""00eec22a69112848098a"",""score_numerator"":1},{""cost"":1,""journey_id"":""014485541617dccd9eba"",""score_numerator"":1},{""cost"":1,""journey_id"":""0144c0d15d0273718c45"",""score_numerator"":1},{""cost"":1,""journey_id"":""01c1bf1c667416f1dbf7"",""score_numerator"":1},{""cost"":1,""journey_id"":""01d8945a3f5d1208c445"",""score_numerator"":1},{""cost"":1,""journey_id"":""022570514ec25410fde4"",""score_numerator"":1},{""cost"":1,""journey_id"":""02ae741a9a04e4801a58"",""score_numerator"":1},{""cost"":1,""journey_id"":""02e205b1b5d34bbe1dec"",""score_numerator"":1},{""cost"":1,""journey_id"":""034b401929d8019fbe6c"",""score_numerator"":1},{""cost"":1,""journey_id"":""03603475c7dfdb0e27a6"",""score_numerator"":1},{""cost"":1,""journey_id"":""0363fa4475630610b076"",""score_numerator"":1},{""cost"":1,""journey_id"":""0377147fbc7cd7e28213"",""score_numerator"":1},{""cost"":1,""journey_id"":""037e9a28945d0e721e83"",""score_numerator"":1},{""cost"":1,""journey_id"":""03ad8a93b1d33ddb0382"",""score_numerator"":1},{""cost"":1,""journey_id"":""040d35fcde50784be9ab"",""score_numerator"":1},{""cost"":1,""journey_id"":""0444c09099d3ebec9b35"",""score_numerator"":1},{""cost"":1,""journey_id"":""047ac12dd252ff4b72fc"",""score_numerator"":1},{""cost"":1,""journey_id"":""04c54b0d75a7fefbd60b"",""score_numerator"":1},{""cost"":1,""journey_id"":""052207cb76835a83a8e8"",""score_numerator"":1},{""cost"":1,""journey_id"":""052b0e9fe978a9faa1a5"",""score_numerator"":1},{""cost"":1,""journey_id"":""05671035832d321d8ea6"",""score_numerator"":1},{""cost"":1,""journey_id"":""058fdc86db8097637588"",""score_numerator"":1},{""cost"":1,""journey_id"":""05a5340492c798d44bd3"",""score_numerator"":1},{""cost"":1,""journey_id"":""05fb23c72d9feefeb391"",""score_numerator"":1},{""cost"":1,""journey_id"":""062b6cecab3f5f0033ed"",""score_numerator"":1},{""cost"":1,""journey_id"":""062e9572f02cd893d4f0"",""score_numerator"":1},{""cost"":1,""journey_id"":""0664434935e4d05012f5"",""score_numerator"":1},{""cost"":1,""journey_id"":""070aa5c27f58af088c90"",""score_numerator"":1},{""cost"":1,""journey_id"":""071622abdc3532fc0b1e"",""score_numerator"":1},{""cost"":1,""journey_id"":""0779d3a05fd35541844d"",""score_numerator"":1},{""cost"":1,""journey_id"":""079b40cbbf19434df988"",""score_numerator"":1},{""cost"":1,""journey_id"":""07a22aa2181f31547d65"",""score_numerator"":1},{""cost"":1,""journey_id"":""07bb9fb34ed737b30d3d"",""score_numerator"":1},{""cost"":1,""journey_id"":""07ec1928d89a729cc928"",""score_numerator"":1},{""cost"":1,""journey_id"":""07fd6df43300360d6aa1"",""score_numerator"":1},{""cost"":1,""journey_id"":""0883f3caf593a8aa445e"",""score_numerator"":1},{""cost"":1,""journey_id"":""08c41af9b23c2743cbfc"",""score_numerator"":1},{""cost"":1,""journey_id"":""08cb239b9935dacce388"",""score_numerator"":1},{""cost"":1,""journey_id"":""08df28337fc24dcac0ed"",""score_numerator"":1},{""cost"":1,""journey_id"":""0905388ce1762587bba1"",""score_numerator"":1},{""cost"":1,""journey_id"":""0971d215045cb4f32071"",""score_numerator"":1},{""cost"":1,""journey_id"":""09b8ff540a75c3e4e78a"",""score_numerator"":1},{""cost"":1,""journey_id"":""09cfa6daed03d065008f"",""score_numerator"":1},{""cost"":1,""journey_id"":""09e4e317cd2816b560da"",""score_numerator"":1},{""cost"":1,""journey_id"":""0a3463384413aee323e1"",""score_numerator"":1},{""cost"":1,""journey_id"":""0ae22ac17068cab9de5d"",""score_numerator"":1},{""cost"":1,""journey_id"":""0b961e79882c06785e50"",""score_numerator"":1},{""cost"":1,""journey_id"":""0b994bfc49fd4eb7bcdc"",""score_numerator"":1},{""cost"":1,""journey_id"":""0c5dd194ac5f5192c695"",""score_numerator"":1},{""cost"":1,""journey_id"":""0c5e10df500f81e47593"",""score_numerator"":1},{""cost"":1,""journey_id"":""0c91946530ee35616f56"",""score_numerator"":1},{""cost"":1,""journey_id"":""0cd4a7812e43550ccffb"",""score_numerator"":1},{""cost"":1,""journey_id"":""0d2ff2f9d321dd6c32d2"",""score_numerator"":1},{""cost"":1,""journey_id"":""0d495943d4ea845a7cff"",""score_numerator"":1},{""cost"":1,""journey_id"":""0d99fd60470d95829daf"",""score_numerator"":1},{""cost"":1,""journey_id"":""0e63dd0edd6b39a8ac71"",""score_numerator"":1},{""cost"":1,""journey_id"":""0e6558ea21b7ca73c6a6"",""score_numerator"":1},{""cost"":1,""journey_id"":""0ebf22b127ec92fe17f6"",""score_numerator"":1},{""cost"":1,""journey_id"":""0ef4d1851cacaddd1879"",""score_numerator"":1}]","[{""cost"":1,""journey_id"":""00569e99bfadb44b56e3"",""score_numerator"":2},{""cost"":1,""journey_id"":""00590e0526b4bb3e7bbf"",""score_numerator"":2},{""cost"":1,""journey_id"":""00b840453c51915ed659"",""score_numerator"":2},{""cost"":1,""journey_id"":""00ca3753ded0a8a2ee11"",""score_numerator"":2},{""cost"":1,""journey_id"":""00d4bef230a692f268c7"",""score_numerator"":2},{""cost"":1,""journey_id"":""00eec22a69112848098a"",""score_numerator"":2},{""cost"":1,""journey_id"":""014485541617dccd9eba"",""score_numerator"":2},{""cost"":1,""journey_id"":""0144c0d15d0273718c45"",""score_numerator"":2},{""cost"":1,""journey_id"":""01c1bf1c667416f1dbf7"",""score_numerator"":2},{""cost"":1,""journey_id"":""01d8945a3f5d1208c445"",""score_numerator"":2},{""cost"":1,""journey_id"":""022570514ec25410fde4"",""score_numerator"":2},{""cost"":1,""journey_id"":""02ae741a9a04e4801a58"",""score_numerator"":2},{""cost"":1,""journey_id"":""02e205b1b5d34bbe1dec"",""score_numerator"":2},{""cost"":1,""journey_id"":""034b401929d8019fbe6c"",""score_numerator"":2},{""cost"":1,""journey_id"":""03603475c7dfdb0e27a6"",""score_numerator"":2},{""cost"":1,""journey_id"":""0363fa4475630610b076"",""score_numerator"":2},{""cost"":1,""journey_id"":""0377147fbc7cd7e28213"",""score_numerator"":2},{""cost"":1,""journey_id"":""037e9a28945d0e721e83"",""score_numerator"":2},{""cost"":1,""journey_id"":""03ad8a93b1d33ddb0382"",""score_numerator"":2},{""cost"":1,""journey_id"":""040d35fcde50784be9ab"",""score_numerator"":2},{""cost"":1,""journey_id"":""0444c09099d3ebec9b35"",""score_numerator"":2},{""cost"":1,""journey_id"":""047ac12dd252ff4b72fc"",""score_numerator"":2},{""cost"":1,""journey_id"":""04c54b0d75a7fefbd60b"",""score_numerator"":2},{""cost"":1,""journey_id"":""052207cb76835a83a8e8"",""score_numerator"":2},{""cost"":1,""journey_id"":""052b0e9fe978a9faa1a5"",""score_numerator"":2},{""cost"":1,""journey_id"":""05671035832d321d8ea6"",""score_numerator"":2},{""cost"":1,""journey_id"":""058fdc86db8097637588"",""score_numerator"":2},{""cost"":1,""journey_id"":""05a5340492c798d44bd3"",""score_numerator"":2},{""cost"":1,""journey_id"":""05fb23c72d9feefeb391"",""score_numerator"":2},{""cost"":1,""journey_id"":""062b6cecab3f5f0033ed"",""score_numerator"":2},{""cost"":1,""journey_id"":""062e9572f02cd893d4f0"",""score_numerator"":2},{""cost"":1,""journey_id"":""0664434935e4d05012f5"",""score_numerator"":2},{""cost"":1,""journey_id"":""070aa5c27f58af088c90"",""score_numerator"":2},{""cost"":1,""journey_id"":""071622abdc3532fc0b1e"",""score_numerator"":2},{""cost"":1,""journey_id"":""0779d3a05fd35541844d"",""score_numerator"":2},{""cost"":1,""journey_id"":""079b40cbbf19434df988"",""score_numerator"":2},{""cost"":1,""journey_id"":""07a22aa2181f31547d65"",""score_numerator"":2},{""cost"":1,""journey_id"":""07bb9fb34ed737b30d3d"",""score_numerator"":2},{""cost"":1,""journey_id"":""07ec1928d89a729cc928"",""score_numerator"":2},{""cost"":1,""journey_id"":""07fd6df43300360d6aa1"",""score_numerator"":2},{""cost"":1,""journey_id"":""0883f3caf593a8aa445e"",""score_numerator"":2},{""cost"":1,""journey_id"":""08c41af9b23c2743cbfc"",""score_numerator"":2},{""cost"":1,""journey_id"":""08cb239b9935dacce388"",""score_numerator"":2},{""cost"":1,""journey_id"":""08df28337fc24dcac0ed"",""score_numerator"":2},{""cost"":1,""journey_id"":""0905388ce1762587bba1"",""score_numerator"":2},{""cost"":1,""journey_id"":""0971d215045cb4f32071"",""score_numerator"":2},{""cost"":1,""journey_id"":""09b8ff540a75c3e4e78a"",""score_numerator"":2},{""cost"":1,""journey_id"":""09cfa6daed03d065008f"",""score_numerator"":2},{""cost"":1,""journey_id"":""09e4e317cd2816b560da"",""score_numerator"":2},{""cost"":1,""journey_id"":""0a3463384413aee323e1"",""score_numerator"":2},{""cost"":1,""journey_id"":""0ae22ac17068cab9de5d"",""score_numerator"":2},{""cost"":1,""journey_id"":""0b961e79882c06785e50"",""score_numerator"":2},{""cost"":1,""journey_id"":""0b994bfc49fd4eb7bcdc"",""score_numerator"":2},{""cost"":1,""journey_id"":""0c5dd194ac5f5192c695"",""score_numerator"":2},{""cost"":1,""journey_id"":""0c5e10df500f81e47593"",""score_numerator"":2},{""cost"":1,""journey_id"":""0c91946530ee35616f56"",""score_numerator"":2},{""cost"":1,""journey_id"":""0cd4a7812e43550ccffb"",""score_numerator"":2},{""cost"":1,""journey_id"":""0d2ff2f9d321dd6c32d2"",""score_numerator"":2},{""cost"":1,""journey_id"":""0d495943d4ea845a7cff"",""score_numerator"":2},{""cost"":1,""journey_id"":""0d99fd60470d95829daf"",""score_numerator"":2},{""cost"":1,""journey_id"":""0e63dd0edd6b39a8ac71"",""score_numerator"":2},{""cost"":1,""journey_id"":""0e6558ea21b7ca73c6a6"",""score_numerator"":2},{""cost"":1,""journey_id"":""0ebf22b127ec92fe17f6"",""score_numerator"":2},{""cost"":1,""journey_id"":""0ef4d1851cacaddd1879"",""score_numerator"":2}]",64,64,"[""00569e99bfadb44b56e3""]","[""00569e99bfadb44b56e3""]","[{""budget"":0,""judgments"":0,""plan_id"":null,""recorded_events"":[],""remaining_ids"":[""c0"",""c1""],""remaining_witnesses"":64,""status"":""infeasible_in_pool"",""stop"":""judgment_budget_limit""},{""budget"":1,""judgments"":1,""plan_id"":""071622abdc3532fc0b1e"",""recorded_events"":[""no_distinguishing_witness_in_completed_pool""],""remaining_ids"":[""c1""],""remaining_witnesses"":0,""status"":""satisfiable"",""stop"":""one_class_no_witness""},{""budget"":2,""judgments"":1,""plan_id"":""071622abdc3532fc0b1e"",""recorded_events"":[""no_distinguishing_witness_in_completed_pool""],""remaining_ids"":[""c1""],""remaining_witnesses"":0,""status"":""satisfiable"",""stop"":""one_class_no_witness""},{""budget"":4,""judgments"":1,""plan_id"":""071622abdc3532fc0b1e"",""recorded_events"":[""no_distinguishing_witness_in_completed_pool""],""remaining_ids"":[""c1""],""remaining_witnesses"":0,""status"":""satisfiable"",""stop"":""one_class_no_witness""}]","[{""budget"":0,""judgments"":0,""plan_id"":null,""recorded_events"":[],""remaining_ids"":[""c0"",""c1""],""remaining_witnesses"":64,""status"":""infeasible_in_pool"",""stop"":""judgment_budget_limit""},{""budget"":1,""judgments"":1,""plan_id"":""071622abdc3532fc0b1e"",""recorded_events"":[""no_distinguishing_witness_in_completed_pool""],""remaining_ids"":[""c1""],""remaining_witnesses"":0,""status"":""satisfiable"",""stop"":""one_class_no_witness""},{""budget"":2,""judgments"":1,""plan_id"":""071622abdc3532fc0b1e"",""recorded_events"":[""no_distinguishing_witness_in_completed_pool""],""remaining_ids"":[""c1""],""remaining_witnesses"":0,""status"":""satisfiable"",""stop"":""one_class_no_witness""},{""budget"":4,""judgments"":1,""plan_id"":""071622abdc3532fc0b1e"",""recorded_events"":[""no_distinguishing_witness_in_completed_pool""],""remaining_ids"":[""c1""],""remaining_witnesses"":0,""status"":""satisfiable"",""stop"":""one_class_no_witness""}]",two_classes
pilot-13,4,4,0,0,2,"{""00"":61,""10"":1,""11"":2}","[{""I"":0,""ids"":[""c0"",""c2""],""weight"":1}]","{""01"":1}","[{""cost"":1,""journey_id"":""1abad49a2e8391dfd86e"",""score_numerator"":1}]","[{""cost"":1,""journey_id"":""1abad49a2e8391dfd86e"",""score_numerator"":1}]",1,1,"[""1abad49a2e8391dfd86e""]","[""1abad49a2e8391dfd86e""]","[{""budget"":0,""judgments"":0,""plan_id"":""08e2cb13d652b47d6a32"",""recorded_events"":[],""remaining_ids"":[""c0"",""c2""],""remaining_witnesses"":1,""status"":""satisfiable"",""stop"":""judgment_budget_limit""},{""budget"":1,""judgments"":1,""plan_id"":""08e2cb13d652b47d6a32"",""recorded_events"":[""no_distinguishing_witness_in_completed_pool""],""remaining_ids"":[""c0""],""remaining_witnesses"":0,""status"":""satisfiable"",""stop"":""one_class_no_witness""},{""budget"":2,""judgments"":1,""plan_id"":""08e2cb13d652b47d6a32"",""recorded_events"":[""no_distinguishing_witness_in_completed_pool""],""remaining_ids"":[""c0""],""remaining_witnesses"":0,""status"":""satisfiable"",""stop"":""one_class_no_witness""},{""budget"":4,""judgments"":1,""plan_id"":""08e2cb13d652b47d6a32"",""recorded_events"":[""no_distinguishing_witness_in_completed_pool""],""remaining_ids"":[""c0""],""remaining_witnesses"":0,""status"":""satisfiable"",""stop"":""one_class_no_witness""}]","[{""budget"":0,""judgments"":0,""plan_id"":""08e2cb13d652b47d6a32"",""recorded_events"":[],""remaining_ids"":[""c0"",""c2""],""remaining_witnesses"":1,""status"":""satisfiable"",""stop"":""judgment_budget_limit""},{""budget"":1,""judgments"":1,""plan_id"":""08e2cb13d652b47d6a32"",""recorded_events"":[""no_distinguishing_witness_in_completed_pool""],""remaining_ids"":[""c0""],""remaining_witnesses"":0,""status"":""satisfiable"",""stop"":""one_class_no_witness""},{""budget"":2,""judgments"":1,""plan_id"":""08e2cb13d652b47d6a32"",""recorded_events"":[""no_distinguishing_witness_in_completed_pool""],""remaining_ids"":[""c0""],""remaining_witnesses"":0,""status"":""satisfiable"",""stop"":""one_class_no_witness""},{""budget"":4,""judgments"":1,""plan_id"":""08e2cb13d652b47d6a32"",""recorded_events"":[""no_distinguishing_witness_in_completed_pool""],""remaining_ids"":[""c0""],""remaining_witnesses"":0,""status"":""satisfiable"",""stop"":""one_class_no_witness""}]",two_classes
pilot-14,4,4,0,1,3,"{""000"":6,""010"":10,""110"":48}","[{""I"":1,""ids"":[""c0"",""c1""],""weight"":2},{""I"":1,""ids"":[""c0"",""c2""],""weight"":2},{""I"":1,""ids"":[""c1"",""c2""],""weight"":2}]","{""001"":48,""010"":10}","[{""cost"":1,""journey_id"":""00313f83f4fcde9dd706"",""score_numerator"":2},{""cost"":1,""journey_id"":""0036fdf1f899353b2b9c"",""score_numerator"":2},{""cost"":1,""journey_id"":""0129b69161ba536027d2"",""score_numerator"":2},{""cost"":1,""journey_id"":""01587e9d3f71b485de6a"",""score_numerator"":2},{""cost"":1,""journey_id"":""0163f454897f1147322c"",""score_numerator"":2},{""cost"":1,""journey_id"":""01dfe59597927c5b5597"",""score_numerator"":2},{""cost"":1,""journey_id"":""01fe44cb69a625173151"",""score_numerator"":2},{""cost"":1,""journey_id"":""0253353bcd260a48409f"",""score_numerator"":2},{""cost"":1,""journey_id"":""027162032c3ac113ff46"",""score_numerator"":2},{""cost"":1,""journey_id"":""02fc9c810a7fd5d74481"",""score_numerator"":2},{""cost"":1,""journey_id"":""057902272e23cb183332"",""score_numerator"":2},{""cost"":1,""journey_id"":""05b0c50541165ff8b043"",""score_numerator"":2},{""cost"":1,""journey_id"":""061bb2461d52e2b76732"",""score_numerator"":2},{""cost"":1,""journey_id"":""06b6ce5bdb640fc9b291"",""score_numerator"":2},{""cost"":1,""journey_id"":""07458fcf66b46541ab67"",""score_numerator"":2},{""cost"":1,""journey_id"":""0883a09cd5883183dd38"",""score_numerator"":2},{""cost"":1,""journey_id"":""08c62d10090309b72b35"",""score_numerator"":2},{""cost"":1,""journey_id"":""0b5fd36226960b715a9c"",""score_numerator"":2},{""cost"":1,""journey_id"":""0bb308caf615d0a7ddcc"",""score_numerator"":2},{""cost"":1,""journey_id"":""0cf32792a99ead122fe7"",""score_numerator"":2},{""cost"":1,""journey_id"":""0d5924dccb72e3cee63e"",""score_numerator"":2},{""cost"":1,""journey_id"":""0dd63fc6b97ab5ce394b"",""score_numerator"":2},{""cost"":1,""journey_id"":""0de7375dbe8f9989a6ff"",""score_numerator"":2},{""cost"":1,""journey_id"":""0ed5051b89579a859e5b"",""score_numerator"":2},{""cost"":1,""journey_id"":""0f3aab267836c0adb6c1"",""score_numerator"":2},{""cost"":1,""journey_id"":""0fcc6971e7cf17887eca"",""score_numerator"":2},{""cost"":1,""journey_id"":""101b9aad31a864cd34f3"",""score_numerator"":2},{""cost"":1,""journey_id"":""1025c1d661cb82582bda"",""score_numerator"":2},{""cost"":1,""journey_id"":""102f041ea6a7da4adb0a"",""score_numerator"":2},{""cost"":1,""journey_id"":""10a1c2499a440a9ceeb8"",""score_numerator"":2},{""cost"":1,""journey_id"":""127761cc1743fc2dbc5c"",""score_numerator"":2},{""cost"":1,""journey_id"":""12823090919c5cf54b4b"",""score_numerator"":2},{""cost"":1,""journey_id"":""129962c8bf0da285d111"",""score_numerator"":2},{""cost"":1,""journey_id"":""12c5210ca5a7e8977e77"",""score_numerator"":2},{""cost"":1,""journey_id"":""142552457e7db94f1582"",""score_numerator"":2},{""cost"":1,""journey_id"":""148e5e5895c8381e7c8d"",""score_numerator"":2},{""cost"":1,""journey_id"":""148f3b37940c0a5a8bc1"",""score_numerator"":2},{""cost"":1,""journey_id"":""14c48a87c9d0bd815057"",""score_numerator"":2},{""cost"":1,""journey_id"":""1541f4d3b0921fcab66f"",""score_numerator"":2},{""cost"":1,""journey_id"":""158b80914440e037e4bd"",""score_numerator"":2},{""cost"":1,""journey_id"":""16936b91288cd554027b"",""score_numerator"":2},{""cost"":1,""journey_id"":""171aff6e22c014a001e3"",""score_numerator"":2},{""cost"":1,""journey_id"":""17a0f5b0dc57cf63f256"",""score_numerator"":2},{""cost"":1,""journey_id"":""1828c1c915a60717a9b4"",""score_numerator"":2},{""cost"":1,""journey_id"":""19354f1ce23ab8bd0709"",""score_numerator"":2},{""cost"":1,""journey_id"":""1950050c691582b06330"",""score_numerator"":2},{""cost"":1,""journey_id"":""195f80da9c921f29d787"",""score_numerator"":2},{""cost"":1,""journey_id"":""19974b42a9f69f40e534"",""score_numerator"":2},{""cost"":1,""journey_id"":""1aa8db30808f2523b4b3"",""score_numerator"":2},{""cost"":1,""journey_id"":""1b9dde5987578fd8df42"",""score_numerator"":2},{""cost"":1,""journey_id"":""1d01f747dad8bba4f0d2"",""score_numerator"":2},{""cost"":1,""journey_id"":""1d588bbcf8a4bf63ba04"",""score_numerator"":2},{""cost"":1,""journey_id"":""1e40c04e955b5faf6165"",""score_numerator"":2},{""cost"":1,""journey_id"":""200956b8c1587bbe52a4"",""score_numerator"":2},{""cost"":1,""journey_id"":""205e70493c25325fca3a"",""score_numerator"":2},{""cost"":1,""journey_id"":""20bc3562eabfcce8d6c4"",""score_numerator"":2},{""cost"":1,""journey_id"":""216218759953a505e0a6"",""score_numerator"":2},{""cost"":1,""journey_id"":""225c8b023e55bb0cac8d"",""score_numerator"":2}]","[{""cost"":1,""journey_id"":""00313f83f4fcde9dd706"",""score_numerator"":4},{""cost"":1,""journey_id"":""0036fdf1f899353b2b9c"",""score_numerator"":4},{""cost"":1,""journey_id"":""0129b69161ba536027d2"",""score_numerator"":4},{""cost"":1,""journey_id"":""01587e9d3f71b485de6a"",""score_numerator"":4},{""cost"":1,""journey_id"":""0163f454897f1147322c"",""score_numerator"":4},{""cost"":1,""journey_id"":""01dfe59597927c5b5597"",""score_numerator"":4},{""cost"":1,""journey_id"":""01fe44cb69a625173151"",""score_numerator"":4},{""cost"":1,""journey_id"":""0253353bcd260a48409f"",""score_numerator"":4},{""cost"":1,""journey_id"":""027162032c3ac113ff46"",""score_numerator"":4},{""cost"":1,""journey_id"":""02fc9c810a7fd5d74481"",""score_numerator"":4},{""cost"":1,""journey_id"":""057902272e23cb183332"",""score_numerator"":4},{""cost"":1,""journey_id"":""05b0c50541165ff8b043"",""score_numerator"":4},{""cost"":1,""journey_id"":""061bb2461d52e2b76732"",""score_numerator"":4},{""cost"":1,""journey_id"":""06b6ce5bdb640fc9b291"",""score_numerator"":4},{""cost"":1,""journey_id"":""07458fcf66b46541ab67"",""score_numerator"":4},{""cost"":1,""journey_id"":""0883a09cd5883183dd38"",""score_numerator"":4},{""cost"":1,""journey_id"":""08c62d10090309b72b35"",""score_numerator"":4},{""cost"":1,""journey_id"":""0b5fd36226960b715a9c"",""score_numerator"":4},{""cost"":1,""journey_id"":""0bb308caf615d0a7ddcc"",""score_numerator"":4},{""cost"":1,""journey_id"":""0cf32792a99ead122fe7"",""score_numerator"":4},{""cost"":1,""journey_id"":""0d5924dccb72e3cee63e"",""score_numerator"":4},{""cost"":1,""journey_id"":""0dd63fc6b97ab5ce394b"",""score_numerator"":4},{""cost"":1,""journey_id"":""0de7375dbe8f9989a6ff"",""score_numerator"":4},{""cost"":1,""journey_id"":""0ed5051b89579a859e5b"",""score_numerator"":4},{""cost"":1,""journey_id"":""0f3aab267836c0adb6c1"",""score_numerator"":4},{""cost"":1,""journey_id"":""0fcc6971e7cf17887eca"",""score_numerator"":4},{""cost"":1,""journey_id"":""101b9aad31a864cd34f3"",""score_numerator"":4},{""cost"":1,""journey_id"":""1025c1d661cb82582bda"",""score_numerator"":4},{""cost"":1,""journey_id"":""102f041ea6a7da4adb0a"",""score_numerator"":4},{""cost"":1,""journey_id"":""10a1c2499a440a9ceeb8"",""score_numerator"":4},{""cost"":1,""journey_id"":""127761cc1743fc2dbc5c"",""score_numerator"":4},{""cost"":1,""journey_id"":""12823090919c5cf54b4b"",""score_numerator"":4},{""cost"":1,""journey_id"":""129962c8bf0da285d111"",""score_numerator"":4},{""cost"":1,""journey_id"":""12c5210ca5a7e8977e77"",""score_numerator"":4},{""cost"":1,""journey_id"":""142552457e7db94f1582"",""score_numerator"":4},{""cost"":1,""journey_id"":""148e5e5895c8381e7c8d"",""score_numerator"":4},{""cost"":1,""journey_id"":""148f3b37940c0a5a8bc1"",""score_numerator"":4},{""cost"":1,""journey_id"":""14c48a87c9d0bd815057"",""score_numerator"":4},{""cost"":1,""journey_id"":""1541f4d3b0921fcab66f"",""score_numerator"":4},{""cost"":1,""journey_id"":""158b80914440e037e4bd"",""score_numerator"":4},{""cost"":1,""journey_id"":""16936b91288cd554027b"",""score_numerator"":4},{""cost"":1,""journey_id"":""171aff6e22c014a001e3"",""score_numerator"":4},{""cost"":1,""journey_id"":""17a0f5b0dc57cf63f256"",""score_numerator"":4},{""cost"":1,""journey_id"":""1828c1c915a60717a9b4"",""score_numerator"":4},{""cost"":1,""journey_id"":""19354f1ce23ab8bd0709"",""score_numerator"":4},{""cost"":1,""journey_id"":""1950050c691582b06330"",""score_numerator"":4},{""cost"":1,""journey_id"":""195f80da9c921f29d787"",""score_numerator"":4},{""cost"":1,""journey_id"":""19974b42a9f69f40e534"",""score_numerator"":4},{""cost"":1,""journey_id"":""1aa8db30808f2523b4b3"",""score_numerator"":4},{""cost"":1,""journey_id"":""1b9dde5987578fd8df42"",""score_numerator"":4},{""cost"":1,""journey_id"":""1d01f747dad8bba4f0d2"",""score_numerator"":4},{""cost"":1,""journey_id"":""1d588bbcf8a4bf63ba04"",""score_numerator"":4},{""cost"":1,""journey_id"":""1e40c04e955b5faf6165"",""score_numerator"":4},{""cost"":1,""journey_id"":""200956b8c1587bbe52a4"",""score_numerator"":4},{""cost"":1,""journey_id"":""205e70493c25325fca3a"",""score_numerator"":4},{""cost"":1,""journey_id"":""20bc3562eabfcce8d6c4"",""score_numerator"":4},{""cost"":1,""journey_id"":""216218759953a505e0a6"",""score_numerator"":4},{""cost"":1,""journey_id"":""225c8b023e55bb0cac8d"",""score_numerator"":4}]",58,58,"[""00313f83f4fcde9dd706""]","[""00313f83f4fcde9dd706""]","[{""budget"":0,""judgments"":0,""plan_id"":""061bb2461d52e2b76732"",""recorded_events"":[],""remaining_ids"":[""c0"",""c1"",""c2""],""remaining_witnesses"":58,""status"":""satisfiable"",""stop"":""judgment_budget_limit""},{""budget"":1,""judgments"":1,""plan_id"":null,""recorded_events"":[""no_distinguishing_witness_in_completed_pool""],""remaining_ids"":[""c2""],""remaining_witnesses"":0,""status"":""infeasible_in_pool"",""stop"":""one_class_no_witness""},{""budget"":2,""judgments"":1,""plan_id"":null,""recorded_events"":[""no_distinguishing_witness_in_completed_pool""],""remaining_ids"":[""c2""],""remaining_witnesses"":0,""status"":""infeasible_in_pool"",""stop"":""one_class_no_witness""},{""budget"":4,""judgments"":1,""plan_id"":null,""recorded_events"":[""no_distinguishing_witness_in_completed_pool""],""remaining_ids"":[""c2""],""remaining_witnesses"":0,""status"":""infeasible_in_pool"",""stop"":""one_class_no_witness""}]","[{""budget"":0,""judgments"":0,""plan_id"":""061bb2461d52e2b76732"",""recorded_events"":[],""remaining_ids"":[""c0"",""c1"",""c2""],""remaining_witnesses"":58,""status"":""satisfiable"",""stop"":""judgment_budget_limit""},{""budget"":1,""judgments"":1,""plan_id"":null,""recorded_events"":[""no_distinguishing_witness_in_completed_pool""],""remaining_ids"":[""c2""],""remaining_witnesses"":0,""status"":""infeasible_in_pool"",""stop"":""one_class_no_witness""},{""budget"":2,""judgments"":1,""plan_id"":null,""recorded_events"":[""no_distinguishing_witness_in_completed_pool""],""remaining_ids"":[""c2""],""remaining_witnesses"":0,""status"":""infeasible_in_pool"",""stop"":""one_class_no_witness""},{""budget"":4,""judgments"":1,""plan_id"":null,""recorded_events"":[""no_distinguishing_witness_in_completed_pool""],""remaining_ids"":[""c2""],""remaining_witnesses"":0,""status"":""infeasible_in_pool"",""stop"":""one_class_no_witness""}]",uniform_weights_3plus
pilot-15,4,0,0,0,0,"{"""":64}",[],{},[],[],0,0,[],[],"[{""budget"":0,""judgments"":0,""plan_id"":null,""recorded_events"":[],""remaining_ids"":[],""remaining_witnesses"":0,""status"":""unsupported"",""stop"":""no_parsed_candidate""},{""budget"":1,""judgments"":0,""plan_id"":null,""recorded_events"":[],""remaining_ids"":[],""remaining_witnesses"":0,""status"":""unsupported"",""stop"":""no_parsed_candidate""},{""budget"":2,""judgments"":0,""plan_id"":null,""recorded_events"":[],""remaining_ids"":[],""remaining_witnesses"":0,""status"":""unsupported"",""stop"":""no_parsed_candidate""},{""budget"":4,""judgments"":0,""plan_id"":null,""recorded_events"":[],""remaining_ids"":[],""remaining_witnesses"":0,""status"":""unsupported"",""stop"":""no_parsed_candidate""}]","[{""budget"":0,""judgments"":0,""plan_id"":null,""recorded_events"":[],""remaining_ids"":[],""remaining_witnesses"":0,""status"":""unsupported"",""stop"":""no_parsed_candidate""},{""budget"":1,""judgments"":0,""plan_id"":null,""recorded_events"":[],""remaining_ids"":[],""remaining_witnesses"":0,""status"":""unsupported"",""stop"":""no_parsed_candidate""},{""budget"":2,""judgments"":0,""plan_id"":null,""recorded_events"":[],""remaining_ids"":[],""remaining_witnesses"":0,""status"":""unsupported"",""stop"":""no_parsed_candidate""},{""budget"":4,""judgments"":0,""plan_id"":null,""recorded_events"":[],""remaining_ids"":[],""remaining_witnesses"":0,""status"":""unsupported"",""stop"":""no_parsed_candidate""}]",no_parsed_candidate
pilot-16,4,4,0,2,1,"{""0"":52,""1"":5}",[],{},[],[],0,0,[],[],"[{""budget"":0,""judgments"":0,""plan_id"":""4d86024018420a6a0561"",""recorded_events"":[""no_distinguishing_witness_in_completed_pool""],""remaining_ids"":[""c0""],""remaining_witnesses"":0,""status"":""satisfiable"",""stop"":""one_class_no_witness""},{""budget"":1,""judgments"":0,""plan_id"":""4d86024018420a6a0561"",""recorded_events"":[""no_distinguishing_witness_in_completed_pool""],""remaining_ids"":[""c0""],""remaining_witnesses"":0,""status"":""satisfiable"",""stop"":""one_class_no_witness""},{""budget"":2,""judgments"":0,""plan_id"":""4d86024018420a6a0561"",""recorded_events"":[""no_distinguishing_witness_in_completed_pool""],""remaining_ids"":[""c0""],""remaining_witnesses"":0,""status"":""satisfiable"",""stop"":""one_class_no_witness""},{""budget"":4,""judgments"":0,""plan_id"":""4d86024018420a6a0561"",""recorded_events"":[""no_distinguishing_witness_in_completed_pool""],""remaining_ids"":[""c0""],""remaining_witnesses"":0,""status"":""satisfiable"",""stop"":""one_class_no_witness""}]","[{""budget"":0,""judgments"":0,""plan_id"":""4d86024018420a6a0561"",""recorded_events"":[""no_distinguishing_witness_in_completed_pool""],""remaining_ids"":[""c0""],""remaining_witnesses"":0,""status"":""satisfiable"",""stop"":""one_class_no_witness""},{""budget"":1,""judgments"":0,""plan_id"":""4d86024018420a6a0561"",""recorded_events"":[""no_distinguishing_witness_in_completed_pool""],""remaining_ids"":[""c0""],""remaining_witnesses"":0,""status"":""satisfiable"",""stop"":""one_class_no_witness""},{""budget"":2,""judgments"":0,""plan_id"":""4d86024018420a6a0561"",""recorded_events"":[""no_distinguishing_witness_in_completed_pool""],""remaining_ids"":[""c0""],""remaining_witnesses"":0,""status"":""satisfiable"",""stop"":""one_class_no_witness""},{""budget"":4,""judgments"":0,""plan_id"":""4d86024018420a6a0561"",""recorded_events"":[""no_distinguishing_witness_in_completed_pool""],""remaining_ids"":[""c0""],""remaining_witnesses"":0,""status"":""satisfiable"",""stop"":""one_class_no_witness""}]",one_class
pilot-17,4,4,1,3,1,"{""0"":225,""1"":31}",[],{},[],[],0,0,[],[],"[{""budget"":0,""judgments"":0,""plan_id"":""3202db15cbf15a08e585"",""recorded_events"":[""no_distinguishing_witness_in_completed_pool""],""remaining_ids"":[""c0""],""remaining_witnesses"":0,""status"":""satisfiable"",""stop"":""one_class_no_witness""},{""budget"":1,""judgments"":0,""plan_id"":""3202db15cbf15a08e585"",""recorded_events"":[""no_distinguishing_witness_in_completed_pool""],""remaining_ids"":[""c0""],""remaining_witnesses"":0,""status"":""satisfiable"",""stop"":""one_class_no_witness""},{""budget"":2,""judgments"":0,""plan_id"":""3202db15cbf15a08e585"",""recorded_events"":[""no_distinguishing_witness_in_completed_pool""],""remaining_ids"":[""c0""],""remaining_witnesses"":0,""status"":""satisfiable"",""stop"":""one_class_no_witness""},{""budget"":4,""judgments"":0,""plan_id"":""3202db15cbf15a08e585"",""recorded_events"":[""no_distinguishing_witness_in_completed_pool""],""remaining_ids"":[""c0""],""remaining_witnesses"":0,""status"":""satisfiable"",""stop"":""one_class_no_witness""}]","[{""budget"":0,""judgments"":0,""plan_id"":""3202db15cbf15a08e585"",""recorded_events"":[""no_distinguishing_witness_in_completed_pool""],""remaining_ids"":[""c0""],""remaining_witnesses"":0,""status"":""satisfiable"",""stop"":""one_class_no_witness""},{""budget"":1,""judgments"":0,""plan_id"":""3202db15cbf15a08e585"",""recorded_events"":[""no_distinguishing_witness_in_completed_pool""],""remaining_ids"":[""c0""],""remaining_witnesses"":0,""status"":""satisfiable"",""stop"":""one_class_no_witness""},{""budget"":2,""judgments"":0,""plan_id"":""3202db15cbf15a08e585"",""recorded_events"":[""no_distinguishing_witness_in_completed_pool""],""remaining_ids"":[""c0""],""remaining_witnesses"":0,""status"":""satisfiable"",""stop"":""one_class_no_witness""},{""budget"":4,""judgments"":0,""plan_id"":""3202db15cbf15a08e585"",""recorded_events"":[""no_distinguishing_witness_in_completed_pool""],""remaining_ids"":[""c0""],""remaining_witnesses"":0,""status"":""satisfiable"",""stop"":""one_class_no_witness""}]",one_class
pilot-18,4,4,0,0,2,"{""00"":23,""01"":29,""11"":12}","[{""I"":0,""ids"":[""c0"",""c3""],""weight"":1}]","{""01"":29}","[{""cost"":1,""journey_id"":""032d9ad4720daf263c0c"",""score_numerator"":1},{""cost"":1,""journey_id"":""034428bf85ca14492d2c"",""score_numerator"":1},{""cost"":1,""journey_id"":""03c0b40caacf365f2177"",""score_numerator"":1},{""cost"":1,""journey_id"":""0431e149db468aabfbc6"",""score_numerator"":1},{""cost"":1,""journey_id"":""04dc7847c2a23d6f23cc"",""score_numerator"":1},{""cost"":1,""journey_id"":""05b76d3beef4b69ce85a"",""score_numerator"":1},{""cost"":1,""journey_id"":""06ab684bac13d4304e3d"",""score_numerator"":1},{""cost"":1,""journey_id"":""0828e89c9f73d09aed18"",""score_numerator"":1},{""cost"":1,""journey_id"":""089a69ee94a6b76374f6"",""score_numerator"":1},{""cost"":1,""journey_id"":""0b21d96fd11320d6e084"",""score_numerator"":1},{""cost"":1,""journey_id"":""0b54a7f48f9a45ebff90"",""score_numerator"":1},{""cost"":1,""journey_id"":""0b75261867ad6b561b83"",""score_numerator"":1},{""cost"":1,""journey_id"":""0b916aced014d3e20137"",""score_numerator"":1},{""cost"":1,""journey_id"":""0ecb86e4c1635c17afb6"",""score_numerator"":1},{""cost"":1,""journey_id"":""0f0540c7a7996ecef0c5"",""score_numerator"":1},{""cost"":1,""journey_id"":""104c4782513c5035ffc8"",""score_numerator"":1},{""cost"":1,""journey_id"":""1192a052286ce610d61c"",""score_numerator"":1},{""cost"":1,""journey_id"":""158e2a45b9b06b559ca7"",""score_numerator"":1},{""cost"":1,""journey_id"":""16b6ecbb4acc39d2ceb2"",""score_numerator"":1},{""cost"":1,""journey_id"":""195f1670bcac6c432f62"",""score_numerator"":1},{""cost"":1,""journey_id"":""1aaca4d4e8c81310bb9b"",""score_numerator"":1},{""cost"":1,""journey_id"":""1ca9b8eb5918ea5005f9"",""score_numerator"":1},{""cost"":1,""journey_id"":""204fa8ab750530bbb4a7"",""score_numerator"":1},{""cost"":1,""journey_id"":""20ad3a7d7bde8c40739a"",""score_numerator"":1},{""cost"":1,""journey_id"":""2249421d4503d4613d6f"",""score_numerator"":1},{""cost"":1,""journey_id"":""22735d129ec3d926ebb8"",""score_numerator"":1},{""cost"":1,""journey_id"":""24976f8d9a7c2f625e65"",""score_numerator"":1},{""cost"":1,""journey_id"":""24f024a41ba9aad2f656"",""score_numerator"":1},{""cost"":1,""journey_id"":""2575a31a605a6d0a799f"",""score_numerator"":1}]","[{""cost"":1,""journey_id"":""032d9ad4720daf263c0c"",""score_numerator"":1},{""cost"":1,""journey_id"":""034428bf85ca14492d2c"",""score_numerator"":1},{""cost"":1,""journey_id"":""03c0b40caacf365f2177"",""score_numerator"":1},{""cost"":1,""journey_id"":""0431e149db468aabfbc6"",""score_numerator"":1},{""cost"":1,""journey_id"":""04dc7847c2a23d6f23cc"",""score_numerator"":1},{""cost"":1,""journey_id"":""05b76d3beef4b69ce85a"",""score_numerator"":1},{""cost"":1,""journey_id"":""06ab684bac13d4304e3d"",""score_numerator"":1},{""cost"":1,""journey_id"":""0828e89c9f73d09aed18"",""score_numerator"":1},{""cost"":1,""journey_id"":""089a69ee94a6b76374f6"",""score_numerator"":1},{""cost"":1,""journey_id"":""0b21d96fd11320d6e084"",""score_numerator"":1},{""cost"":1,""journey_id"":""0b54a7f48f9a45ebff90"",""score_numerator"":1},{""cost"":1,""journey_id"":""0b75261867ad6b561b83"",""score_numerator"":1},{""cost"":1,""journey_id"":""0b916aced014d3e20137"",""score_numerator"":1},{""cost"":1,""journey_id"":""0ecb86e4c1635c17afb6"",""score_numerator"":1},{""cost"":1,""journey_id"":""0f0540c7a7996ecef0c5"",""score_numerator"":1},{""cost"":1,""journey_id"":""104c4782513c5035ffc8"",""score_numerator"":1},{""cost"":1,""journey_id"":""1192a052286ce610d61c"",""score_numerator"":1},{""cost"":1,""journey_id"":""158e2a45b9b06b559ca7"",""score_numerator"":1},{""cost"":1,""journey_id"":""16b6ecbb4acc39d2ceb2"",""score_numerator"":1},{""cost"":1,""journey_id"":""195f1670bcac6c432f62"",""score_numerator"":1},{""cost"":1,""journey_id"":""1aaca4d4e8c81310bb9b"",""score_numerator"":1},{""cost"":1,""journey_id"":""1ca9b8eb5918ea5005f9"",""score_numerator"":1},{""cost"":1,""journey_id"":""204fa8ab750530bbb4a7"",""score_numerator"":1},{""cost"":1,""journey_id"":""20ad3a7d7bde8c40739a"",""score_numerator"":1},{""cost"":1,""journey_id"":""2249421d4503d4613d6f"",""score_numerator"":1},{""cost"":1,""journey_id"":""22735d129ec3d926ebb8"",""score_numerator"":1},{""cost"":1,""journey_id"":""24976f8d9a7c2f625e65"",""score_numerator"":1},{""cost"":1,""journey_id"":""24f024a41ba9aad2f656"",""score_numerator"":1},{""cost"":1,""journey_id"":""2575a31a605a6d0a799f"",""score_numerator"":1}]",29,29,"[""032d9ad4720daf263c0c""]","[""032d9ad4720daf263c0c""]","[{""budget"":0,""judgments"":0,""plan_id"":""12b051372ba2bb22cd12"",""recorded_events"":[],""remaining_ids"":[""c0"",""c3""],""remaining_witnesses"":29,""status"":""satisfiable"",""stop"":""judgment_budget_limit""},{""budget"":1,""judgments"":1,""plan_id"":""12b051372ba2bb22cd12"",""recorded_events"":[""no_distinguishing_witness_in_completed_pool""],""remaining_ids"":[""c0""],""remaining_witnesses"":0,""status"":""satisfiable"",""stop"":""one_class_no_witness""},{""budget"":2,""judgments"":1,""plan_id"":""12b051372ba2bb22cd12"",""recorded_events"":[""no_distinguishing_witness_in_completed_pool""],""remaining_ids"":[""c0""],""remaining_witnesses"":0,""status"":""satisfiable"",""stop"":""one_class_no_witness""},{""budget"":4,""judgments"":1,""plan_id"":""12b051372ba2bb22cd12"",""recorded_events"":[""no_distinguishing_witness_in_completed_pool""],""remaining_ids"":[""c0""],""remaining_witnesses"":0,""status"":""satisfiable"",""stop"":""one_class_no_witness""}]","[{""budget"":0,""judgments"":0,""plan_id"":""12b051372ba2bb22cd12"",""recorded_events"":[],""remaining_ids"":[""c0"",""c3""],""remaining_witnesses"":29,""status"":""satisfiable"",""stop"":""judgment_budget_limit""},{""budget"":1,""judgments"":1,""plan_id"":""12b051372ba2bb22cd12"",""recorded_events"":[""no_distinguishing_witness_in_completed_pool""],""remaining_ids"":[""c0""],""remaining_witnesses"":0,""status"":""satisfiable"",""stop"":""one_class_no_witness""},{""budget"":2,""judgments"":1,""plan_id"":""12b051372ba2bb22cd12"",""recorded_events"":[""no_distinguishing_witness_in_completed_pool""],""remaining_ids"":[""c0""],""remaining_witnesses"":0,""status"":""satisfiable"",""stop"":""one_class_no_witness""},{""budget"":4,""judgments"":1,""plan_id"":""12b051372ba2bb22cd12"",""recorded_events"":[""no_distinguishing_witness_in_completed_pool""],""remaining_ids"":[""c0""],""remaining_witnesses"":0,""status"":""satisfiable"",""stop"":""one_class_no_witness""}]",two_classes
pilot-19,4,4,0,0,1,"{""0"":36,""1"":28}",[],{},[],[],0,0,[],[],"[{""budget"":0,""judgments"":0,""plan_id"":""2ecab41b2ff3eaf43736"",""recorded_events"":[""no_distinguishing_witness_in_completed_pool""],""remaining_ids"":[""c0""],""remaining_witnesses"":0,""status"":""satisfiable"",""stop"":""one_class_no_witness""},{""budget"":1,""judgments"":0,""plan_id"":""2ecab41b2ff3eaf43736"",""recorded_events"":[""no_distinguishing_witness_in_completed_pool""],""remaining_ids"":[""c0""],""remaining_witnesses"":0,""status"":""satisfiable"",""stop"":""one_class_no_witness""},{""budget"":2,""judgments"":0,""plan_id"":""2ecab41b2ff3eaf43736"",""recorded_events"":[""no_distinguishing_witness_in_completed_pool""],""remaining_ids"":[""c0""],""remaining_witnesses"":0,""status"":""satisfiable"",""stop"":""one_class_no_witness""},{""budget"":4,""judgments"":0,""plan_id"":""2ecab41b2ff3eaf43736"",""recorded_events"":[""no_distinguishing_witness_in_completed_pool""],""remaining_ids"":[""c0""],""remaining_witnesses"":0,""status"":""satisfiable"",""stop"":""one_class_no_witness""}]","[{""budget"":0,""judgments"":0,""plan_id"":""2ecab41b2ff3eaf43736"",""recorded_events"":[""no_distinguishing_witness_in_completed_pool""],""remaining_ids"":[""c0""],""remaining_witnesses"":0,""status"":""satisfiable"",""stop"":""one_class_no_witness""},{""budget"":1,""judgments"":0,""plan_id"":""2ecab41b2ff3eaf43736"",""recorded_events"":[""no_distinguishing_witness_in_completed_pool""],""remaining_ids"":[""c0""],""remaining_witnesses"":0,""status"":""satisfiable"",""stop"":""one_class_no_witness""},{""budget"":2,""judgments"":0,""plan_id"":""2ecab41b2ff3eaf43736"",""recorded_events"":[""no_distinguishing_witness_in_completed_pool""],""remaining_ids"":[""c0""],""remaining_witnesses"":0,""status"":""satisfiable"",""stop"":""one_class_no_witness""},{""budget"":4,""judgments"":0,""plan_id"":""2ecab41b2ff3eaf43736"",""recorded_events"":[""no_distinguishing_witness_in_completed_pool""],""remaining_ids"":[""c0""],""remaining_witnesses"":0,""status"":""satisfiable"",""stop"":""one_class_no_witness""}]",one_class
pilot-20,4,3,0,0,3,"{""000"":11,""100"":11,""110"":11,""111"":31}","[{""I"":1,""ids"":[""c0"",""c1""],""weight"":2},{""I"":1,""ids"":[""c0"",""c2""],""weight"":2},{""I"":1,""ids"":[""c1"",""c2""],""weight"":2}]","{""001"":11,""011"":11}","[{""cost"":1,""journey_id"":""005a6f33a79fe270e093"",""score_numerator"":2},{""cost"":1,""journey_id"":""010fa1739c3170d87fa8"",""score_numerator"":2},{""cost"":1,""journey_id"":""01630ab40190d688ab1e"",""score_numerator"":2},{""cost"":1,""journey_id"":""0293438db40a6621ecbc"",""score_numerator"":2},{""cost"":1,""journey_id"":""04c12e736ad3ccdf128c"",""score_numerator"":2},{""cost"":1,""journey_id"":""062c6560a082e3239796"",""score_numerator"":2},{""cost"":1,""journey_id"":""07d8ca7f96cac9fb0936"",""score_numerator"":2},{""cost"":1,""journey_id"":""0b294b06fae93c9928b9"",""score_numerator"":2},{""cost"":1,""journey_id"":""0b89971919d3064cc9e7"",""score_numerator"":2},{""cost"":1,""journey_id"":""0ffe45d2d21f04810e7a"",""score_numerator"":2},{""cost"":1,""journey_id"":""11c834c185969cb2ebd5"",""score_numerator"":2},{""cost"":1,""journey_id"":""13b3fe100773d7326a5d"",""score_numerator"":2},{""cost"":1,""journey_id"":""160c6e7d681230713276"",""score_numerator"":2},{""cost"":1,""journey_id"":""197aaafbf33098d15f72"",""score_numerator"":2},{""cost"":1,""journey_id"":""1f149f542c3acb5199ec"",""score_numerator"":2},{""cost"":1,""journey_id"":""1f581a271a0bb5f15f52"",""score_numerator"":2},{""cost"":1,""journey_id"":""20848a30f35647fd90c8"",""score_numerator"":2},{""cost"":1,""journey_id"":""232acddf37f42b365aee"",""score_numerator"":2},{""cost"":1,""journey_id"":""24c6e2911fe4cb95c5cf"",""score_numerator"":2},{""cost"":1,""journey_id"":""274cdaaf1f4755ac88a9"",""score_numerator"":2},{""cost"":1,""journey_id"":""27b3e0cd3fa82205ef6d"",""score_numerator"":2},{""cost"":1,""journey_id"":""27d962c279aadc9b4775"",""score_numerator"":2}]","[{""cost"":1,""journey_id"":""005a6f33a79fe270e093"",""score_numerator"":4},{""cost"":1,""journey_id"":""010fa1739c3170d87fa8"",""score_numerator"":4},{""cost"":1,""journey_id"":""01630ab40190d688ab1e"",""score_numerator"":4},{""cost"":1,""journey_id"":""0293438db40a6621ecbc"",""score_numerator"":4},{""cost"":1,""journey_id"":""04c12e736ad3ccdf128c"",""score_numerator"":4},{""cost"":1,""journey_id"":""062c6560a082e3239796"",""score_numerator"":4},{""cost"":1,""journey_id"":""07d8ca7f96cac9fb0936"",""score_numerator"":4},{""cost"":1,""journey_id"":""0b294b06fae93c9928b9"",""score_numerator"":4},{""cost"":1,""journey_id"":""0b89971919d3064cc9e7"",""score_numerator"":4},{""cost"":1,""journey_id"":""0ffe45d2d21f04810e7a"",""score_numerator"":4},{""cost"":1,""journey_id"":""11c834c185969cb2ebd5"",""score_numerator"":4},{""cost"":1,""journey_id"":""13b3fe100773d7326a5d"",""score_numerator"":4},{""cost"":1,""journey_id"":""160c6e7d681230713276"",""score_numerator"":4},{""cost"":1,""journey_id"":""197aaafbf33098d15f72"",""score_numerator"":4},{""cost"":1,""journey_id"":""1f149f542c3acb5199ec"",""score_numerator"":4},{""cost"":1,""journey_id"":""1f581a271a0bb5f15f52"",""score_numerator"":4},{""cost"":1,""journey_id"":""20848a30f35647fd90c8"",""score_numerator"":4},{""cost"":1,""journey_id"":""232acddf37f42b365aee"",""score_numerator"":4},{""cost"":1,""journey_id"":""24c6e2911fe4cb95c5cf"",""score_numerator"":4},{""cost"":1,""journey_id"":""274cdaaf1f4755ac88a9"",""score_numerator"":4},{""cost"":1,""journey_id"":""27b3e0cd3fa82205ef6d"",""score_numerator"":4},{""cost"":1,""journey_id"":""27d962c279aadc9b4775"",""score_numerator"":4}]",22,22,"[""005a6f33a79fe270e093"",""0293438db40a6621ecbc""]","[""005a6f33a79fe270e093"",""0293438db40a6621ecbc""]","[{""budget"":0,""judgments"":0,""plan_id"":""232acddf37f42b365aee"",""recorded_events"":[],""remaining_ids"":[""c0"",""c1"",""c2""],""remaining_witnesses"":22,""status"":""satisfiable"",""stop"":""judgment_budget_limit""},{""budget"":1,""judgments"":1,""plan_id"":""232acddf37f42b365aee"",""recorded_events"":[],""remaining_ids"":[""c0"",""c1""],""remaining_witnesses"":11,""status"":""satisfiable"",""stop"":""judgment_budget_limit""},{""budget"":2,""judgments"":2,""plan_id"":""232acddf37f42b365aee"",""recorded_events"":[""no_distinguishing_witness_in_completed_pool""],""remaining_ids"":[""c0""],""remaining_witnesses"":0,""status"":""satisfiable"",""stop"":""one_class_no_witness""},{""budget"":4,""judgments"":2,""plan_id"":""232acddf37f42b365aee"",""recorded_events"":[""no_distinguishing_witness_in_completed_pool""],""remaining_ids"":[""c0""],""remaining_witnesses"":0,""status"":""satisfiable"",""stop"":""one_class_no_witness""}]","[{""budget"":0,""judgments"":0,""plan_id"":""232acddf37f42b365aee"",""recorded_events"":[],""remaining_ids"":[""c0"",""c1"",""c2""],""remaining_witnesses"":22,""status"":""satisfiable"",""stop"":""judgment_budget_limit""},{""budget"":1,""judgments"":1,""plan_id"":""232acddf37f42b365aee"",""recorded_events"":[],""remaining_ids"":[""c0"",""c1""],""remaining_witnesses"":11,""status"":""satisfiable"",""stop"":""judgment_budget_limit""},{""budget"":2,""judgments"":2,""plan_id"":""232acddf37f42b365aee"",""recorded_events"":[""no_distinguishing_witness_in_completed_pool""],""remaining_ids"":[""c0""],""remaining_witnesses"":0,""status"":""satisfiable"",""stop"":""one_class_no_witness""},{""budget"":4,""judgments"":2,""plan_id"":""232acddf37f42b365aee"",""recorded_events"":[""no_distinguishing_witness_in_completed_pool""],""remaining_ids"":[""c0""],""remaining_witnesses"":0,""status"":""satisfiable"",""stop"":""one_class_no_witness""}]",uniform_weights_3plus
pilot-21,4,4,0,2,2,"{""01"":8,""11"":9}","[{""I"":0,""ids"":[""c0"",""c1""],""weight"":1}]","{""01"":8}","[{""cost"":1,""journey_id"":""40039d4292139b8ad663"",""score_numerator"":1},{""cost"":1,""journey_id"":""69839f3a0e43aa47da49"",""score_numerator"":1},{""cost"":1,""journey_id"":""74f34501d137a9639abc"",""score_numerator"":1},{""cost"":1,""journey_id"":""a1272ec880fcc9007f2a"",""score_numerator"":1},{""cost"":1,""journey_id"":""c15729974878af502355"",""score_numerator"":1},{""cost"":1,""journey_id"":""c5290c2198524659fba7"",""score_numerator"":1},{""cost"":1,""journey_id"":""c60682face44a2a357ff"",""score_numerator"":1},{""cost"":1,""journey_id"":""d05d8a93e9315d686771"",""score_numerator"":1}]","[{""cost"":1,""journey_id"":""40039d4292139b8ad663"",""score_numerator"":1},{""cost"":1,""journey_id"":""69839f3a0e43aa47da49"",""score_numerator"":1},{""cost"":1,""journey_id"":""74f34501d137a9639abc"",""score_numerator"":1},{""cost"":1,""journey_id"":""a1272ec880fcc9007f2a"",""score_numerator"":1},{""cost"":1,""journey_id"":""c15729974878af502355"",""score_numerator"":1},{""cost"":1,""journey_id"":""c5290c2198524659fba7"",""score_numerator"":1},{""cost"":1,""journey_id"":""c60682face44a2a357ff"",""score_numerator"":1},{""cost"":1,""journey_id"":""d05d8a93e9315d686771"",""score_numerator"":1}]",8,8,"[""40039d4292139b8ad663""]","[""40039d4292139b8ad663""]","[{""budget"":0,""judgments"":0,""plan_id"":""a74f125439a90f15569c"",""recorded_events"":[],""remaining_ids"":[""c0"",""c1""],""remaining_witnesses"":8,""status"":""satisfiable"",""stop"":""judgment_budget_limit""},{""budget"":1,""judgments"":1,""plan_id"":""a74f125439a90f15569c"",""recorded_events"":[""no_distinguishing_witness_in_completed_pool""],""remaining_ids"":[""c1""],""remaining_witnesses"":0,""status"":""satisfiable"",""stop"":""one_class_no_witness""},{""budget"":2,""judgments"":1,""plan_id"":""a74f125439a90f15569c"",""recorded_events"":[""no_distinguishing_witness_in_completed_pool""],""remaining_ids"":[""c1""],""remaining_witnesses"":0,""status"":""satisfiable"",""stop"":""one_class_no_witness""},{""budget"":4,""judgments"":1,""plan_id"":""a74f125439a90f15569c"",""recorded_events"":[""no_distinguishing_witness_in_completed_pool""],""remaining_ids"":[""c1""],""remaining_witnesses"":0,""status"":""satisfiable"",""stop"":""one_class_no_witness""}]","[{""budget"":0,""judgments"":0,""plan_id"":""a74f125439a90f15569c"",""recorded_events"":[],""remaining_ids"":[""c0"",""c1""],""remaining_witnesses"":8,""status"":""satisfiable"",""stop"":""judgment_budget_limit""},{""budget"":1,""judgments"":1,""plan_id"":""a74f125439a90f15569c"",""recorded_events"":[""no_distinguishing_witness_in_completed_pool""],""remaining_ids"":[""c1""],""remaining_witnesses"":0,""status"":""satisfiable"",""stop"":""one_class_no_witness""},{""budget"":2,""judgments"":1,""plan_id"":""a74f125439a90f15569c"",""recorded_events"":[""no_distinguishing_witness_in_completed_pool""],""remaining_ids"":[""c1""],""remaining_witnesses"":0,""status"":""satisfiable"",""stop"":""one_class_no_witness""},{""budget"":4,""judgments"":1,""plan_id"":""a74f125439a90f15569c"",""recorded_events"":[""no_distinguishing_witness_in_completed_pool""],""remaining_ids"":[""c1""],""remaining_witnesses"":0,""status"":""satisfiable"",""stop"":""one_class_no_witness""}]",two_classes
pilot-22,4,3,0,1,1,"{""0"":256}",[],{},[],[],0,0,[],[],"[{""budget"":0,""judgments"":0,""plan_id"":null,""recorded_events"":[""no_distinguishing_witness_in_completed_pool""],""remaining_ids"":[""c0""],""remaining_witnesses"":0,""status"":""infeasible_in_pool"",""stop"":""one_class_no_witness""},{""budget"":1,""judgments"":0,""plan_id"":null,""recorded_events"":[""no_distinguishing_witness_in_completed_pool""],""remaining_ids"":[""c0""],""remaining_witnesses"":0,""status"":""infeasible_in_pool"",""stop"":""one_class_no_witness""},{""budget"":2,""judgments"":0,""plan_id"":null,""recorded_events"":[""no_distinguishing_witness_in_completed_pool""],""remaining_ids"":[""c0""],""remaining_witnesses"":0,""status"":""infeasible_in_pool"",""stop"":""one_class_no_witness""},{""budget"":4,""judgments"":0,""plan_id"":null,""recorded_events"":[""no_distinguishing_witness_in_completed_pool""],""remaining_ids"":[""c0""],""remaining_witnesses"":0,""status"":""infeasible_in_pool"",""stop"":""one_class_no_witness""}]","[{""budget"":0,""judgments"":0,""plan_id"":null,""recorded_events"":[""no_distinguishing_witness_in_completed_pool""],""remaining_ids"":[""c0""],""remaining_witnesses"":0,""status"":""infeasible_in_pool"",""stop"":""one_class_no_witness""},{""budget"":1,""judgments"":0,""plan_id"":null,""recorded_events"":[""no_distinguishing_witness_in_completed_pool""],""remaining_ids"":[""c0""],""remaining_witnesses"":0,""status"":""infeasible_in_pool"",""stop"":""one_class_no_witness""},{""budget"":2,""judgments"":0,""plan_id"":null,""recorded_events"":[""no_distinguishing_witness_in_completed_pool""],""remaining_ids"":[""c0""],""remaining_witnesses"":0,""status"":""infeasible_in_pool"",""stop"":""one_class_no_witness""},{""budget"":4,""judgments"":0,""plan_id"":null,""recorded_events"":[""no_distinguishing_witness_in_completed_pool""],""remaining_ids"":[""c0""],""remaining_witnesses"":0,""status"":""infeasible_in_pool"",""stop"":""one_class_no_witness""}]",one_class
pilot-23,4,0,0,0,0,"{"""":64}",[],{},[],[],0,0,[],[],"[{""budget"":0,""judgments"":0,""plan_id"":null,""recorded_events"":[],""remaining_ids"":[],""remaining_witnesses"":0,""status"":""unsupported"",""stop"":""no_parsed_candidate""},{""budget"":1,""judgments"":0,""plan_id"":null,""recorded_events"":[],""remaining_ids"":[],""remaining_witnesses"":0,""status"":""unsupported"",""stop"":""no_parsed_candidate""},{""budget"":2,""judgments"":0,""plan_id"":null,""recorded_events"":[],""remaining_ids"":[],""remaining_witnesses"":0,""status"":""unsupported"",""stop"":""no_parsed_candidate""},{""budget"":4,""judgments"":0,""plan_id"":null,""recorded_events"":[],""remaining_ids"":[],""remaining_witnesses"":0,""status"":""unsupported"",""stop"":""no_parsed_candidate""}]","[{""budget"":0,""judgments"":0,""plan_id"":null,""recorded_events"":[],""remaining_ids"":[],""remaining_witnesses"":0,""status"":""unsupported"",""stop"":""no_parsed_candidate""},{""budget"":1,""judgments"":0,""plan_id"":null,""recorded_events"":[],""remaining_ids"":[],""remaining_witnesses"":0,""status"":""unsupported"",""stop"":""no_parsed_candidate""},{""budget"":2,""judgments"":0,""plan_id"":null,""recorded_events"":[],""remaining_ids"":[],""remaining_witnesses"":0,""status"":""unsupported"",""stop"":""no_parsed_candidate""},{""budget"":4,""judgments"":0,""plan_id"":null,""recorded_events"":[],""remaining_ids"":[],""remaining_witnesses"":0,""status"":""unsupported"",""stop"":""no_parsed_candidate""}]",no_parsed_candidate
pilot-24,4,4,0,0,3,"{""001"":14,""100"":5,""110"":45}","[{""I"":0,""ids"":[""c0"",""c2""],""weight"":1},{""I"":2,""ids"":[""c0"",""c3""],""weight"":3},{""I"":2,""ids"":[""c2"",""c3""],""weight"":3}]","{""001"":59,""011"":5}","[{""cost"":1,""journey_id"":""008999a081cb95dcc0f3"",""score_numerator"":2},{""cost"":1,""journey_id"":""01b2b3bdeb3b1f264a09"",""score_numerator"":2},{""cost"":1,""journey_id"":""0333d5ea8b2e51201cf0"",""score_numerator"":2},{""cost"":1,""journey_id"":""04ebbccf5df4281b6c78"",""score_numerator"":2},{""cost"":1,""journey_id"":""05199a5a66b044a97367"",""score_numerator"":2},{""cost"":1,""journey_id"":""05fa334077597ea45562"",""score_numerator"":2},{""cost"":1,""journey_id"":""066558a28179f6c5b9d6"",""score_numerator"":2},{""cost"":1,""journey_id"":""06bc112dcf9b12140672"",""score_numerator"":2},{""cost"":1,""journey_id"":""07d005daecf87ff10541"",""score_numerator"":2},{""cost"":1,""journey_id"":""08ce2541e6befc20a5f3"",""score_numerator"":2},{""cost"":1,""journey_id"":""090cd723b56449d88ccf"",""score_numerator"":2},{""cost"":1,""journey_id"":""094e25f9fde1ee35d11d"",""score_numerator"":2},{""cost"":1,""journey_id"":""095887b5d3d1fff87c7a"",""score_numerator"":2},{""cost"":1,""journey_id"":""0ab2152b26ea5c9dc3eb"",""score_numerator"":2},{""cost"":1,""journey_id"":""0b73108156b247ead250"",""score_numerator"":2},{""cost"":1,""journey_id"":""0c23494cc89d81be87d7"",""score_numerator"":2},{""cost"":1,""journey_id"":""0cd135da14edac0a7287"",""score_numerator"":2},{""cost"":1,""journey_id"":""0e45ac5a40dbcaaec9d5"",""score_numerator"":2},{""cost"":1,""journey_id"":""0ecffb2966f46340d29b"",""score_numerator"":2},{""cost"":1,""journey_id"":""0f1d295188e04300f79b"",""score_numerator"":2},{""cost"":1,""journey_id"":""0fd8244d989723e4474c"",""score_numerator"":2},{""cost"":1,""journey_id"":""0ffe494d9e888e0f88d1"",""score_numerator"":2},{""cost"":1,""journey_id"":""1081d1b0e27db54c1b80"",""score_numerator"":2},{""cost"":1,""journey_id"":""10d8c711728fd55b7164"",""score_numerator"":2},{""cost"":1,""journey_id"":""124d13d367b36dc7f721"",""score_numerator"":2},{""cost"":1,""journey_id"":""14594c48a060ed3e8079"",""score_numerator"":2},{""cost"":1,""journey_id"":""146125727715ff32925b"",""score_numerator"":2},{""cost"":1,""journey_id"":""1575637a8507443ba95d"",""score_numerator"":2},{""cost"":1,""journey_id"":""15cd18f5d32d6c3f48e0"",""score_numerator"":2},{""cost"":1,""journey_id"":""169226b35aaeb410f465"",""score_numerator"":2},{""cost"":1,""journey_id"":""16cd751f913a773f220c"",""score_numerator"":2},{""cost"":1,""journey_id"":""1885c0681d77b5d56a17"",""score_numerator"":2},{""cost"":1,""journey_id"":""18ce2be1697139c8752e"",""score_numerator"":2},{""cost"":1,""journey_id"":""19528e18279ef4325682"",""score_numerator"":2},{""cost"":1,""journey_id"":""1ba75176415237016650"",""score_numerator"":2},{""cost"":1,""journey_id"":""1c0ef10a477bfb4c1740"",""score_numerator"":2},{""cost"":1,""journey_id"":""1c4f966231381b3ff71d"",""score_numerator"":2},{""cost"":1,""journey_id"":""1d3c19aea0c502d9aaca"",""score_numerator"":2},{""cost"":1,""journey_id"":""1dd59402700fdefcb0e7"",""score_numerator"":2},{""cost"":1,""journey_id"":""20cbbc8259444d4fe389"",""score_numerator"":2},{""cost"":1,""journey_id"":""22aba2c1201b10d4ed73"",""score_numerator"":2},{""cost"":1,""journey_id"":""22e3ed9a7353e359ef2b"",""score_numerator"":2},{""cost"":1,""journey_id"":""230e4810aebeda2b6868"",""score_numerator"":2},{""cost"":1,""journey_id"":""2346cbcbb58772016362"",""score_numerator"":2},{""cost"":1,""journey_id"":""23e934371fad3fefbfc6"",""score_numerator"":2},{""cost"":1,""journey_id"":""24b94de55b7d199bc38a"",""score_numerator"":2},{""cost"":1,""journey_id"":""259914eeb6f9a95174ff"",""score_numerator"":2},{""cost"":1,""journey_id"":""25bc7ccb2ca00c6503eb"",""score_numerator"":2},{""cost"":1,""journey_id"":""2789927b1fe87b963515"",""score_numerator"":2},{""cost"":1,""journey_id"":""27be9fd50f3748ae5bd3"",""score_numerator"":2},{""cost"":1,""journey_id"":""27d5bebf9d70823fa373"",""score_numerator"":2},{""cost"":1,""journey_id"":""285db8f71aba951080e1"",""score_numerator"":2},{""cost"":1,""journey_id"":""28bcd4ccec8f4172b78b"",""score_numerator"":2},{""cost"":1,""journey_id"":""29bc2e5b5b53caa992bf"",""score_numerator"":2},{""cost"":1,""journey_id"":""29efe44374e11def0e2e"",""score_numerator"":2},{""cost"":1,""journey_id"":""2a07466175589cb103e7"",""score_numerator"":2},{""cost"":1,""journey_id"":""2b64fb64fb18aba573cc"",""score_numerator"":2},{""cost"":1,""journey_id"":""2bbf3b6592917dffd8a9"",""score_numerator"":2},{""cost"":1,""journey_id"":""2bc6b4ae318109da6389"",""score_numerator"":2},{""cost"":1,""journey_id"":""2bd750ae8af118ed7c20"",""score_numerator"":2},{""cost"":1,""journey_id"":""2be5c2c3d9b3ddc6e42d"",""score_numerator"":2},{""cost"":1,""journey_id"":""2d5a49fd419f78d5d01b"",""score_numerator"":2},{""cost"":1,""journey_id"":""2d81c6ef161643178706"",""score_numerator"":2},{""cost"":1,""journey_id"":""2e4c878d23edbf6c43de"",""score_numerator"":2}]","[{""cost"":1,""journey_id"":""008999a081cb95dcc0f3"",""score_numerator"":6},{""cost"":1,""journey_id"":""01b2b3bdeb3b1f264a09"",""score_numerator"":6},{""cost"":1,""journey_id"":""0333d5ea8b2e51201cf0"",""score_numerator"":6},{""cost"":1,""journey_id"":""04ebbccf5df4281b6c78"",""score_numerator"":6},{""cost"":1,""journey_id"":""05199a5a66b044a97367"",""score_numerator"":6},{""cost"":1,""journey_id"":""05fa334077597ea45562"",""score_numerator"":6},{""cost"":1,""journey_id"":""066558a28179f6c5b9d6"",""score_numerator"":6},{""cost"":1,""journey_id"":""06bc112dcf9b12140672"",""score_numerator"":6},{""cost"":1,""journey_id"":""07d005daecf87ff10541"",""score_numerator"":6},{""cost"":1,""journey_id"":""08ce2541e6befc20a5f3"",""score_numerator"":6},{""cost"":1,""journey_id"":""090cd723b56449d88ccf"",""score_numerator"":6},{""cost"":1,""journey_id"":""094e25f9fde1ee35d11d"",""score_numerator"":6},{""cost"":1,""journey_id"":""095887b5d3d1fff87c7a"",""score_numerator"":6},{""cost"":1,""journey_id"":""0ab2152b26ea5c9dc3eb"",""score_numerator"":6},{""cost"":1,""journey_id"":""0b73108156b247ead250"",""score_numerator"":6},{""cost"":1,""journey_id"":""0c23494cc89d81be87d7"",""score_numerator"":6},{""cost"":1,""journey_id"":""0cd135da14edac0a7287"",""score_numerator"":6},{""cost"":1,""journey_id"":""0ecffb2966f46340d29b"",""score_numerator"":6},{""cost"":1,""journey_id"":""0f1d295188e04300f79b"",""score_numerator"":6},{""cost"":1,""journey_id"":""0ffe494d9e888e0f88d1"",""score_numerator"":6},{""cost"":1,""journey_id"":""1081d1b0e27db54c1b80"",""score_numerator"":6},{""cost"":1,""journey_id"":""10d8c711728fd55b7164"",""score_numerator"":6},{""cost"":1,""journey_id"":""124d13d367b36dc7f721"",""score_numerator"":6},{""cost"":1,""journey_id"":""14594c48a060ed3e8079"",""score_numerator"":6},{""cost"":1,""journey_id"":""146125727715ff32925b"",""score_numerator"":6},{""cost"":1,""journey_id"":""1575637a8507443ba95d"",""score_numerator"":6},{""cost"":1,""journey_id"":""15cd18f5d32d6c3f48e0"",""score_numerator"":6},{""cost"":1,""journey_id"":""169226b35aaeb410f465"",""score_numerator"":6},{""cost"":1,""journey_id"":""16cd751f913a773f220c"",""score_numerator"":6},{""cost"":1,""journey_id"":""1885c0681d77b5d56a17"",""score_numerator"":6},{""cost"":1,""journey_id"":""18ce2be1697139c8752e"",""score_numerator"":6},{""cost"":1,""journey_id"":""19528e18279ef4325682"",""score_numerator"":6},{""cost"":1,""journey_id"":""1ba75176415237016650"",""score_numerator"":6},{""cost"":1,""journey_id"":""1c0ef10a477bfb4c1740"",""score_numerator"":6},{""cost"":1,""journey_id"":""1c4f966231381b3ff71d"",""score_numerator"":6},{""cost"":1,""journey_id"":""1d3c19aea0c502d9aaca"",""score_numerator"":6},{""cost"":1,""journey_id"":""1dd59402700fdefcb0e7"",""score_numerator"":6},{""cost"":1,""journey_id"":""20cbbc8259444d4fe389"",""score_numerator"":6},{""cost"":1,""journey_id"":""22e3ed9a7353e359ef2b"",""score_numerator"":6},{""cost"":1,""journey_id"":""230e4810aebeda2b6868"",""score_numerator"":6},{""cost"":1,""journey_id"":""23e934371fad3fefbfc6"",""score_numerator"":6},{""cost"":1,""journey_id"":""24b94de55b7d199bc38a"",""score_numerator"":6},{""cost"":1,""journey_id"":""259914eeb6f9a95174ff"",""score_numerator"":6},{""cost"":1,""journey_id"":""25bc7ccb2ca00c6503eb"",""score_numerator"":6},{""cost"":1,""journey_id"":""2789927b1fe87b963515"",""score_numerator"":6},{""cost"":1,""journey_id"":""27be9fd50f3748ae5bd3"",""score_numerator"":6},{""cost"":1,""journey_id"":""27d5bebf9d70823fa373"",""score_numerator"":6},{""cost"":1,""journey_id"":""285db8f71aba951080e1"",""score_numerator"":6},{""cost"":1,""journey_id"":""28bcd4ccec8f4172b78b"",""score_numerator"":6},{""cost"":1,""journey_id"":""29bc2e5b5b53caa992bf"",""score_numerator"":6},{""cost"":1,""journey_id"":""29efe44374e11def0e2e"",""score_numerator"":6},{""cost"":1,""journey_id"":""2a07466175589cb103e7"",""score_numerator"":6},{""cost"":1,""journey_id"":""2bbf3b6592917dffd8a9"",""score_numerator"":6},{""cost"":1,""journey_id"":""2bc6b4ae318109da6389"",""score_numerator"":6},{""cost"":1,""journey_id"":""2bd750ae8af118ed7c20"",""score_numerator"":6},{""cost"":1,""journey_id"":""2be5c2c3d9b3ddc6e42d"",""score_numerator"":6},{""cost"":1,""journey_id"":""2d5a49fd419f78d5d01b"",""score_numerator"":6},{""cost"":1,""journey_id"":""2d81c6ef161643178706"",""score_numerator"":6},{""cost"":1,""journey_id"":""2e4c878d23edbf6c43de"",""score_numerator"":6},{""cost"":1,""journey_id"":""0e45ac5a40dbcaaec9d5"",""score_numerator"":4},{""cost"":1,""journey_id"":""0fd8244d989723e4474c"",""score_numerator"":4},{""cost"":1,""journey_id"":""22aba2c1201b10d4ed73"",""score_numerator"":4},{""cost"":1,""journey_id"":""2346cbcbb58772016362"",""score_numerator"":4},{""cost"":1,""journey_id"":""2b64fb64fb18aba573cc"",""score_numerator"":4}]",64,59,"[""008999a081cb95dcc0f3""]","[""008999a081cb95dcc0f3""]","[{""budget"":0,""judgments"":0,""plan_id"":""27be9fd50f3748ae5bd3"",""recorded_events"":[],""remaining_ids"":[""c0"",""c2"",""c3""],""remaining_witnesses"":64,""status"":""satisfiable"",""stop"":""judgment_budget_limit""},{""budget"":1,""judgments"":1,""plan_id"":""05199a5a66b044a97367"",""recorded_events"":[""no_distinguishing_witness_in_completed_pool""],""remaining_ids"":[""c3""],""remaining_witnesses"":0,""status"":""satisfiable"",""stop"":""one_class_no_witness""},{""budget"":2,""judgments"":1,""plan_id"":""05199a5a66b044a97367"",""recorded_events"":[""no_distinguishing_witness_in_completed_pool""],""remaining_ids"":[""c3""],""remaining_witnesses"":0,""status"":""satisfiable"",""stop"":""one_class_no_witness""},{""budget"":4,""judgments"":1,""plan_id"":""05199a5a66b044a97367"",""recorded_events"":[""no_distinguishing_witness_in_completed_pool""],""remaining_ids"":[""c3""],""remaining_witnesses"":0,""status"":""satisfiable"",""stop"":""one_class_no_witness""}]","[{""budget"":0,""judgments"":0,""plan_id"":""27be9fd50f3748ae5bd3"",""recorded_events"":[],""remaining_ids"":[""c0"",""c2"",""c3""],""remaining_witnesses"":64,""status"":""satisfiable"",""stop"":""judgment_budget_limit""},{""budget"":1,""judgments"":1,""plan_id"":""05199a5a66b044a97367"",""recorded_events"":[""no_distinguishing_witness_in_completed_pool""],""remaining_ids"":[""c3""],""remaining_witnesses"":0,""status"":""satisfiable"",""stop"":""one_class_no_witness""},{""budget"":2,""judgments"":1,""plan_id"":""05199a5a66b044a97367"",""recorded_events"":[""no_distinguishing_witness_in_completed_pool""],""remaining_ids"":[""c3""],""remaining_witnesses"":0,""status"":""satisfiable"",""stop"":""one_class_no_witness""},{""budget"":4,""judgments"":1,""plan_id"":""05199a5a66b044a97367"",""recorded_events"":[""no_distinguishing_witness_in_completed_pool""],""remaining_ids"":[""c3""],""remaining_witnesses"":0,""status"":""satisfiable"",""stop"":""one_class_no_witness""}]",variable_weights_same_first
pilot-25,4,3,0,0,2,"{""01"":64}","[{""I"":1,""ids"":[""c0"",""c1""],""weight"":2}]","{""01"":64}","[{""cost"":1,""journey_id"":""0082a5ab37cfe189384b"",""score_numerator"":1},{""cost"":1,""journey_id"":""00aaed9468580c528f8d"",""score_numerator"":1},{""cost"":1,""journey_id"":""00c52c0c4ba07aef831c"",""score_numerator"":1},{""cost"":1,""journey_id"":""02203fb67f5336fa2f91"",""score_numerator"":1},{""cost"":1,""journey_id"":""023f8683946ba692b7ee"",""score_numerator"":1},{""cost"":1,""journey_id"":""02d485246b6945368f89"",""score_numerator"":1},{""cost"":1,""journey_id"":""02fd1828515707183d06"",""score_numerator"":1},{""cost"":1,""journey_id"":""0317643bbcfb405db47e"",""score_numerator"":1},{""cost"":1,""journey_id"":""0496f3739c4f3a415c3b"",""score_numerator"":1},{""cost"":1,""journey_id"":""0521d1888a29a10a7155"",""score_numerator"":1},{""cost"":1,""journey_id"":""082a5967e59aa1024230"",""score_numerator"":1},{""cost"":1,""journey_id"":""08bb9fd9b723695a4e4f"",""score_numerator"":1},{""cost"":1,""journey_id"":""08bc34f6a7f6df1da4b3"",""score_numerator"":1},{""cost"":1,""journey_id"":""0a9080ab33247b248fd7"",""score_numerator"":1},{""cost"":1,""journey_id"":""0a9db4d4e336f81e68ba"",""score_numerator"":1},{""cost"":1,""journey_id"":""0c50653ba668c5585415"",""score_numerator"":1},{""cost"":1,""journey_id"":""0c5e4255f4b7d38908a4"",""score_numerator"":1},{""cost"":1,""journey_id"":""0cf70e84dc0704223c05"",""score_numerator"":1},{""cost"":1,""journey_id"":""0d4ebfd66c3e544ac27b"",""score_numerator"":1},{""cost"":1,""journey_id"":""0d7d8df88e19d34d45bc"",""score_numerator"":1},{""cost"":1,""journey_id"":""0ddcd477b5db135dc4bf"",""score_numerator"":1},{""cost"":1,""journey_id"":""10fe21fbc44ae4dfd73b"",""score_numerator"":1},{""cost"":1,""journey_id"":""11c251eaa2a18331cf50"",""score_numerator"":1},{""cost"":1,""journey_id"":""129ca3ea81d1541b9f83"",""score_numerator"":1},{""cost"":1,""journey_id"":""132b1ccf9a1d0d266012"",""score_numerator"":1},{""cost"":1,""journey_id"":""144634e13f9cf55e0207"",""score_numerator"":1},{""cost"":1,""journey_id"":""147bf6cb2e6d77c0f8ec"",""score_numerator"":1},{""cost"":1,""journey_id"":""147d3332c0800d51f013"",""score_numerator"":1},{""cost"":1,""journey_id"":""14b67c84dfbe4a7e7f5c"",""score_numerator"":1},{""cost"":1,""journey_id"":""195acd15b622ebe9001c"",""score_numerator"":1},{""cost"":1,""journey_id"":""19e29fb9f01615676217"",""score_numerator"":1},{""cost"":1,""journey_id"":""1bc4f1ab6a661e0078bf"",""score_numerator"":1},{""cost"":1,""journey_id"":""1bfdf102b31bd278832b"",""score_numerator"":1},{""cost"":1,""journey_id"":""1c635b9c44f2bbdb3a60"",""score_numerator"":1},{""cost"":1,""journey_id"":""1f8f909386945a69e844"",""score_numerator"":1},{""cost"":1,""journey_id"":""205ec36e2674e4064a3a"",""score_numerator"":1},{""cost"":1,""journey_id"":""249dfa0ae844d7c52dc3"",""score_numerator"":1},{""cost"":1,""journey_id"":""266af027f538d75af68f"",""score_numerator"":1},{""cost"":1,""journey_id"":""267f3e5cfc8e3de6b507"",""score_numerator"":1},{""cost"":1,""journey_id"":""26f45172b72231b65e33"",""score_numerator"":1},{""cost"":1,""journey_id"":""28224f1a791793842c57"",""score_numerator"":1},{""cost"":1,""journey_id"":""2a29a7dfd561e7e074ab"",""score_numerator"":1},{""cost"":1,""journey_id"":""2b112e2808958010c20a"",""score_numerator"":1},{""cost"":1,""journey_id"":""2bce97fc17163394687f"",""score_numerator"":1},{""cost"":1,""journey_id"":""2cc71ae0f17a0889c101"",""score_numerator"":1},{""cost"":1,""journey_id"":""2e9bdf6d6dffc0492526"",""score_numerator"":1},{""cost"":1,""journey_id"":""2f49fe684a955d418225"",""score_numerator"":1},{""cost"":1,""journey_id"":""31727c81ee6b86a5e4ea"",""score_numerator"":1},{""cost"":1,""journey_id"":""3223c47c8248b083696c"",""score_numerator"":1},{""cost"":1,""journey_id"":""33b1c09ffc1173824158"",""score_numerator"":1},{""cost"":1,""journey_id"":""355ae65c31d3d3674f77"",""score_numerator"":1},{""cost"":1,""journey_id"":""35946b7eb1c66b492662"",""score_numerator"":1},{""cost"":1,""journey_id"":""3813d6378aaa8152c2e4"",""score_numerator"":1},{""cost"":1,""journey_id"":""386d005c15ce8eb131a2"",""score_numerator"":1},{""cost"":1,""journey_id"":""3938d8e5c5951bc104a9"",""score_numerator"":1},{""cost"":1,""journey_id"":""3bd9caa62128d594e6e7"",""score_numerator"":1},{""cost"":1,""journey_id"":""3c421f97177923feba91"",""score_numerator"":1},{""cost"":1,""journey_id"":""40479ccf4d755603b612"",""score_numerator"":1},{""cost"":1,""journey_id"":""446eba61fba2f2f9b1a5"",""score_numerator"":1},{""cost"":1,""journey_id"":""470a54a6dff7f9c2d535"",""score_numerator"":1},{""cost"":1,""journey_id"":""4b22a7cbc0d25c1c41dd"",""score_numerator"":1},{""cost"":1,""journey_id"":""4cd590916a561840104d"",""score_numerator"":1},{""cost"":1,""journey_id"":""4db371a9a5bc24705505"",""score_numerator"":1},{""cost"":1,""journey_id"":""4e1cc17677f98e1a54df"",""score_numerator"":1}]","[{""cost"":1,""journey_id"":""0082a5ab37cfe189384b"",""score_numerator"":2},{""cost"":1,""journey_id"":""00aaed9468580c528f8d"",""score_numerator"":2},{""cost"":1,""journey_id"":""00c52c0c4ba07aef831c"",""score_numerator"":2},{""cost"":1,""journey_id"":""02203fb67f5336fa2f91"",""score_numerator"":2},{""cost"":1,""journey_id"":""023f8683946ba692b7ee"",""score_numerator"":2},{""cost"":1,""journey_id"":""02d485246b6945368f89"",""score_numerator"":2},{""cost"":1,""journey_id"":""02fd1828515707183d06"",""score_numerator"":2},{""cost"":1,""journey_id"":""0317643bbcfb405db47e"",""score_numerator"":2},{""cost"":1,""journey_id"":""0496f3739c4f3a415c3b"",""score_numerator"":2},{""cost"":1,""journey_id"":""0521d1888a29a10a7155"",""score_numerator"":2},{""cost"":1,""journey_id"":""082a5967e59aa1024230"",""score_numerator"":2},{""cost"":1,""journey_id"":""08bb9fd9b723695a4e4f"",""score_numerator"":2},{""cost"":1,""journey_id"":""08bc34f6a7f6df1da4b3"",""score_numerator"":2},{""cost"":1,""journey_id"":""0a9080ab33247b248fd7"",""score_numerator"":2},{""cost"":1,""journey_id"":""0a9db4d4e336f81e68ba"",""score_numerator"":2},{""cost"":1,""journey_id"":""0c50653ba668c5585415"",""score_numerator"":2},{""cost"":1,""journey_id"":""0c5e4255f4b7d38908a4"",""score_numerator"":2},{""cost"":1,""journey_id"":""0cf70e84dc0704223c05"",""score_numerator"":2},{""cost"":1,""journey_id"":""0d4ebfd66c3e544ac27b"",""score_numerator"":2},{""cost"":1,""journey_id"":""0d7d8df88e19d34d45bc"",""score_numerator"":2},{""cost"":1,""journey_id"":""0ddcd477b5db135dc4bf"",""score_numerator"":2},{""cost"":1,""journey_id"":""10fe21fbc44ae4dfd73b"",""score_numerator"":2},{""cost"":1,""journey_id"":""11c251eaa2a18331cf50"",""score_numerator"":2},{""cost"":1,""journey_id"":""129ca3ea81d1541b9f83"",""score_numerator"":2},{""cost"":1,""journey_id"":""132b1ccf9a1d0d266012"",""score_numerator"":2},{""cost"":1,""journey_id"":""144634e13f9cf55e0207"",""score_numerator"":2},{""cost"":1,""journey_id"":""147bf6cb2e6d77c0f8ec"",""score_numerator"":2},{""cost"":1,""journey_id"":""147d3332c0800d51f013"",""score_numerator"":2},{""cost"":1,""journey_id"":""14b67c84dfbe4a7e7f5c"",""score_numerator"":2},{""cost"":1,""journey_id"":""195acd15b622ebe9001c"",""score_numerator"":2},{""cost"":1,""journey_id"":""19e29fb9f01615676217"",""score_numerator"":2},{""cost"":1,""journey_id"":""1bc4f1ab6a661e0078bf"",""score_numerator"":2},{""cost"":1,""journey_id"":""1bfdf102b31bd278832b"",""score_numerator"":2},{""cost"":1,""journey_id"":""1c635b9c44f2bbdb3a60"",""score_numerator"":2},{""cost"":1,""journey_id"":""1f8f909386945a69e844"",""score_numerator"":2},{""cost"":1,""journey_id"":""205ec36e2674e4064a3a"",""score_numerator"":2},{""cost"":1,""journey_id"":""249dfa0ae844d7c52dc3"",""score_numerator"":2},{""cost"":1,""journey_id"":""266af027f538d75af68f"",""score_numerator"":2},{""cost"":1,""journey_id"":""267f3e5cfc8e3de6b507"",""score_numerator"":2},{""cost"":1,""journey_id"":""26f45172b72231b65e33"",""score_numerator"":2},{""cost"":1,""journey_id"":""28224f1a791793842c57"",""score_numerator"":2},{""cost"":1,""journey_id"":""2a29a7dfd561e7e074ab"",""score_numerator"":2},{""cost"":1,""journey_id"":""2b112e2808958010c20a"",""score_numerator"":2},{""cost"":1,""journey_id"":""2bce97fc17163394687f"",""score_numerator"":2},{""cost"":1,""journey_id"":""2cc71ae0f17a0889c101"",""score_numerator"":2},{""cost"":1,""journey_id"":""2e9bdf6d6dffc0492526"",""score_numerator"":2},{""cost"":1,""journey_id"":""2f49fe684a955d418225"",""score_numerator"":2},{""cost"":1,""journey_id"":""31727c81ee6b86a5e4ea"",""score_numerator"":2},{""cost"":1,""journey_id"":""3223c47c8248b083696c"",""score_numerator"":2},{""cost"":1,""journey_id"":""33b1c09ffc1173824158"",""score_numerator"":2},{""cost"":1,""journey_id"":""355ae65c31d3d3674f77"",""score_numerator"":2},{""cost"":1,""journey_id"":""35946b7eb1c66b492662"",""score_numerator"":2},{""cost"":1,""journey_id"":""3813d6378aaa8152c2e4"",""score_numerator"":2},{""cost"":1,""journey_id"":""386d005c15ce8eb131a2"",""score_numerator"":2},{""cost"":1,""journey_id"":""3938d8e5c5951bc104a9"",""score_numerator"":2},{""cost"":1,""journey_id"":""3bd9caa62128d594e6e7"",""score_numerator"":2},{""cost"":1,""journey_id"":""3c421f97177923feba91"",""score_numerator"":2},{""cost"":1,""journey_id"":""40479ccf4d755603b612"",""score_numerator"":2},{""cost"":1,""journey_id"":""446eba61fba2f2f9b1a5"",""score_numerator"":2},{""cost"":1,""journey_id"":""470a54a6dff7f9c2d535"",""score_numerator"":2},{""cost"":1,""journey_id"":""4b22a7cbc0d25c1c41dd"",""score_numerator"":2},{""cost"":1,""journey_id"":""4cd590916a561840104d"",""score_numerator"":2},{""cost"":1,""journey_id"":""4db371a9a5bc24705505"",""score_numerator"":2},{""cost"":1,""journey_id"":""4e1cc17677f98e1a54df"",""score_numerator"":2}]",64,64,"[""0082a5ab37cfe189384b""]","[""0082a5ab37cfe189384b""]","[{""budget"":0,""judgments"":0,""plan_id"":null,""recorded_events"":[],""remaining_ids"":[""c0"",""c1""],""remaining_witnesses"":64,""status"":""infeasible_in_pool"",""stop"":""judgment_budget_limit""},{""budget"":1,""judgments"":1,""plan_id"":""2bce97fc17163394687f"",""recorded_events"":[""no_distinguishing_witness_in_completed_pool""],""remaining_ids"":[""c1""],""remaining_witnesses"":0,""status"":""satisfiable"",""stop"":""one_class_no_witness""},{""budget"":2,""judgments"":1,""plan_id"":""2bce97fc17163394687f"",""recorded_events"":[""no_distinguishing_witness_in_completed_pool""],""remaining_ids"":[""c1""],""remaining_witnesses"":0,""status"":""satisfiable"",""stop"":""one_class_no_witness""},{""budget"":4,""judgments"":1,""plan_id"":""2bce97fc17163394687f"",""recorded_events"":[""no_distinguishing_witness_in_completed_pool""],""remaining_ids"":[""c1""],""remaining_witnesses"":0,""status"":""satisfiable"",""stop"":""one_class_no_witness""}]","[{""budget"":0,""judgments"":0,""plan_id"":null,""recorded_events"":[],""remaining_ids"":[""c0"",""c1""],""remaining_witnesses"":64,""status"":""infeasible_in_pool"",""stop"":""judgment_budget_limit""},{""budget"":1,""judgments"":1,""plan_id"":""2bce97fc17163394687f"",""recorded_events"":[""no_distinguishing_witness_in_completed_pool""],""remaining_ids"":[""c1""],""remaining_witnesses"":0,""status"":""satisfiable"",""stop"":""one_class_no_witness""},{""budget"":2,""judgments"":1,""plan_id"":""2bce97fc17163394687f"",""recorded_events"":[""no_distinguishing_witness_in_completed_pool""],""remaining_ids"":[""c1""],""remaining_witnesses"":0,""status"":""satisfiable"",""stop"":""one_class_no_witness""},{""budget"":4,""judgments"":1,""plan_id"":""2bce97fc17163394687f"",""recorded_events"":[""no_distinguishing_witness_in_completed_pool""],""remaining_ids"":[""c1""],""remaining_witnesses"":0,""status"":""satisfiable"",""stop"":""one_class_no_witness""}]",two_classes
pilot-26,4,4,0,2,2,"{""00"":16,""01"":13,""11"":22}","[{""I"":1,""ids"":[""c0"",""c1""],""weight"":2}]","{""01"":13}","[{""cost"":1,""journey_id"":""25ceff8491091d0ea763"",""score_numerator"":1},{""cost"":1,""journey_id"":""3ed7b97fd4c5a622fd44"",""score_numerator"":1},{""cost"":1,""journey_id"":""47375fcfe9ec337bf4de"",""score_numerator"":1},{""cost"":1,""journey_id"":""5ceeca34da302fda2f01"",""score_numerator"":1},{""cost"":1,""journey_id"":""7da8c1b9ab88f395d123"",""score_numerator"":1},{""cost"":1,""journey_id"":""98c6ea33ded087d6f5a2"",""score_numerator"":1},{""cost"":1,""journey_id"":""9c48be15db2147416e55"",""score_numerator"":1},{""cost"":1,""journey_id"":""9cba031e597d03ec906d"",""score_numerator"":1},{""cost"":1,""journey_id"":""b49918dd3a8439f73420"",""score_numerator"":1},{""cost"":1,""journey_id"":""c56622fb06612d19a59a"",""score_numerator"":1},{""cost"":1,""journey_id"":""ce9618698b115f3411d6"",""score_numerator"":1},{""cost"":1,""journey_id"":""df31f319221ed0f677f0"",""score_numerator"":1},{""cost"":1,""journey_id"":""f80179f6ea1f9f5f4254"",""score_numerator"":1}]","[{""cost"":1,""journey_id"":""25ceff8491091d0ea763"",""score_numerator"":2},{""cost"":1,""journey_id"":""3ed7b97fd4c5a622fd44"",""score_numerator"":2},{""cost"":1,""journey_id"":""47375fcfe9ec337bf4de"",""score_numerator"":2},{""cost"":1,""journey_id"":""5ceeca34da302fda2f01"",""score_numerator"":2},{""cost"":1,""journey_id"":""7da8c1b9ab88f395d123"",""score_numerator"":2},{""cost"":1,""journey_id"":""98c6ea33ded087d6f5a2"",""score_numerator"":2},{""cost"":1,""journey_id"":""9c48be15db2147416e55"",""score_numerator"":2},{""cost"":1,""journey_id"":""9cba031e597d03ec906d"",""score_numerator"":2},{""cost"":1,""journey_id"":""b49918dd3a8439f73420"",""score_numerator"":2},{""cost"":1,""journey_id"":""c56622fb06612d19a59a"",""score_numerator"":2},{""cost"":1,""journey_id"":""ce9618698b115f3411d6"",""score_numerator"":2},{""cost"":1,""journey_id"":""df31f319221ed0f677f0"",""score_numerator"":2},{""cost"":1,""journey_id"":""f80179f6ea1f9f5f4254"",""score_numerator"":2}]",13,13,"[""25ceff8491091d0ea763""]","[""25ceff8491091d0ea763""]","[{""budget"":0,""judgments"":0,""plan_id"":""4d149284ebebab02f59b"",""recorded_events"":[],""remaining_ids"":[""c0"",""c1""],""remaining_witnesses"":13,""status"":""satisfiable"",""stop"":""judgment_budget_limit""},{""budget"":1,""judgments"":1,""plan_id"":""9c48be15db2147416e55"",""recorded_events"":[""no_distinguishing_witness_in_completed_pool""],""remaining_ids"":[""c1""],""remaining_witnesses"":0,""status"":""satisfiable"",""stop"":""one_class_no_witness""},{""budget"":2,""judgments"":1,""plan_id"":""9c48be15db2147416e55"",""recorded_events"":[""no_distinguishing_witness_in_completed_pool""],""remaining_ids"":[""c1""],""remaining_witnesses"":0,""status"":""satisfiable"",""stop"":""one_class_no_witness""},{""budget"":4,""judgments"":1,""plan_id"":""9c48be15db2147416e55"",""recorded_events"":[""no_distinguishing_witness_in_completed_pool""],""remaining_ids"":[""c1""],""remaining_witnesses"":0,""status"":""satisfiable"",""stop"":""one_class_no_witness""}]","[{""budget"":0,""judgments"":0,""plan_id"":""4d149284ebebab02f59b"",""recorded_events"":[],""remaining_ids"":[""c0"",""c1""],""remaining_witnesses"":13,""status"":""satisfiable"",""stop"":""judgment_budget_limit""},{""budget"":1,""judgments"":1,""plan_id"":""9c48be15db2147416e55"",""recorded_events"":[""no_distinguishing_witness_in_completed_pool""],""remaining_ids"":[""c1""],""remaining_witnesses"":0,""status"":""satisfiable"",""stop"":""one_class_no_witness""},{""budget"":2,""judgments"":1,""plan_id"":""9c48be15db2147416e55"",""recorded_events"":[""no_distinguishing_witness_in_completed_pool""],""remaining_ids"":[""c1""],""remaining_witnesses"":0,""status"":""satisfiable"",""stop"":""one_class_no_witness""},{""budget"":4,""judgments"":1,""plan_id"":""9c48be15db2147416e55"",""recorded_events"":[""no_distinguishing_witness_in_completed_pool""],""remaining_ids"":[""c1""],""remaining_witnesses"":0,""status"":""satisfiable"",""stop"":""one_class_no_witness""}]",two_classes
pilot-27,4,4,0,1,2,"{""01"":256}","[{""I"":1,""ids"":[""c0"",""c2""],""weight"":2}]","{""01"":256}","[{""cost"":1,""journey_id"":""001aadd047bd2fdc8a79"",""score_numerator"":1},{""cost"":1,""journey_id"":""001b61b97851a2b2dc62"",""score_numerator"":1},{""cost"":1,""journey_id"":""0062ecc07585615394eb"",""score_numerator"":1},{""cost"":1,""journey_id"":""00956f6651ffd880c5bc"",""score_numerator"":1},{""cost"":1,""journey_id"":""00e5d30fc9f89ce9443b"",""score_numerator"":1},{""cost"":1,""journey_id"":""00ee900e6e56328dc847"",""score_numerator"":1},{""cost"":1,""journey_id"":""01bdda5a58685fb79315"",""score_numerator"":1},{""cost"":1,""journey_id"":""01e541f865d0cfe74a2c"",""score_numerator"":1},{""cost"":1,""journey_id"":""01ed8e3836ec1f9f6220"",""score_numerator"":1},{""cost"":1,""journey_id"":""0232b0e41142f9add330"",""score_numerator"":1},{""cost"":1,""journey_id"":""02f161683a5020d58595"",""score_numerator"":1},{""cost"":1,""journey_id"":""033028d832c50847460c"",""score_numerator"":1},{""cost"":1,""journey_id"":""0359fa2ac6738c21e232"",""score_numerator"":1},{""cost"":1,""journey_id"":""0373a2027ec30372ecb4"",""score_numerator"":1},{""cost"":1,""journey_id"":""043ad81b35be58d5cb1d"",""score_numerator"":1},{""cost"":1,""journey_id"":""05022a2bba409c5cf7a2"",""score_numerator"":1},{""cost"":1,""journey_id"":""051b1cf222521b4dc289"",""score_numerator"":1},{""cost"":1,""journey_id"":""055d343901e5aa03bc6b"",""score_numerator"":1},{""cost"":1,""journey_id"":""05880652e2bf4bf2f42e"",""score_numerator"":1},{""cost"":1,""journey_id"":""05b820d73f5208e22273"",""score_numerator"":1},{""cost"":1,""journey_id"":""060140cdb020bc3ef480"",""score_numerator"":1},{""cost"":1,""journey_id"":""0601b69e23bd6e94b0d1"",""score_numerator"":1},{""cost"":1,""journey_id"":""06206019bba770dad1c8"",""score_numerator"":1},{""cost"":1,""journey_id"":""0655df0e47d9ac424b3e"",""score_numerator"":1},{""cost"":1,""journey_id"":""0658050480b03816a4fc"",""score_numerator"":1},{""cost"":1,""journey_id"":""0684101c840debe47ddb"",""score_numerator"":1},{""cost"":1,""journey_id"":""068d0ebf2bb3582387d2"",""score_numerator"":1},{""cost"":1,""journey_id"":""06c74250990046920983"",""score_numerator"":1},{""cost"":1,""journey_id"":""06c7b2d7308822cc761b"",""score_numerator"":1},{""cost"":1,""journey_id"":""06d467c4607d629b5f0d"",""score_numerator"":1},{""cost"":1,""journey_id"":""07066756a27614eb0b4a"",""score_numerator"":1},{""cost"":1,""journey_id"":""076d540e0f444d9f0a34"",""score_numerator"":1},{""cost"":1,""journey_id"":""077af6758d769349bd70"",""score_numerator"":1},{""cost"":1,""journey_id"":""078859e3c36bda6143bd"",""score_numerator"":1},{""cost"":1,""journey_id"":""07a88175bb6b969b9351"",""score_numerator"":1},{""cost"":1,""journey_id"":""0865f1c323d32d8a4c03"",""score_numerator"":1},{""cost"":1,""journey_id"":""08870b4c7d05fcafa933"",""score_numerator"":1},{""cost"":1,""journey_id"":""08c4059f35a361139456"",""score_numerator"":1},{""cost"":1,""journey_id"":""0927c4b55df628c5242f"",""score_numerator"":1},{""cost"":1,""journey_id"":""094809efbbd1834751f7"",""score_numerator"":1},{""cost"":1,""journey_id"":""09be770668e43061ae6f"",""score_numerator"":1},{""cost"":1,""journey_id"":""09c9cb471b8711b0d0c9"",""score_numerator"":1},{""cost"":1,""journey_id"":""09da632e2b4420ad281c"",""score_numerator"":1},{""cost"":1,""journey_id"":""09fa076dcb836cf1e69a"",""score_numerator"":1},{""cost"":1,""journey_id"":""09fff4a95330f8a079f3"",""score_numerator"":1},{""cost"":1,""journey_id"":""0a51d64e00f29652821e"",""score_numerator"":1},{""cost"":1,""journey_id"":""0aac9bf6a2fa9fc9718a"",""score_numerator"":1},{""cost"":1,""journey_id"":""0acee6629dde4d9ff3a1"",""score_numerator"":1},{""cost"":1,""journey_id"":""0b2fb38674220ec346a8"",""score_numerator"":1},{""cost"":1,""journey_id"":""0b6f71ed6d1c81767acb"",""score_numerator"":1},{""cost"":1,""journey_id"":""0ba5e45d66230af74d92"",""score_numerator"":1},{""cost"":1,""journey_id"":""0be0d40403819b5255b3"",""score_numerator"":1},{""cost"":1,""journey_id"":""0bf44a1e7130846ac6a1"",""score_numerator"":1},{""cost"":1,""journey_id"":""0bf90ada27e95aacaaf2"",""score_numerator"":1},{""cost"":1,""journey_id"":""0c4052bda4fac2c0ed75"",""score_numerator"":1},{""cost"":1,""journey_id"":""0c7c4ac6fa09e6639c3f"",""score_numerator"":1},{""cost"":1,""journey_id"":""0ccdf17de23687ac121f"",""score_numerator"":1},{""cost"":1,""journey_id"":""0cd1aa5272e367d8cb06"",""score_numerator"":1},{""cost"":1,""journey_id"":""0d59718fca1af8319023"",""score_numerator"":1},{""cost"":1,""journey_id"":""0db602155e71f8d91b45"",""score_numerator"":1},{""cost"":1,""journey_id"":""0dbb1b83cf4703b11f35"",""score_numerator"":1},{""cost"":1,""journey_id"":""0df127dbb30af7fd1808"",""score_numerator"":1},{""cost"":1,""journey_id"":""0e26375335c5e3f77107"",""score_numerator"":1},{""cost"":1,""journey_id"":""0e4a006e6920b3416186"",""score_numerator"":1},{""cost"":1,""journey_id"":""0ea80f7f208885192418"",""score_numerator"":1},{""cost"":1,""journey_id"":""0ed58661504a168c09ff"",""score_numerator"":1},{""cost"":1,""journey_id"":""0ee00aa50c15f5d5e355"",""score_numerator"":1},{""cost"":1,""journey_id"":""0f738d898786fe6850c1"",""score_numerator"":1},{""cost"":1,""journey_id"":""0fae88c2eeaca3f7eaf8"",""score_numerator"":1},{""cost"":1,""journey_id"":""1003ac265a3a091a646a"",""score_numerator"":1},{""cost"":1,""journey_id"":""1020d33533fd9c3a8bb3"",""score_numerator"":1},{""cost"":1,""journey_id"":""10574e6a78e815bf9dcc"",""score_numerator"":1},{""cost"":1,""journey_id"":""10b995cecb703e5280a1"",""score_numerator"":1},{""cost"":1,""journey_id"":""10de375f70fe9f8a34e2"",""score_numerator"":1},{""cost"":1,""journey_id"":""10fde82eb1883c4142d0"",""score_numerator"":1},{""cost"":1,""journey_id"":""11975e3b9e715cf12199"",""score_numerator"":1},{""cost"":1,""journey_id"":""11e5218054d18435072c"",""score_numerator"":1},{""cost"":1,""journey_id"":""1207ab9bda9a07e5b2d2"",""score_numerator"":1},{""cost"":1,""journey_id"":""122dc9ff6be09a5ebad5"",""score_numerator"":1},{""cost"":1,""journey_id"":""1244ea0e692b52394bfe"",""score_numerator"":1},{""cost"":1,""journey_id"":""1270cc6eec3521610006"",""score_numerator"":1},{""cost"":1,""journey_id"":""138e5ff90c0c3d1c3e19"",""score_numerator"":1},{""cost"":1,""journey_id"":""13a417935e59129fd605"",""score_numerator"":1},{""cost"":1,""journey_id"":""1468cb60c9ddc1caabb0"",""score_numerator"":1},{""cost"":1,""journey_id"":""146979a2d9003a7e4179"",""score_numerator"":1},{""cost"":1,""journey_id"":""155200f749975fd22794"",""score_numerator"":1},{""cost"":1,""journey_id"":""1559830709696c05b759"",""score_numerator"":1},{""cost"":1,""journey_id"":""1565ae204e5272444431"",""score_numerator"":1},{""cost"":1,""journey_id"":""15c82c16fd9b20060a14"",""score_numerator"":1},{""cost"":1,""journey_id"":""16366b814a5263b7b694"",""score_numerator"":1},{""cost"":1,""journey_id"":""165719f5d5d811040e71"",""score_numerator"":1},{""cost"":1,""journey_id"":""167e7d85cf13a473bb7e"",""score_numerator"":1},{""cost"":1,""journey_id"":""16a56702913d96eadec1"",""score_numerator"":1},{""cost"":1,""journey_id"":""16a97cbe054eda105362"",""score_numerator"":1},{""cost"":1,""journey_id"":""16d40ef13e98fc981b85"",""score_numerator"":1},{""cost"":1,""journey_id"":""1715ef69f9b0dc9491e5"",""score_numerator"":1},{""cost"":1,""journey_id"":""17185f8ca322fae03e56"",""score_numerator"":1},{""cost"":1,""journey_id"":""173e1fb5f81bcaefab3b"",""score_numerator"":1},{""cost"":1,""journey_id"":""1771a64a22a4c315bb58"",""score_numerator"":1},{""cost"":1,""journey_id"":""1791d6d71560981d4be2"",""score_numerator"":1},{""cost"":1,""journey_id"":""17a7130aa5391c9d37a5"",""score_numerator"":1},{""cost"":1,""journey_id"":""17c679d4604599632750"",""score_numerator"":1},{""cost"":1,""journey_id"":""17d82f66b7f00481a0bf"",""score_numerator"":1},{""cost"":1,""journey_id"":""17da2b9824b68835a2ed"",""score_numerator"":1},{""cost"":1,""journey_id"":""17e318ad57a21b3ed0d1"",""score_numerator"":1},{""cost"":1,""journey_id"":""18032fbb03f8515a9a1f"",""score_numerator"":1},{""cost"":1,""journey_id"":""1818fde94fdc1e3503fb"",""score_numerator"":1},{""cost"":1,""journey_id"":""182a32e8a3a580d27e27"",""score_numerator"":1},{""cost"":1,""journey_id"":""186f4164897aac2dd8b5"",""score_numerator"":1},{""cost"":1,""journey_id"":""18a040b79b7e492bfb29"",""score_numerator"":1},{""cost"":1,""journey_id"":""18acd336be31267f0c1b"",""score_numerator"":1},{""cost"":1,""journey_id"":""18f1fc1759601ffac9a4"",""score_numerator"":1},{""cost"":1,""journey_id"":""18ffaaec3f33408b19cb"",""score_numerator"":1},{""cost"":1,""journey_id"":""195333c0dcb93c525efe"",""score_numerator"":1},{""cost"":1,""journey_id"":""196b9aa290f526b47628"",""score_numerator"":1},{""cost"":1,""journey_id"":""196edcc0ab7aacce20ec"",""score_numerator"":1},{""cost"":1,""journey_id"":""1999b7df62f09d9db576"",""score_numerator"":1},{""cost"":1,""journey_id"":""19d092998653cd249028"",""score_numerator"":1},{""cost"":1,""journey_id"":""19e369759cbe35206b71"",""score_numerator"":1},{""cost"":1,""journey_id"":""1a4752748fc8ae310f2a"",""score_numerator"":1},{""cost"":1,""journey_id"":""1a9bfd325925a28776c2"",""score_numerator"":1},{""cost"":1,""journey_id"":""1aa52b1eaf6b4e1882d9"",""score_numerator"":1},{""cost"":1,""journey_id"":""1af3ed1466454e02f08f"",""score_numerator"":1},{""cost"":1,""journey_id"":""1b143aa833eb781fd8a8"",""score_numerator"":1},{""cost"":1,""journey_id"":""1b296d5712faa5ac2f44"",""score_numerator"":1},{""cost"":1,""journey_id"":""1ba02c2094ecf4e9823d"",""score_numerator"":1},{""cost"":1,""journey_id"":""1ba26f847d07adefac2d"",""score_numerator"":1},{""cost"":1,""journey_id"":""1be2ab38671147d5a6d3"",""score_numerator"":1},{""cost"":1,""journey_id"":""1bece4b9016fed3a3933"",""score_numerator"":1},{""cost"":1,""journey_id"":""1c2a0dd2e10ccc943ce9"",""score_numerator"":1},{""cost"":1,""journey_id"":""1c3ce659aecb0c90f189"",""score_numerator"":1},{""cost"":1,""journey_id"":""1c537414b6b2c734058c"",""score_numerator"":1},{""cost"":1,""journey_id"":""1c852fec39f30e137e77"",""score_numerator"":1},{""cost"":1,""journey_id"":""1c8f856c34e1bee7cf18"",""score_numerator"":1},{""cost"":1,""journey_id"":""1ce1282f6e99d755a36f"",""score_numerator"":1},{""cost"":1,""journey_id"":""1d06a261dbecab84f117"",""score_numerator"":1},{""cost"":1,""journey_id"":""1d08b59db99dc442f26d"",""score_numerator"":1},{""cost"":1,""journey_id"":""1d2bd6de673e1051d73a"",""score_numerator"":1},{""cost"":1,""journey_id"":""1d692e98476f9a1f9fc8"",""score_numerator"":1},{""cost"":1,""journey_id"":""1d917b5d931e2e2fc6ce"",""score_numerator"":1},{""cost"":1,""journey_id"":""1d91a45729eae07a2aad"",""score_numerator"":1},{""cost"":1,""journey_id"":""1dea0dafe83161628ee3"",""score_numerator"":1},{""cost"":1,""journey_id"":""1df043f9d9835f4f54ae"",""score_numerator"":1},{""cost"":1,""journey_id"":""1e2628cecdb816b377a9"",""score_numerator"":1},{""cost"":1,""journey_id"":""1f77b236babdd82758df"",""score_numerator"":1},{""cost"":1,""journey_id"":""1f8bc187df32a30c3794"",""score_numerator"":1},{""cost"":1,""journey_id"":""1fb2ffbabd1d3811c7f3"",""score_numerator"":1},{""cost"":1,""journey_id"":""1ff8b0b7bc39634fc124"",""score_numerator"":1},{""cost"":1,""journey_id"":""1ffc7cd12105afa7f5c1"",""score_numerator"":1},{""cost"":1,""journey_id"":""1ffe5c7b481468ec33ee"",""score_numerator"":1},{""cost"":1,""journey_id"":""202b64a6cb94c586197a"",""score_numerator"":1},{""cost"":1,""journey_id"":""205656cffed9cffa72cc"",""score_numerator"":1},{""cost"":1,""journey_id"":""2056b47479ae2c109940"",""score_numerator"":1},{""cost"":1,""journey_id"":""2084f8cbee35b6b2a7d3"",""score_numerator"":1},{""cost"":1,""journey_id"":""208b5e0e7fc0f8c7e7b6"",""score_numerator"":1},{""cost"":1,""journey_id"":""20a70b795daf3ea4e53d"",""score_numerator"":1},{""cost"":1,""journey_id"":""20f165bf7c87b6781520"",""score_numerator"":1},{""cost"":1,""journey_id"":""20f3eaf6135c48096be6"",""score_numerator"":1},{""cost"":1,""journey_id"":""21221db10d8f3c1daa12"",""score_numerator"":1},{""cost"":1,""journey_id"":""214c5c3a8d1f410c78ab"",""score_numerator"":1},{""cost"":1,""journey_id"":""21827cf6d33cdb618ac1"",""score_numerator"":1},{""cost"":1,""journey_id"":""21bb35edfc1c5b18dea8"",""score_numerator"":1},{""cost"":1,""journey_id"":""21d99acd79f16be51f60"",""score_numerator"":1},{""cost"":1,""journey_id"":""22108ed2c63bd6101e83"",""score_numerator"":1},{""cost"":1,""journey_id"":""22199676f4b9721e9fc0"",""score_numerator"":1},{""cost"":1,""journey_id"":""222cd5aaa188e52cea68"",""score_numerator"":1},{""cost"":1,""journey_id"":""224679fcab3909caa6fe"",""score_numerator"":1},{""cost"":1,""journey_id"":""225b4d5374d1f3cddb84"",""score_numerator"":1},{""cost"":1,""journey_id"":""226bab2efcef08fc7bb9"",""score_numerator"":1},{""cost"":1,""journey_id"":""227e9cfc42cd4f6bb6e7"",""score_numerator"":1},{""cost"":1,""journey_id"":""228b79c1a77a287aba29"",""score_numerator"":1},{""cost"":1,""journey_id"":""2290de3bf8ebbf84f700"",""score_numerator"":1},{""cost"":1,""journey_id"":""22dfd8b7d7b7f29f50d3"",""score_numerator"":1},{""cost"":1,""journey_id"":""22f587b20782de1817c1"",""score_numerator"":1},{""cost"":1,""journey_id"":""230d36477b8b7ae7d817"",""score_numerator"":1},{""cost"":1,""journey_id"":""232b8d8abe875fbba1cb"",""score_numerator"":1},{""cost"":1,""journey_id"":""23f49bc4bb0b07f5fb06"",""score_numerator"":1},{""cost"":1,""journey_id"":""2412b369992890ac7481"",""score_numerator"":1},{""cost"":1,""journey_id"":""241e272ccf26a04a43a7"",""score_numerator"":1},{""cost"":1,""journey_id"":""242a1eee3f4512d52f44"",""score_numerator"":1},{""cost"":1,""journey_id"":""242c3c1e92a56fc34c00"",""score_numerator"":1},{""cost"":1,""journey_id"":""24391a55229625b87bad"",""score_numerator"":1},{""cost"":1,""journey_id"":""246301473c7f8101a314"",""score_numerator"":1},{""cost"":1,""journey_id"":""247fb204fe52ad9c4173"",""score_numerator"":1},{""cost"":1,""journey_id"":""2495c89ac9797d32921b"",""score_numerator"":1},{""cost"":1,""journey_id"":""24e5b1b73e8d579be479"",""score_numerator"":1},{""cost"":1,""journey_id"":""25035d4c12e40e0cbe64"",""score_numerator"":1},{""cost"":1,""journey_id"":""25a54a26a6fd4cffeb88"",""score_numerator"":1},{""cost"":1,""journey_id"":""25aafa0a093ac018eb76"",""score_numerator"":1},{""cost"":1,""journey_id"":""25efa5dd6776fe70e228"",""score_numerator"":1},{""cost"":1,""journey_id"":""2607ab5e26161dcff89f"",""score_numerator"":1},{""cost"":1,""journey_id"":""2636895a7c90abf1ac8d"",""score_numerator"":1},{""cost"":1,""journey_id"":""264eaba3e0611f2d5609"",""score_numerator"":1},{""cost"":1,""journey_id"":""26543ea4491d805ccf8c"",""score_numerator"":1},{""cost"":1,""journey_id"":""26a2cbd1dd6c7983b524"",""score_numerator"":1},{""cost"":1,""journey_id"":""26a99350f7048b2699da"",""score_numerator"":1},{""cost"":1,""journey_id"":""26b7173e026256825822"",""score_numerator"":1},{""cost"":1,""journey_id"":""26f524055b87d95a878e"",""score_numerator"":1},{""cost"":1,""journey_id"":""271d66204f600b256d9c"",""score_numerator"":1},{""cost"":1,""journey_id"":""271d79346d9725f6f006"",""score_numerator"":1},{""cost"":1,""journey_id"":""27416d93c19298d95e70"",""score_numerator"":1},{""cost"":1,""journey_id"":""27aaeea3260e59bd6c68"",""score_numerator"":1},{""cost"":1,""journey_id"":""27b2f388806be3da6f98"",""score_numerator"":1},{""cost"":1,""journey_id"":""27b821e401076f7e7c77"",""score_numerator"":1},{""cost"":1,""journey_id"":""27d96edb1cb1c5cc1d2f"",""score_numerator"":1},{""cost"":1,""journey_id"":""27ec5a28c5c3d186aa44"",""score_numerator"":1},{""cost"":1,""journey_id"":""2819ada50f48a9d17d36"",""score_numerator"":1},{""cost"":1,""journey_id"":""2819d76b3bcb426042b4"",""score_numerator"":1},{""cost"":1,""journey_id"":""2821a7bdad8ed9ed6ead"",""score_numerator"":1},{""cost"":1,""journey_id"":""2825ca551001055191cb"",""score_numerator"":1},{""cost"":1,""journey_id"":""2856d91ca64a9903ef5e"",""score_numerator"":1},{""cost"":1,""journey_id"":""2862e9d011149d0e42b7"",""score_numerator"":1},{""cost"":1,""journey_id"":""286f36f0ab1cc7387f16"",""score_numerator"":1},{""cost"":1,""journey_id"":""288927ff489e37668ade"",""score_numerator"":1},{""cost"":1,""journey_id"":""28c286244080286f89d0"",""score_numerator"":1},{""cost"":1,""journey_id"":""28ddf6f99a972401e4b4"",""score_numerator"":1},{""cost"":1,""journey_id"":""28f569019028a4d90eca"",""score_numerator"":1},{""cost"":1,""journey_id"":""2925d8b3967e1467a76e"",""score_numerator"":1},{""cost"":1,""journey_id"":""2947484502da9f999a44"",""score_numerator"":1},{""cost"":1,""journey_id"":""2969d6c9ce2e7dc179d2"",""score_numerator"":1},{""cost"":1,""journey_id"":""29e369abb1b34e98c8eb"",""score_numerator"":1},{""cost"":1,""journey_id"":""29ee46b90cf44f079329"",""score_numerator"":1},{""cost"":1,""journey_id"":""2a961bef6c86b2a01529"",""score_numerator"":1},{""cost"":1,""journey_id"":""2aa59605588c5c8c0a92"",""score_numerator"":1},{""cost"":1,""journey_id"":""2ab22b8b9c2d5dab4656"",""score_numerator"":1},{""cost"":1,""journey_id"":""2ab9ee4c3715e793a90b"",""score_numerator"":1},{""cost"":1,""journey_id"":""2ad7a3c6eff73f6f5eec"",""score_numerator"":1},{""cost"":1,""journey_id"":""2af2514870e7dc177d0d"",""score_numerator"":1},{""cost"":1,""journey_id"":""2b2fbde5ac63e01a29b5"",""score_numerator"":1},{""cost"":1,""journey_id"":""2b378fa7a218ea05d9ba"",""score_numerator"":1},{""cost"":1,""journey_id"":""2b62c1fffb73507f53a9"",""score_numerator"":1},{""cost"":1,""journey_id"":""2b817b5b58d2df45802b"",""score_numerator"":1},{""cost"":1,""journey_id"":""2b87cb8e125af5ebe834"",""score_numerator"":1},{""cost"":1,""journey_id"":""2b8f58770f78d2bafbee"",""score_numerator"":1},{""cost"":1,""journey_id"":""2bb52fa6970a1a615440"",""score_numerator"":1},{""cost"":1,""journey_id"":""2bc51783b1f62490123f"",""score_numerator"":1},{""cost"":1,""journey_id"":""2bdbbdbc77591fd1c2d5"",""score_numerator"":1},{""cost"":1,""journey_id"":""2be58c2f2ae5339df821"",""score_numerator"":1},{""cost"":1,""journey_id"":""2be9860a11c5900ff0c4"",""score_numerator"":1},{""cost"":1,""journey_id"":""2bfa31c7bf6bdae44656"",""score_numerator"":1},{""cost"":1,""journey_id"":""2c218ae2797f862c1508"",""score_numerator"":1},{""cost"":1,""journey_id"":""2c2d91cf66385574f2ce"",""score_numerator"":1},{""cost"":1,""journey_id"":""2c74aab85d6402543a3e"",""score_numerator"":1},{""cost"":1,""journey_id"":""2c90b524f060e89dbc9f"",""score_numerator"":1},{""cost"":1,""journey_id"":""2cac5ca90edf1fe6efdb"",""score_numerator"":1},{""cost"":1,""journey_id"":""2d2e56130c1ada9910f0"",""score_numerator"":1},{""cost"":1,""journey_id"":""2d335920f6f64866df8d"",""score_numerator"":1},{""cost"":1,""journey_id"":""2d359ff00b9f7e1e4d5d"",""score_numerator"":1},{""cost"":1,""journey_id"":""2d79b9cce8e21f32ed3a"",""score_numerator"":1},{""cost"":1,""journey_id"":""2d851c814f8edc5d20a0"",""score_numerator"":1},{""cost"":1,""journey_id"":""2de918ebffc85fcf5831"",""score_numerator"":1},{""cost"":1,""journey_id"":""2e2710972746aa9ab841"",""score_numerator"":1},{""cost"":1,""journey_id"":""2e40bf32bfc4e6478c8f"",""score_numerator"":1},{""cost"":1,""journey_id"":""2e51c4b35c596c836b64"",""score_numerator"":1},{""cost"":1,""journey_id"":""2e9214a65989f02b933b"",""score_numerator"":1},{""cost"":1,""journey_id"":""2e93cf7cf46441154079"",""score_numerator"":1}]","[{""cost"":1,""journey_id"":""001aadd047bd2fdc8a79"",""score_numerator"":2},{""cost"":1,""journey_id"":""001b61b97851a2b2dc62"",""score_numerator"":2},{""cost"":1,""journey_id"":""0062ecc07585615394eb"",""score_numerator"":2},{""cost"":1,""journey_id"":""00956f6651ffd880c5bc"",""score_numerator"":2},{""cost"":1,""journey_id"":""00e5d30fc9f89ce9443b"",""score_numerator"":2},{""cost"":1,""journey_id"":""00ee900e6e56328dc847"",""score_numerator"":2},{""cost"":1,""journey_id"":""01bdda5a58685fb79315"",""score_numerator"":2},{""cost"":1,""journey_id"":""01e541f865d0cfe74a2c"",""score_numerator"":2},{""cost"":1,""journey_id"":""01ed8e3836ec1f9f6220"",""score_numerator"":2},{""cost"":1,""journey_id"":""0232b0e41142f9add330"",""score_numerator"":2},{""cost"":1,""journey_id"":""02f161683a5020d58595"",""score_numerator"":2},{""cost"":1,""journey_id"":""033028d832c50847460c"",""score_numerator"":2},{""cost"":1,""journey_id"":""0359fa2ac6738c21e232"",""score_numerator"":2},{""cost"":1,""journey_id"":""0373a2027ec30372ecb4"",""score_numerator"":2},{""cost"":1,""journey_id"":""043ad81b35be58d5cb1d"",""score_numerator"":2},{""cost"":1,""journey_id"":""05022a2bba409c5cf7a2"",""score_numerator"":2},{""cost"":1,""journey_id"":""051b1cf222521b4dc289"",""score_numerator"":2},{""cost"":1,""journey_id"":""055d343901e5aa03bc6b"",""score_numerator"":2},{""cost"":1,""journey_id"":""05880652e2bf4bf2f42e"",""score_numerator"":2},{""cost"":1,""journey_id"":""05b820d73f5208e22273"",""score_numerator"":2},{""cost"":1,""journey_id"":""060140cdb020bc3ef480"",""score_numerator"":2},{""cost"":1,""journey_id"":""0601b69e23bd6e94b0d1"",""score_numerator"":2},{""cost"":1,""journey_id"":""06206019bba770dad1c8"",""score_numerator"":2},{""cost"":1,""journey_id"":""0655df0e47d9ac424b3e"",""score_numerator"":2},{""cost"":1,""journey_id"":""0658050480b03816a4fc"",""score_numerator"":2},{""cost"":1,""journey_id"":""0684101c840debe47ddb"",""score_numerator"":2},{""cost"":1,""journey_id"":""068d0ebf2bb3582387d2"",""score_numerator"":2},{""cost"":1,""journey_id"":""06c74250990046920983"",""score_numerator"":2},{""cost"":1,""journey_id"":""06c7b2d7308822cc761b"",""score_numerator"":2},{""cost"":1,""journey_id"":""06d467c4607d629b5f0d"",""score_numerator"":2},{""cost"":1,""journey_id"":""07066756a27614eb0b4a"",""score_numerator"":2},{""cost"":1,""journey_id"":""076d540e0f444d9f0a34"",""score_numerator"":2},{""cost"":1,""journey_id"":""077af6758d769349bd70"",""score_numerator"":2},{""cost"":1,""journey_id"":""078859e3c36bda6143bd"",""score_numerator"":2},{""cost"":1,""journey_id"":""07a88175bb6b969b9351"",""score_numerator"":2},{""cost"":1,""journey_id"":""0865f1c323d32d8a4c03"",""score_numerator"":2},{""cost"":1,""journey_id"":""08870b4c7d05fcafa933"",""score_numerator"":2},{""cost"":1,""journey_id"":""08c4059f35a361139456"",""score_numerator"":2},{""cost"":1,""journey_id"":""0927c4b55df628c5242f"",""score_numerator"":2},{""cost"":1,""journey_id"":""094809efbbd1834751f7"",""score_numerator"":2},{""cost"":1,""journey_id"":""09be770668e43061ae6f"",""score_numerator"":2},{""cost"":1,""journey_id"":""09c9cb471b8711b0d0c9"",""score_numerator"":2},{""cost"":1,""journey_id"":""09da632e2b4420ad281c"",""score_numerator"":2},{""cost"":1,""journey_id"":""09fa076dcb836cf1e69a"",""score_numerator"":2},{""cost"":1,""journey_id"":""09fff4a95330f8a079f3"",""score_numerator"":2},{""cost"":1,""journey_id"":""0a51d64e00f29652821e"",""score_numerator"":2},{""cost"":1,""journey_id"":""0aac9bf6a2fa9fc9718a"",""score_numerator"":2},{""cost"":1,""journey_id"":""0acee6629dde4d9ff3a1"",""score_numerator"":2},{""cost"":1,""journey_id"":""0b2fb38674220ec346a8"",""score_numerator"":2},{""cost"":1,""journey_id"":""0b6f71ed6d1c81767acb"",""score_numerator"":2},{""cost"":1,""journey_id"":""0ba5e45d66230af74d92"",""score_numerator"":2},{""cost"":1,""journey_id"":""0be0d40403819b5255b3"",""score_numerator"":2},{""cost"":1,""journey_id"":""0bf44a1e7130846ac6a1"",""score_numerator"":2},{""cost"":1,""journey_id"":""0bf90ada27e95aacaaf2"",""score_numerator"":2},{""cost"":1,""journey_id"":""0c4052bda4fac2c0ed75"",""score_numerator"":2},{""cost"":1,""journey_id"":""0c7c4ac6fa09e6639c3f"",""score_numerator"":2},{""cost"":1,""journey_id"":""0ccdf17de23687ac121f"",""score_numerator"":2},{""cost"":1,""journey_id"":""0cd1aa5272e367d8cb06"",""score_numerator"":2},{""cost"":1,""journey_id"":""0d59718fca1af8319023"",""score_numerator"":2},{""cost"":1,""journey_id"":""0db602155e71f8d91b45"",""score_numerator"":2},{""cost"":1,""journey_id"":""0dbb1b83cf4703b11f35"",""score_numerator"":2},{""cost"":1,""journey_id"":""0df127dbb30af7fd1808"",""score_numerator"":2},{""cost"":1,""journey_id"":""0e26375335c5e3f77107"",""score_numerator"":2},{""cost"":1,""journey_id"":""0e4a006e6920b3416186"",""score_numerator"":2},{""cost"":1,""journey_id"":""0ea80f7f208885192418"",""score_numerator"":2},{""cost"":1,""journey_id"":""0ed58661504a168c09ff"",""score_numerator"":2},{""cost"":1,""journey_id"":""0ee00aa50c15f5d5e355"",""score_numerator"":2},{""cost"":1,""journey_id"":""0f738d898786fe6850c1"",""score_numerator"":2},{""cost"":1,""journey_id"":""0fae88c2eeaca3f7eaf8"",""score_numerator"":2},{""cost"":1,""journey_id"":""1003ac265a3a091a646a"",""score_numerator"":2},{""cost"":1,""journey_id"":""1020d33533fd9c3a8bb3"",""score_numerator"":2},{""cost"":1,""journey_id"":""10574e6a78e815bf9dcc"",""score_numerator"":2},{""cost"":1,""journey_id"":""10b995cecb703e5280a1"",""score_numerator"":2},{""cost"":1,""journey_id"":""10de375f70fe9f8a34e2"",""score_numerator"":2},{""cost"":1,""journey_id"":""10fde82eb1883c4142d0"",""score_numerator"":2},{""cost"":1,""journey_id"":""11975e3b9e715cf12199"",""score_numerator"":2},{""cost"":1,""journey_id"":""11e5218054d18435072c"",""score_numerator"":2},{""cost"":1,""journey_id"":""1207ab9bda9a07e5b2d2"",""score_numerator"":2},{""cost"":1,""journey_id"":""122dc9ff6be09a5ebad5"",""score_numerator"":2},{""cost"":1,""journey_id"":""1244ea0e692b52394bfe"",""score_numerator"":2},{""cost"":1,""journey_id"":""1270cc6eec3521610006"",""score_numerator"":2},{""cost"":1,""journey_id"":""138e5ff90c0c3d1c3e19"",""score_numerator"":2},{""cost"":1,""journey_id"":""13a417935e59129fd605"",""score_numerator"":2},{""cost"":1,""journey_id"":""1468cb60c9ddc1caabb0"",""score_numerator"":2},{""cost"":1,""journey_id"":""146979a2d9003a7e4179"",""score_numerator"":2},{""cost"":1,""journey_id"":""155200f749975fd22794"",""score_numerator"":2},{""cost"":1,""journey_id"":""1559830709696c05b759"",""score_numerator"":2},{""cost"":1,""journey_id"":""1565ae204e5272444431"",""score_numerator"":2},{""cost"":1,""journey_id"":""15c82c16fd9b20060a14"",""score_numerator"":2},{""cost"":1,""journey_id"":""16366b814a5263b7b694"",""score_numerator"":2},{""cost"":1,""journey_id"":""165719f5d5d811040e71"",""score_numerator"":2},{""cost"":1,""journey_id"":""167e7d85cf13a473bb7e"",""score_numerator"":2},{""cost"":1,""journey_id"":""16a56702913d96eadec1"",""score_numerator"":2},{""cost"":1,""journey_id"":""16a97cbe054eda105362"",""score_numerator"":2},{""cost"":1,""journey_id"":""16d40ef13e98fc981b85"",""score_numerator"":2},{""cost"":1,""journey_id"":""1715ef69f9b0dc9491e5"",""score_numerator"":2},{""cost"":1,""journey_id"":""17185f8ca322fae03e56"",""score_numerator"":2},{""cost"":1,""journey_id"":""173e1fb5f81bcaefab3b"",""score_numerator"":2},{""cost"":1,""journey_id"":""1771a64a22a4c315bb58"",""score_numerator"":2},{""cost"":1,""journey_id"":""1791d6d71560981d4be2"",""score_numerator"":2},{""cost"":1,""journey_id"":""17a7130aa5391c9d37a5"",""score_numerator"":2},{""cost"":1,""journey_id"":""17c679d4604599632750"",""score_numerator"":2},{""cost"":1,""journey_id"":""17d82f66b7f00481a0bf"",""score_numerator"":2},{""cost"":1,""journey_id"":""17da2b9824b68835a2ed"",""score_numerator"":2},{""cost"":1,""journey_id"":""17e318ad57a21b3ed0d1"",""score_numerator"":2},{""cost"":1,""journey_id"":""18032fbb03f8515a9a1f"",""score_numerator"":2},{""cost"":1,""journey_id"":""1818fde94fdc1e3503fb"",""score_numerator"":2},{""cost"":1,""journey_id"":""182a32e8a3a580d27e27"",""score_numerator"":2},{""cost"":1,""journey_id"":""186f4164897aac2dd8b5"",""score_numerator"":2},{""cost"":1,""journey_id"":""18a040b79b7e492bfb29"",""score_numerator"":2},{""cost"":1,""journey_id"":""18acd336be31267f0c1b"",""score_numerator"":2},{""cost"":1,""journey_id"":""18f1fc1759601ffac9a4"",""score_numerator"":2},{""cost"":1,""journey_id"":""18ffaaec3f33408b19cb"",""score_numerator"":2},{""cost"":1,""journey_id"":""195333c0dcb93c525efe"",""score_numerator"":2},{""cost"":1,""journey_id"":""196b9aa290f526b47628"",""score_numerator"":2},{""cost"":1,""journey_id"":""196edcc0ab7aacce20ec"",""score_numerator"":2},{""cost"":1,""journey_id"":""1999b7df62f09d9db576"",""score_numerator"":2},{""cost"":1,""journey_id"":""19d092998653cd249028"",""score_numerator"":2},{""cost"":1,""journey_id"":""19e369759cbe35206b71"",""score_numerator"":2},{""cost"":1,""journey_id"":""1a4752748fc8ae310f2a"",""score_numerator"":2},{""cost"":1,""journey_id"":""1a9bfd325925a28776c2"",""score_numerator"":2},{""cost"":1,""journey_id"":""1aa52b1eaf6b4e1882d9"",""score_numerator"":2},{""cost"":1,""journey_id"":""1af3ed1466454e02f08f"",""score_numerator"":2},{""cost"":1,""journey_id"":""1b143aa833eb781fd8a8"",""score_numerator"":2},{""cost"":1,""journey_id"":""1b296d5712faa5ac2f44"",""score_numerator"":2},{""cost"":1,""journey_id"":""1ba02c2094ecf4e9823d"",""score_numerator"":2},{""cost"":1,""journey_id"":""1ba26f847d07adefac2d"",""score_numerator"":2},{""cost"":1,""journey_id"":""1be2ab38671147d5a6d3"",""score_numerator"":2},{""cost"":1,""journey_id"":""1bece4b9016fed3a3933"",""score_numerator"":2},{""cost"":1,""journey_id"":""1c2a0dd2e10ccc943ce9"",""score_numerator"":2},{""cost"":1,""journey_id"":""1c3ce659aecb0c90f189"",""score_numerator"":2},{""cost"":1,""journey_id"":""1c537414b6b2c734058c"",""score_numerator"":2},{""cost"":1,""journey_id"":""1c852fec39f30e137e77"",""score_numerator"":2},{""cost"":1,""journey_id"":""1c8f856c34e1bee7cf18"",""score_numerator"":2},{""cost"":1,""journey_id"":""1ce1282f6e99d755a36f"",""score_numerator"":2},{""cost"":1,""journey_id"":""1d06a261dbecab84f117"",""score_numerator"":2},{""cost"":1,""journey_id"":""1d08b59db99dc442f26d"",""score_numerator"":2},{""cost"":1,""journey_id"":""1d2bd6de673e1051d73a"",""score_numerator"":2},{""cost"":1,""journey_id"":""1d692e98476f9a1f9fc8"",""score_numerator"":2},{""cost"":1,""journey_id"":""1d917b5d931e2e2fc6ce"",""score_numerator"":2},{""cost"":1,""journey_id"":""1d91a45729eae07a2aad"",""score_numerator"":2},{""cost"":1,""journey_id"":""1dea0dafe83161628ee3"",""score_numerator"":2},{""cost"":1,""journey_id"":""1df043f9d9835f4f54ae"",""score_numerator"":2},{""cost"":1,""journey_id"":""1e2628cecdb816b377a9"",""score_numerator"":2},{""cost"":1,""journey_id"":""1f77b236babdd82758df"",""score_numerator"":2},{""cost"":1,""journey_id"":""1f8bc187df32a30c3794"",""score_numerator"":2},{""cost"":1,""journey_id"":""1fb2ffbabd1d3811c7f3"",""score_numerator"":2},{""cost"":1,""journey_id"":""1ff8b0b7bc39634fc124"",""score_numerator"":2},{""cost"":1,""journey_id"":""1ffc7cd12105afa7f5c1"",""score_numerator"":2},{""cost"":1,""journey_id"":""1ffe5c7b481468ec33ee"",""score_numerator"":2},{""cost"":1,""journey_id"":""202b64a6cb94c586197a"",""score_numerator"":2},{""cost"":1,""journey_id"":""205656cffed9cffa72cc"",""score_numerator"":2},{""cost"":1,""journey_id"":""2056b47479ae2c109940"",""score_numerator"":2},{""cost"":1,""journey_id"":""2084f8cbee35b6b2a7d3"",""score_numerator"":2},{""cost"":1,""journey_id"":""208b5e0e7fc0f8c7e7b6"",""score_numerator"":2},{""cost"":1,""journey_id"":""20a70b795daf3ea4e53d"",""score_numerator"":2},{""cost"":1,""journey_id"":""20f165bf7c87b6781520"",""score_numerator"":2},{""cost"":1,""journey_id"":""20f3eaf6135c48096be6"",""score_numerator"":2},{""cost"":1,""journey_id"":""21221db10d8f3c1daa12"",""score_numerator"":2},{""cost"":1,""journey_id"":""214c5c3a8d1f410c78ab"",""score_numerator"":2},{""cost"":1,""journey_id"":""21827cf6d33cdb618ac1"",""score_numerator"":2},{""cost"":1,""journey_id"":""21bb35edfc1c5b18dea8"",""score_numerator"":2},{""cost"":1,""journey_id"":""21d99acd79f16be51f60"",""score_numerator"":2},{""cost"":1,""journey_id"":""22108ed2c63bd6101e83"",""score_numerator"":2},{""cost"":1,""journey_id"":""22199676f4b9721e9fc0"",""score_numerator"":2},{""cost"":1,""journey_id"":""222cd5aaa188e52cea68"",""score_numerator"":2},{""cost"":1,""journey_id"":""224679fcab3909caa6fe"",""score_numerator"":2},{""cost"":1,""journey_id"":""225b4d5374d1f3cddb84"",""score_numerator"":2},{""cost"":1,""journey_id"":""226bab2efcef08fc7bb9"",""score_numerator"":2},{""cost"":1,""journey_id"":""227e9cfc42cd4f6bb6e7"",""score_numerator"":2},{""cost"":1,""journey_id"":""228b79c1a77a287aba29"",""score_numerator"":2},{""cost"":1,""journey_id"":""2290de3bf8ebbf84f700"",""score_numerator"":2},{""cost"":1,""journey_id"":""22dfd8b7d7b7f29f50d3"",""score_numerator"":2},{""cost"":1,""journey_id"":""22f587b20782de1817c1"",""score_numerator"":2},{""cost"":1,""journey_id"":""230d36477b8b7ae7d817"",""score_numerator"":2},{""cost"":1,""journey_id"":""232b8d8abe875fbba1cb"",""score_numerator"":2},{""cost"":1,""journey_id"":""23f49bc4bb0b07f5fb06"",""score_numerator"":2},{""cost"":1,""journey_id"":""2412b369992890ac7481"",""score_numerator"":2},{""cost"":1,""journey_id"":""241e272ccf26a04a43a7"",""score_numerator"":2},{""cost"":1,""journey_id"":""242a1eee3f4512d52f44"",""score_numerator"":2},{""cost"":1,""journey_id"":""242c3c1e92a56fc34c00"",""score_numerator"":2},{""cost"":1,""journey_id"":""24391a55229625b87bad"",""score_numerator"":2},{""cost"":1,""journey_id"":""246301473c7f8101a314"",""score_numerator"":2},{""cost"":1,""journey_id"":""247fb204fe52ad9c4173"",""score_numerator"":2},{""cost"":1,""journey_id"":""2495c89ac9797d32921b"",""score_numerator"":2},{""cost"":1,""journey_id"":""24e5b1b73e8d579be479"",""score_numerator"":2},{""cost"":1,""journey_id"":""25035d4c12e40e0cbe64"",""score_numerator"":2},{""cost"":1,""journey_id"":""25a54a26a6fd4cffeb88"",""score_numerator"":2},{""cost"":1,""journey_id"":""25aafa0a093ac018eb76"",""score_numerator"":2},{""cost"":1,""journey_id"":""25efa5dd6776fe70e228"",""score_numerator"":2},{""cost"":1,""journey_id"":""2607ab5e26161dcff89f"",""score_numerator"":2},{""cost"":1,""journey_id"":""2636895a7c90abf1ac8d"",""score_numerator"":2},{""cost"":1,""journey_id"":""264eaba3e0611f2d5609"",""score_numerator"":2},{""cost"":1,""journey_id"":""26543ea4491d805ccf8c"",""score_numerator"":2},{""cost"":1,""journey_id"":""26a2cbd1dd6c7983b524"",""score_numerator"":2},{""cost"":1,""journey_id"":""26a99350f7048b2699da"",""score_numerator"":2},{""cost"":1,""journey_id"":""26b7173e026256825822"",""score_numerator"":2},{""cost"":1,""journey_id"":""26f524055b87d95a878e"",""score_numerator"":2},{""cost"":1,""journey_id"":""271d66204f600b256d9c"",""score_numerator"":2},{""cost"":1,""journey_id"":""271d79346d9725f6f006"",""score_numerator"":2},{""cost"":1,""journey_id"":""27416d93c19298d95e70"",""score_numerator"":2},{""cost"":1,""journey_id"":""27aaeea3260e59bd6c68"",""score_numerator"":2},{""cost"":1,""journey_id"":""27b2f388806be3da6f98"",""score_numerator"":2},{""cost"":1,""journey_id"":""27b821e401076f7e7c77"",""score_numerator"":2},{""cost"":1,""journey_id"":""27d96edb1cb1c5cc1d2f"",""score_numerator"":2},{""cost"":1,""journey_id"":""27ec5a28c5c3d186aa44"",""score_numerator"":2},{""cost"":1,""journey_id"":""2819ada50f48a9d17d36"",""score_numerator"":2},{""cost"":1,""journey_id"":""2819d76b3bcb426042b4"",""score_numerator"":2},{""cost"":1,""journey_id"":""2821a7bdad8ed9ed6ead"",""score_numerator"":2},{""cost"":1,""journey_id"":""2825ca551001055191cb"",""score_numerator"":2},{""cost"":1,""journey_id"":""2856d91ca64a9903ef5e"",""score_numerator"":2},{""cost"":1,""journey_id"":""2862e9d011149d0e42b7"",""score_numerator"":2},{""cost"":1,""journey_id"":""286f36f0ab1cc7387f16"",""score_numerator"":2},{""cost"":1,""journey_id"":""288927ff489e37668ade"",""score_numerator"":2},{""cost"":1,""journey_id"":""28c286244080286f89d0"",""score_numerator"":2},{""cost"":1,""journey_id"":""28ddf6f99a972401e4b4"",""score_numerator"":2},{""cost"":1,""journey_id"":""28f569019028a4d90eca"",""score_numerator"":2},{""cost"":1,""journey_id"":""2925d8b3967e1467a76e"",""score_numerator"":2},{""cost"":1,""journey_id"":""2947484502da9f999a44"",""score_numerator"":2},{""cost"":1,""journey_id"":""2969d6c9ce2e7dc179d2"",""score_numerator"":2},{""cost"":1,""journey_id"":""29e369abb1b34e98c8eb"",""score_numerator"":2},{""cost"":1,""journey_id"":""29ee46b90cf44f079329"",""score_numerator"":2},{""cost"":1,""journey_id"":""2a961bef6c86b2a01529"",""score_numerator"":2},{""cost"":1,""journey_id"":""2aa59605588c5c8c0a92"",""score_numerator"":2},{""cost"":1,""journey_id"":""2ab22b8b9c2d5dab4656"",""score_numerator"":2},{""cost"":1,""journey_id"":""2ab9ee4c3715e793a90b"",""score_numerator"":2},{""cost"":1,""journey_id"":""2ad7a3c6eff73f6f5eec"",""score_numerator"":2},{""cost"":1,""journey_id"":""2af2514870e7dc177d0d"",""score_numerator"":2},{""cost"":1,""journey_id"":""2b2fbde5ac63e01a29b5"",""score_numerator"":2},{""cost"":1,""journey_id"":""2b378fa7a218ea05d9ba"",""score_numerator"":2},{""cost"":1,""journey_id"":""2b62c1fffb73507f53a9"",""score_numerator"":2},{""cost"":1,""journey_id"":""2b817b5b58d2df45802b"",""score_numerator"":2},{""cost"":1,""journey_id"":""2b87cb8e125af5ebe834"",""score_numerator"":2},{""cost"":1,""journey_id"":""2b8f58770f78d2bafbee"",""score_numerator"":2},{""cost"":1,""journey_id"":""2bb52fa6970a1a615440"",""score_numerator"":2},{""cost"":1,""journey_id"":""2bc51783b1f62490123f"",""score_numerator"":2},{""cost"":1,""journey_id"":""2bdbbdbc77591fd1c2d5"",""score_numerator"":2},{""cost"":1,""journey_id"":""2be58c2f2ae5339df821"",""score_numerator"":2},{""cost"":1,""journey_id"":""2be9860a11c5900ff0c4"",""score_numerator"":2},{""cost"":1,""journey_id"":""2bfa31c7bf6bdae44656"",""score_numerator"":2},{""cost"":1,""journey_id"":""2c218ae2797f862c1508"",""score_numerator"":2},{""cost"":1,""journey_id"":""2c2d91cf66385574f2ce"",""score_numerator"":2},{""cost"":1,""journey_id"":""2c74aab85d6402543a3e"",""score_numerator"":2},{""cost"":1,""journey_id"":""2c90b524f060e89dbc9f"",""score_numerator"":2},{""cost"":1,""journey_id"":""2cac5ca90edf1fe6efdb"",""score_numerator"":2},{""cost"":1,""journey_id"":""2d2e56130c1ada9910f0"",""score_numerator"":2},{""cost"":1,""journey_id"":""2d335920f6f64866df8d"",""score_numerator"":2},{""cost"":1,""journey_id"":""2d359ff00b9f7e1e4d5d"",""score_numerator"":2},{""cost"":1,""journey_id"":""2d79b9cce8e21f32ed3a"",""score_numerator"":2},{""cost"":1,""journey_id"":""2d851c814f8edc5d20a0"",""score_numerator"":2},{""cost"":1,""journey_id"":""2de918ebffc85fcf5831"",""score_numerator"":2},{""cost"":1,""journey_id"":""2e2710972746aa9ab841"",""score_numerator"":2},{""cost"":1,""journey_id"":""2e40bf32bfc4e6478c8f"",""score_numerator"":2},{""cost"":1,""journey_id"":""2e51c4b35c596c836b64"",""score_numerator"":2},{""cost"":1,""journey_id"":""2e9214a65989f02b933b"",""score_numerator"":2},{""cost"":1,""journey_id"":""2e93cf7cf46441154079"",""score_numerator"":2}]",256,256,"[""001aadd047bd2fdc8a79""]","[""001aadd047bd2fdc8a79""]","[{""budget"":0,""judgments"":0,""plan_id"":null,""recorded_events"":[],""remaining_ids"":[""c0"",""c2""],""remaining_witnesses"":256,""status"":""infeasible_in_pool"",""stop"":""judgment_budget_limit""},{""budget"":1,""judgments"":1,""plan_id"":""0ccdf17de23687ac121f"",""recorded_events"":[""no_distinguishing_witness_in_completed_pool""],""remaining_ids"":[""c2""],""remaining_witnesses"":0,""status"":""satisfiable"",""stop"":""one_class_no_witness""},{""budget"":2,""judgments"":1,""plan_id"":""0ccdf17de23687ac121f"",""recorded_events"":[""no_distinguishing_witness_in_completed_pool""],""remaining_ids"":[""c2""],""remaining_witnesses"":0,""status"":""satisfiable"",""stop"":""one_class_no_witness""},{""budget"":4,""judgments"":1,""plan_id"":""0ccdf17de23687ac121f"",""recorded_events"":[""no_distinguishing_witness_in_completed_pool""],""remaining_ids"":[""c2""],""remaining_witnesses"":0,""status"":""satisfiable"",""stop"":""one_class_no_witness""}]","[{""budget"":0,""judgments"":0,""plan_id"":null,""recorded_events"":[],""remaining_ids"":[""c0"",""c2""],""remaining_witnesses"":256,""status"":""infeasible_in_pool"",""stop"":""judgment_budget_limit""},{""budget"":1,""judgments"":1,""plan_id"":""0ccdf17de23687ac121f"",""recorded_events"":[""no_distinguishing_witness_in_completed_pool""],""remaining_ids"":[""c2""],""remaining_witnesses"":0,""status"":""satisfiable"",""stop"":""one_class_no_witness""},{""budget"":2,""judgments"":1,""plan_id"":""0ccdf17de23687ac121f"",""recorded_events"":[""no_distinguishing_witness_in_completed_pool""],""remaining_ids"":[""c2""],""remaining_witnesses"":0,""status"":""satisfiable"",""stop"":""one_class_no_witness""},{""budget"":4,""judgments"":1,""plan_id"":""0ccdf17de23687ac121f"",""recorded_events"":[""no_distinguishing_witness_in_completed_pool""],""remaining_ids"":[""c2""],""remaining_witnesses"":0,""status"":""satisfiable"",""stop"":""one_class_no_witness""}]",two_classes
pilot-28,4,4,1,3,1,"{""0"":64}",[],{},[],[],0,0,[],[],"[{""budget"":0,""judgments"":0,""plan_id"":null,""recorded_events"":[""no_distinguishing_witness_in_completed_pool""],""remaining_ids"":[""c0""],""remaining_witnesses"":0,""status"":""infeasible_in_pool"",""stop"":""one_class_no_witness""},{""budget"":1,""judgments"":0,""plan_id"":null,""recorded_events"":[""no_distinguishing_witness_in_completed_pool""],""remaining_ids"":[""c0""],""remaining_witnesses"":0,""status"":""infeasible_in_pool"",""stop"":""one_class_no_witness""},{""budget"":2,""judgments"":0,""plan_id"":null,""recorded_events"":[""no_distinguishing_witness_in_completed_pool""],""remaining_ids"":[""c0""],""remaining_witnesses"":0,""status"":""infeasible_in_pool"",""stop"":""one_class_no_witness""},{""budget"":4,""judgments"":0,""plan_id"":null,""recorded_events"":[""no_distinguishing_witness_in_completed_pool""],""remaining_ids"":[""c0""],""remaining_witnesses"":0,""status"":""infeasible_in_pool"",""stop"":""one_class_no_witness""}]","[{""budget"":0,""judgments"":0,""plan_id"":null,""recorded_events"":[""no_distinguishing_witness_in_completed_pool""],""remaining_ids"":[""c0""],""remaining_witnesses"":0,""status"":""infeasible_in_pool"",""stop"":""one_class_no_witness""},{""budget"":1,""judgments"":0,""plan_id"":null,""recorded_events"":[""no_distinguishing_witness_in_completed_pool""],""remaining_ids"":[""c0""],""remaining_witnesses"":0,""status"":""infeasible_in_pool"",""stop"":""one_class_no_witness""},{""budget"":2,""judgments"":0,""plan_id"":null,""recorded_events"":[""no_distinguishing_witness_in_completed_pool""],""remaining_ids"":[""c0""],""remaining_witnesses"":0,""status"":""infeasible_in_pool"",""stop"":""one_class_no_witness""},{""budget"":4,""judgments"":0,""plan_id"":null,""recorded_events"":[""no_distinguishing_witness_in_completed_pool""],""remaining_ids"":[""c0""],""remaining_witnesses"":0,""status"":""infeasible_in_pool"",""stop"":""one_class_no_witness""}]",one_class
pilot-29,4,4,0,1,1,"{""0"":62,""1"":2}",[],{},[],[],0,0,[],[],"[{""budget"":0,""judgments"":0,""plan_id"":""12b48372fefc1a7c9bd9"",""recorded_events"":[""no_distinguishing_witness_in_completed_pool""],""remaining_ids"":[""c0""],""remaining_witnesses"":0,""status"":""satisfiable"",""stop"":""one_class_no_witness""},{""budget"":1,""judgments"":0,""plan_id"":""12b48372fefc1a7c9bd9"",""recorded_events"":[""no_distinguishing_witness_in_completed_pool""],""remaining_ids"":[""c0""],""remaining_witnesses"":0,""status"":""satisfiable"",""stop"":""one_class_no_witness""},{""budget"":2,""judgments"":0,""plan_id"":""12b48372fefc1a7c9bd9"",""recorded_events"":[""no_distinguishing_witness_in_completed_pool""],""remaining_ids"":[""c0""],""remaining_witnesses"":0,""status"":""satisfiable"",""stop"":""one_class_no_witness""},{""budget"":4,""judgments"":0,""plan_id"":""12b48372fefc1a7c9bd9"",""recorded_events"":[""no_distinguishing_witness_in_completed_pool""],""remaining_ids"":[""c0""],""remaining_witnesses"":0,""status"":""satisfiable"",""stop"":""one_class_no_witness""}]","[{""budget"":0,""judgments"":0,""plan_id"":""12b48372fefc1a7c9bd9"",""recorded_events"":[""no_distinguishing_witness_in_completed_pool""],""remaining_ids"":[""c0""],""remaining_witnesses"":0,""status"":""satisfiable"",""stop"":""one_class_no_witness""},{""budget"":1,""judgments"":0,""plan_id"":""12b48372fefc1a7c9bd9"",""recorded_events"":[""no_distinguishing_witness_in_completed_pool""],""remaining_ids"":[""c0""],""remaining_witnesses"":0,""status"":""satisfiable"",""stop"":""one_class_no_witness""},{""budget"":2,""judgments"":0,""plan_id"":""12b48372fefc1a7c9bd9"",""recorded_events"":[""no_distinguishing_witness_in_completed_pool""],""remaining_ids"":[""c0""],""remaining_witnesses"":0,""status"":""satisfiable"",""stop"":""one_class_no_witness""},{""budget"":4,""judgments"":0,""plan_id"":""12b48372fefc1a7c9bd9"",""recorded_events"":[""no_distinguishing_witness_in_completed_pool""],""remaining_ids"":[""c0""],""remaining_witnesses"":0,""status"":""satisfiable"",""stop"":""one_class_no_witness""}]",one_class
pilot-30,4,2,0,0,2,"{""00"":33,""10"":5,""11"":26}","[{""I"":0,""ids"":[""c0"",""c1""],""weight"":1}]","{""01"":5}","[{""cost"":1,""journey_id"":""03dc0f6026feef064175"",""score_numerator"":1},{""cost"":1,""journey_id"":""0773cda5bdf7dc14f4c3"",""score_numerator"":1},{""cost"":1,""journey_id"":""07a27fa58a7d66b9a638"",""score_numerator"":1},{""cost"":1,""journey_id"":""0a8e7d2a654e3d560209"",""score_numerator"":1},{""cost"":1,""journey_id"":""0b9e94b822e8110b8dfa"",""score_numerator"":1}]","[{""cost"":1,""journey_id"":""03dc0f6026feef064175"",""score_numerator"":1},{""cost"":1,""journey_id"":""0773cda5bdf7dc14f4c3"",""score_numerator"":1},{""cost"":1,""journey_id"":""07a27fa58a7d66b9a638"",""score_numerator"":1},{""cost"":1,""journey_id"":""0a8e7d2a654e3d560209"",""score_numerator"":1},{""cost"":1,""journey_id"":""0b9e94b822e8110b8dfa"",""score_numerator"":1}]",5,5,"[""03dc0f6026feef064175""]","[""03dc0f6026feef064175""]","[{""budget"":0,""judgments"":0,""plan_id"":""010472eee2cf6c81e0c3"",""recorded_events"":[],""remaining_ids"":[""c0"",""c1""],""remaining_witnesses"":5,""status"":""satisfiable"",""stop"":""judgment_budget_limit""},{""budget"":1,""judgments"":1,""plan_id"":""010472eee2cf6c81e0c3"",""recorded_events"":[""no_distinguishing_witness_in_completed_pool""],""remaining_ids"":[""c0""],""remaining_witnesses"":0,""status"":""satisfiable"",""stop"":""one_class_no_witness""},{""budget"":2,""judgments"":1,""plan_id"":""010472eee2cf6c81e0c3"",""recorded_events"":[""no_distinguishing_witness_in_completed_pool""],""remaining_ids"":[""c0""],""remaining_witnesses"":0,""status"":""satisfiable"",""stop"":""one_class_no_witness""},{""budget"":4,""judgments"":1,""plan_id"":""010472eee2cf6c81e0c3"",""recorded_events"":[""no_distinguishing_witness_in_completed_pool""],""remaining_ids"":[""c0""],""remaining_witnesses"":0,""status"":""satisfiable"",""stop"":""one_class_no_witness""}]","[{""budget"":0,""judgments"":0,""plan_id"":""010472eee2cf6c81e0c3"",""recorded_events"":[],""remaining_ids"":[""c0"",""c1""],""remaining_witnesses"":5,""status"":""satisfiable"",""stop"":""judgment_budget_limit""},{""budget"":1,""judgments"":1,""plan_id"":""010472eee2cf6c81e0c3"",""recorded_events"":[""no_distinguishing_witness_in_completed_pool""],""remaining_ids"":[""c0""],""remaining_witnesses"":0,""status"":""satisfiable"",""stop"":""one_class_no_witness""},{""budget"":2,""judgments"":1,""plan_id"":""010472eee2cf6c81e0c3"",""recorded_events"":[""no_distinguishing_witness_in_completed_pool""],""remaining_ids"":[""c0""],""remaining_witnesses"":0,""status"":""satisfiable"",""stop"":""one_class_no_witness""},{""budget"":4,""judgments"":1,""plan_id"":""010472eee2cf6c81e0c3"",""recorded_events"":[""no_distinguishing_witness_in_completed_pool""],""remaining_ids"":[""c0""],""remaining_witnesses"":0,""status"":""satisfiable"",""stop"":""one_class_no_witness""}]",two_classes
pilot-31,4,4,0,0,1,"{""0"":63,""1"":1}",[],{},[],[],0,0,[],[],"[{""budget"":0,""judgments"":0,""plan_id"":""4295f3ea23e2bc8a76cf"",""recorded_events"":[""no_distinguishing_witness_in_completed_pool""],""remaining_ids"":[""c0""],""remaining_witnesses"":0,""status"":""satisfiable"",""stop"":""one_class_no_witness""},{""budget"":1,""judgments"":0,""plan_id"":""4295f3ea23e2bc8a76cf"",""recorded_events"":[""no_distinguishing_witness_in_completed_pool""],""remaining_ids"":[""c0""],""remaining_witnesses"":0,""status"":""satisfiable"",""stop"":""one_class_no_witness""},{""budget"":2,""judgments"":0,""plan_id"":""4295f3ea23e2bc8a76cf"",""recorded_events"":[""no_distinguishing_witness_in_completed_pool""],""remaining_ids"":[""c0""],""remaining_witnesses"":0,""status"":""satisfiable"",""stop"":""one_class_no_witness""},{""budget"":4,""judgments"":0,""plan_id"":""4295f3ea23e2bc8a76cf"",""recorded_events"":[""no_distinguishing_witness_in_completed_pool""],""remaining_ids"":[""c0""],""remaining_witnesses"":0,""status"":""satisfiable"",""stop"":""one_class_no_witness""}]","[{""budget"":0,""judgments"":0,""plan_id"":""4295f3ea23e2bc8a76cf"",""recorded_events"":[""no_distinguishing_witness_in_completed_pool""],""remaining_ids"":[""c0""],""remaining_witnesses"":0,""status"":""satisfiable"",""stop"":""one_class_no_witness""},{""budget"":1,""judgments"":0,""plan_id"":""4295f3ea23e2bc8a76cf"",""recorded_events"":[""no_distinguishing_witness_in_completed_pool""],""remaining_ids"":[""c0""],""remaining_witnesses"":0,""status"":""satisfiable"",""stop"":""one_class_no_witness""},{""budget"":2,""judgments"":0,""plan_id"":""4295f3ea23e2bc8a76cf"",""recorded_events"":[""no_distinguishing_witness_in_completed_pool""],""remaining_ids"":[""c0""],""remaining_witnesses"":0,""status"":""satisfiable"",""stop"":""one_class_no_witness""},{""budget"":4,""judgments"":0,""plan_id"":""4295f3ea23e2bc8a76cf"",""recorded_events"":[""no_distinguishing_witness_in_completed_pool""],""remaining_ids"":[""c0""],""remaining_witnesses"":0,""status"":""satisfiable"",""stop"":""one_class_no_witness""}]",one_class
pilot-32,4,4,0,0,2,"{""01"":17,""10"":15,""11"":13}","[{""I"":1,""ids"":[""c0"",""c3""],""weight"":2}]","{""01"":32}","[{""cost"":1,""journey_id"":""01853825538745663bb8"",""score_numerator"":1},{""cost"":1,""journey_id"":""18c3772dcb396cd6bfb5"",""score_numerator"":1},{""cost"":1,""journey_id"":""19225e996c7aa1e5a85a"",""score_numerator"":1},{""cost"":1,""journey_id"":""2924add716e2f0976445"",""score_numerator"":1},{""cost"":1,""journey_id"":""293b30af025b9ff9921a"",""score_numerator"":1},{""cost"":1,""journey_id"":""2a1076268229ee7754d9"",""score_numerator"":1},{""cost"":1,""journey_id"":""2baae88096494e98e539"",""score_numerator"":1},{""cost"":1,""journey_id"":""509f32f36a4678adaf7b"",""score_numerator"":1},{""cost"":1,""journey_id"":""5c12fcd17859ec92b33b"",""score_numerator"":1},{""cost"":1,""journey_id"":""6760b209b8be9d05e795"",""score_numerator"":1},{""cost"":1,""journey_id"":""6c275e4d83e319c1508c"",""score_numerator"":1},{""cost"":1,""journey_id"":""70de6387cad77acb47f4"",""score_numerator"":1},{""cost"":1,""journey_id"":""7683b7a51a0115718fb8"",""score_numerator"":1},{""cost"":1,""journey_id"":""7b95566cfc735ee3b722"",""score_numerator"":1},{""cost"":1,""journey_id"":""892eacd7356f421f65f0"",""score_numerator"":1},{""cost"":1,""journey_id"":""899b994fe8dc6ef4a1b3"",""score_numerator"":1},{""cost"":1,""journey_id"":""8d5b4ef67b2a8af57ce8"",""score_numerator"":1},{""cost"":1,""journey_id"":""8eaaa6fa381e5a6bd971"",""score_numerator"":1},{""cost"":1,""journey_id"":""940a6bfad3cf8862d28c"",""score_numerator"":1},{""cost"":1,""journey_id"":""990bd6577b4cedd96f47"",""score_numerator"":1},{""cost"":1,""journey_id"":""a09a7cd8f748509056bc"",""score_numerator"":1},{""cost"":1,""journey_id"":""a3cd6c4632dcbf3b1e9b"",""score_numerator"":1},{""cost"":1,""journey_id"":""afd71d321feda2c8f6bc"",""score_numerator"":1},{""cost"":1,""journey_id"":""b1f888bb9a1d492b3bb1"",""score_numerator"":1},{""cost"":1,""journey_id"":""b4be6d88862741c967cc"",""score_numerator"":1},{""cost"":1,""journey_id"":""bc53ebfe58eaae8cd446"",""score_numerator"":1},{""cost"":1,""journey_id"":""bffbb55eb8e87dc86569"",""score_numerator"":1},{""cost"":1,""journey_id"":""c9dc812df976b823c2d3"",""score_numerator"":1},{""cost"":1,""journey_id"":""d2b44c7f6d120b3f0275"",""score_numerator"":1},{""cost"":1,""journey_id"":""d35b6910e3be86d023d9"",""score_numerator"":1},{""cost"":1,""journey_id"":""da09d13ae42e275a681d"",""score_numerator"":1},{""cost"":1,""journey_id"":""dd6cd859e42b9fcf6ac5"",""score_numerator"":1}]","[{""cost"":1,""journey_id"":""01853825538745663bb8"",""score_numerator"":2},{""cost"":1,""journey_id"":""18c3772dcb396cd6bfb5"",""score_numerator"":2},{""cost"":1,""journey_id"":""19225e996c7aa1e5a85a"",""score_numerator"":2},{""cost"":1,""journey_id"":""2924add716e2f0976445"",""score_numerator"":2},{""cost"":1,""journey_id"":""293b30af025b9ff9921a"",""score_numerator"":2},{""cost"":1,""journey_id"":""2a1076268229ee7754d9"",""score_numerator"":2},{""cost"":1,""journey_id"":""2baae88096494e98e539"",""score_numerator"":2},{""cost"":1,""journey_id"":""509f32f36a4678adaf7b"",""score_numerator"":2},{""cost"":1,""journey_id"":""5c12fcd17859ec92b33b"",""score_numerator"":2},{""cost"":1,""journey_id"":""6760b209b8be9d05e795"",""score_numerator"":2},{""cost"":1,""journey_id"":""6c275e4d83e319c1508c"",""score_numerator"":2},{""cost"":1,""journey_id"":""70de6387cad77acb47f4"",""score_numerator"":2},{""cost"":1,""journey_id"":""7683b7a51a0115718fb8"",""score_numerator"":2},{""cost"":1,""journey_id"":""7b95566cfc735ee3b722"",""score_numerator"":2},{""cost"":1,""journey_id"":""892eacd7356f421f65f0"",""score_numerator"":2},{""cost"":1,""journey_id"":""899b994fe8dc6ef4a1b3"",""score_numerator"":2},{""cost"":1,""journey_id"":""8d5b4ef67b2a8af57ce8"",""score_numerator"":2},{""cost"":1,""journey_id"":""8eaaa6fa381e5a6bd971"",""score_numerator"":2},{""cost"":1,""journey_id"":""940a6bfad3cf8862d28c"",""score_numerator"":2},{""cost"":1,""journey_id"":""990bd6577b4cedd96f47"",""score_numerator"":2},{""cost"":1,""journey_id"":""a09a7cd8f748509056bc"",""score_numerator"":2},{""cost"":1,""journey_id"":""a3cd6c4632dcbf3b1e9b"",""score_numerator"":2},{""cost"":1,""journey_id"":""afd71d321feda2c8f6bc"",""score_numerator"":2},{""cost"":1,""journey_id"":""b1f888bb9a1d492b3bb1"",""score_numerator"":2},{""cost"":1,""journey_id"":""b4be6d88862741c967cc"",""score_numerator"":2},{""cost"":1,""journey_id"":""bc53ebfe58eaae8cd446"",""score_numerator"":2},{""cost"":1,""journey_id"":""bffbb55eb8e87dc86569"",""score_numerator"":2},{""cost"":1,""journey_id"":""c9dc812df976b823c2d3"",""score_numerator"":2},{""cost"":1,""journey_id"":""d2b44c7f6d120b3f0275"",""score_numerator"":2},{""cost"":1,""journey_id"":""d35b6910e3be86d023d9"",""score_numerator"":2},{""cost"":1,""journey_id"":""da09d13ae42e275a681d"",""score_numerator"":2},{""cost"":1,""journey_id"":""dd6cd859e42b9fcf6ac5"",""score_numerator"":2}]",32,32,"[""01853825538745663bb8""]","[""01853825538745663bb8""]","[{""budget"":0,""judgments"":0,""plan_id"":""8b422de494543afacba4"",""recorded_events"":[],""remaining_ids"":[""c0"",""c3""],""remaining_witnesses"":32,""status"":""satisfiable"",""stop"":""judgment_budget_limit""},{""budget"":1,""judgments"":1,""plan_id"":""dd6cd859e42b9fcf6ac5"",""recorded_events"":[""no_distinguishing_witness_in_completed_pool""],""remaining_ids"":[""c3""],""remaining_witnesses"":0,""status"":""satisfiable"",""stop"":""one_class_no_witness""},{""budget"":2,""judgments"":1,""plan_id"":""dd6cd859e42b9fcf6ac5"",""recorded_events"":[""no_distinguishing_witness_in_completed_pool""],""remaining_ids"":[""c3""],""remaining_witnesses"":0,""status"":""satisfiable"",""stop"":""one_class_no_witness""},{""budget"":4,""judgments"":1,""plan_id"":""dd6cd859e42b9fcf6ac5"",""recorded_events"":[""no_distinguishing_witness_in_completed_pool""],""remaining_ids"":[""c3""],""remaining_witnesses"":0,""status"":""satisfiable"",""stop"":""one_class_no_witness""}]","[{""budget"":0,""judgments"":0,""plan_id"":""8b422de494543afacba4"",""recorded_events"":[],""remaining_ids"":[""c0"",""c3""],""remaining_witnesses"":32,""status"":""satisfiable"",""stop"":""judgment_budget_limit""},{""budget"":1,""judgments"":1,""plan_id"":""dd6cd859e42b9fcf6ac5"",""recorded_events"":[""no_distinguishing_witness_in_completed_pool""],""remaining_ids"":[""c3""],""remaining_witnesses"":0,""status"":""satisfiable"",""stop"":""one_class_no_witness""},{""budget"":2,""judgments"":1,""plan_id"":""dd6cd859e42b9fcf6ac5"",""recorded_events"":[""no_distinguishing_witness_in_completed_pool""],""remaining_ids"":[""c3""],""remaining_witnesses"":0,""status"":""satisfiable"",""stop"":""one_class_no_witness""},{""budget"":4,""judgments"":1,""plan_id"":""dd6cd859e42b9fcf6ac5"",""recorded_events"":[""no_distinguishing_witness_in_completed_pool""],""remaining_ids"":[""c3""],""remaining_witnesses"":0,""status"":""satisfiable"",""stop"":""one_class_no_witness""}]",two_classes
pilot-33,4,0,0,0,0,"{"""":64}",[],{},[],[],0,0,[],[],"[{""budget"":0,""judgments"":0,""plan_id"":null,""recorded_events"":[],""remaining_ids"":[],""remaining_witnesses"":0,""status"":""unsupported"",""stop"":""no_parsed_candidate""},{""budget"":1,""judgments"":0,""plan_id"":null,""recorded_events"":[],""remaining_ids"":[],""remaining_witnesses"":0,""status"":""unsupported"",""stop"":""no_parsed_candidate""},{""budget"":2,""judgments"":0,""plan_id"":null,""recorded_events"":[],""remaining_ids"":[],""remaining_witnesses"":0,""status"":""unsupported"",""stop"":""no_parsed_candidate""},{""budget"":4,""judgments"":0,""plan_id"":null,""recorded_events"":[],""remaining_ids"":[],""remaining_witnesses"":0,""status"":""unsupported"",""stop"":""no_parsed_candidate""}]","[{""budget"":0,""judgments"":0,""plan_id"":null,""recorded_events"":[],""remaining_ids"":[],""remaining_witnesses"":0,""status"":""unsupported"",""stop"":""no_parsed_candidate""},{""budget"":1,""judgments"":0,""plan_id"":null,""recorded_events"":[],""remaining_ids"":[],""remaining_witnesses"":0,""status"":""unsupported"",""stop"":""no_parsed_candidate""},{""budget"":2,""judgments"":0,""plan_id"":null,""recorded_events"":[],""remaining_ids"":[],""remaining_witnesses"":0,""status"":""unsupported"",""stop"":""no_parsed_candidate""},{""budget"":4,""judgments"":0,""plan_id"":null,""recorded_events"":[],""remaining_ids"":[],""remaining_witnesses"":0,""status"":""unsupported"",""stop"":""no_parsed_candidate""}]",no_parsed_candidate
pilot-34,4,4,0,0,4,"{""1000"":51,""1001"":5,""1011"":3,""1111"":5}","[{""I"":1,""ids"":[""c0"",""c1""],""weight"":2},{""I"":1,""ids"":[""c0"",""c2""],""weight"":2},{""I"":1,""ids"":[""c0"",""c3""],""weight"":2},{""I"":1,""ids"":[""c1"",""c2""],""weight"":2},{""I"":1,""ids"":[""c1"",""c3""],""weight"":2},{""I"":1,""ids"":[""c2"",""c3""],""weight"":2}]","{""0100"":3,""0110"":5,""0111"":51}","[{""cost"":1,""journey_id"":""07a6773b6185c97c2900"",""score_numerator"":4},{""cost"":1,""journey_id"":""105d2b3d8f5abdf6b9be"",""score_numerator"":4},{""cost"":1,""journey_id"":""2468db1a0dd5e454be7a"",""score_numerator"":4},{""cost"":1,""journey_id"":""262afab6c770f2bbd160"",""score_numerator"":4},{""cost"":1,""journey_id"":""43a19e18b11237edf1d0"",""score_numerator"":4},{""cost"":1,""journey_id"":""004c05afb1f5827ae3be"",""score_numerator"":3},{""cost"":1,""journey_id"":""0125134795990e7d7a6e"",""score_numerator"":3},{""cost"":1,""journey_id"":""02baf1d00866ff2feb04"",""score_numerator"":3},{""cost"":1,""journey_id"":""030bcb730cb27084be0d"",""score_numerator"":3},{""cost"":1,""journey_id"":""045a1d1760ad37140cb8"",""score_numerator"":3},{""cost"":1,""journey_id"":""04f31a15b5fdebfcc4ba"",""score_numerator"":3},{""cost"":1,""journey_id"":""074a5d92b285501932d9"",""score_numerator"":3},{""cost"":1,""journey_id"":""08573ef0900de4fa6b42"",""score_numerator"":3},{""cost"":1,""journey_id"":""090d964b9fb94a3803e6"",""score_numerator"":3},{""cost"":1,""journey_id"":""0ab0e0364a5113b3e6a1"",""score_numerator"":3},{""cost"":1,""journey_id"":""0bcfbc6b67e4e105e81a"",""score_numerator"":3},{""cost"":1,""journey_id"":""0e469a43cfa24fa0697f"",""score_numerator"":3},{""cost"":1,""journey_id"":""1126f2c68ff3f3ff2a2f"",""score_numerator"":3},{""cost"":1,""journey_id"":""116e90a9fc084ec176f3"",""score_numerator"":3},{""cost"":1,""journey_id"":""11b71a39f0bf260f3b85"",""score_numerator"":3},{""cost"":1,""journey_id"":""1441e86b2f8e03de7885"",""score_numerator"":3},{""cost"":1,""journey_id"":""1662563c0b4948b0b2d0"",""score_numerator"":3},{""cost"":1,""journey_id"":""182eb75ede2f22d81e48"",""score_numerator"":3},{""cost"":1,""journey_id"":""1d429df35be6e5436de4"",""score_numerator"":3},{""cost"":1,""journey_id"":""1ef47a72abb69fea7c15"",""score_numerator"":3},{""cost"":1,""journey_id"":""20af3ab707864cbc3554"",""score_numerator"":3},{""cost"":1,""journey_id"":""24086bb958ab2eb81d6e"",""score_numerator"":3},{""cost"":1,""journey_id"":""28a2d23ed61b1ec55315"",""score_numerator"":3},{""cost"":1,""journey_id"":""2a1df07313caf5609d17"",""score_numerator"":3},{""cost"":1,""journey_id"":""2a2ede30ddc969e11a76"",""score_numerator"":3},{""cost"":1,""journey_id"":""2a9d267cef5924e16210"",""score_numerator"":3},{""cost"":1,""journey_id"":""2ac307fd8dcc2fe2836b"",""score_numerator"":3},{""cost"":1,""journey_id"":""2afa950133aa2b24c260"",""score_numerator"":3},{""cost"":1,""journey_id"":""2b29fe0150d8be56596c"",""score_numerator"":3},{""cost"":1,""journey_id"":""2ca8f4b5e4fc5f616ed5"",""score_numerator"":3},{""cost"":1,""journey_id"":""2dde553f3560abc815be"",""score_numerator"":3},{""cost"":1,""journey_id"":""2e2087d5eb4475013eda"",""score_numerator"":3},{""cost"":1,""journey_id"":""2f919393db99c907010f"",""score_numerator"":3},{""cost"":1,""journey_id"":""2fd25c0469ce1bbc8442"",""score_numerator"":3},{""cost"":1,""journey_id"":""31eed35ed6a61bd1a18e"",""score_numerator"":3},{""cost"":1,""journey_id"":""354640922f8b3057951b"",""score_numerator"":3},{""cost"":1,""journey_id"":""35c1e66098656dc51dbd"",""score_numerator"":3},{""cost"":1,""journey_id"":""3664727564481fccb03d"",""score_numerator"":3},{""cost"":1,""journey_id"":""36caf58ce8c761a05dbc"",""score_numerator"":3},{""cost"":1,""journey_id"":""36df0ec9a0d90ec416fa"",""score_numerator"":3},{""cost"":1,""journey_id"":""38950aac42037602037f"",""score_numerator"":3},{""cost"":1,""journey_id"":""3ed5adeb55fe6ff056b9"",""score_numerator"":3},{""cost"":1,""journey_id"":""4074e5c8216b008fb2d4"",""score_numerator"":3},{""cost"":1,""journey_id"":""420b61e16096d88ee24d"",""score_numerator"":3},{""cost"":1,""journey_id"":""4400742fe5589626bf64"",""score_numerator"":3},{""cost"":1,""journey_id"":""4521b4a7e5bad9b44cc4"",""score_numerator"":3},{""cost"":1,""journey_id"":""4608e06b195ee2740c46"",""score_numerator"":3},{""cost"":1,""journey_id"":""47ab5cb9a5bec7094fbb"",""score_numerator"":3},{""cost"":1,""journey_id"":""484436b5c4ed65ea1422"",""score_numerator"":3},{""cost"":1,""journey_id"":""4959f15551cc022087ab"",""score_numerator"":3},{""cost"":1,""journey_id"":""49bf624ed8754a542355"",""score_numerator"":3},{""cost"":1,""journey_id"":""4a602c20c2defa9f63e9"",""score_numerator"":3},{""cost"":1,""journey_id"":""4a8bf487f1ca8b0412a8"",""score_numerator"":3},{""cost"":1,""journey_id"":""4b938d010e4ae0705af7"",""score_numerator"":3}]","[{""cost"":1,""journey_id"":""07a6773b6185c97c2900"",""score_numerator"":8},{""cost"":1,""journey_id"":""105d2b3d8f5abdf6b9be"",""score_numerator"":8},{""cost"":1,""journey_id"":""2468db1a0dd5e454be7a"",""score_numerator"":8},{""cost"":1,""journey_id"":""262afab6c770f2bbd160"",""score_numerator"":8},{""cost"":1,""journey_id"":""43a19e18b11237edf1d0"",""score_numerator"":8},{""cost"":1,""journey_id"":""004c05afb1f5827ae3be"",""score_numerator"":6},{""cost"":1,""journey_id"":""0125134795990e7d7a6e"",""score_numerator"":6},{""cost"":1,""journey_id"":""02baf1d00866ff2feb04"",""score_numerator"":6},{""cost"":1,""journey_id"":""030bcb730cb27084be0d"",""score_numerator"":6},{""cost"":1,""journey_id"":""045a1d1760ad37140cb8"",""score_numerator"":6},{""cost"":1,""journey_id"":""04f31a15b5fdebfcc4ba"",""score_numerator"":6},{""cost"":1,""journey_id"":""074a5d92b285501932d9"",""score_numerator"":6},{""cost"":1,""journey_id"":""08573ef0900de4fa6b42"",""score_numerator"":6},{""cost"":1,""journey_id"":""090d964b9fb94a3803e6"",""score_numerator"":6},{""cost"":1,""journey_id"":""0ab0e0364a5113b3e6a1"",""score_numerator"":6},{""cost"":1,""journey_id"":""0bcfbc6b67e4e105e81a"",""score_numerator"":6},{""cost"":1,""journey_id"":""0e469a43cfa24fa0697f"",""score_numerator"":6},{""cost"":1,""journey_id"":""1126f2c68ff3f3ff2a2f"",""score_numerator"":6},{""cost"":1,""journey_id"":""116e90a9fc084ec176f3"",""score_numerator"":6},{""cost"":1,""journey_id"":""11b71a39f0bf260f3b85"",""score_numerator"":6},{""cost"":1,""journey_id"":""1441e86b2f8e03de7885"",""score_numerator"":6},{""cost"":1,""journey_id"":""1662563c0b4948b0b2d0"",""score_numerator"":6},{""cost"":1,""journey_id"":""182eb75ede2f22d81e48"",""score_numerator"":6},{""cost"":1,""journey_id"":""1d429df35be6e5436de4"",""score_numerator"":6},{""cost"":1,""journey_id"":""1ef47a72abb69fea7c15"",""score_numerator"":6},{""cost"":1,""journey_id"":""20af3ab707864cbc3554"",""score_numerator"":6},{""cost"":1,""journey_id"":""24086bb958ab2eb81d6e"",""score_numerator"":6},{""cost"":1,""journey_id"":""28a2d23ed61b1ec55315"",""score_numerator"":6},{""cost"":1,""journey_id"":""2a1df07313caf5609d17"",""score_numerator"":6},{""cost"":1,""journey_id"":""2a2ede30ddc969e11a76"",""score_numerator"":6},{""cost"":1,""journey_id"":""2a9d267cef5924e16210"",""score_numerator"":6},{""cost"":1,""journey_id"":""2ac307fd8dcc2fe2836b"",""score_numerator"":6},{""cost"":1,""journey_id"":""2afa950133aa2b24c260"",""score_numerator"":6},{""cost"":1,""journey_id"":""2b29fe0150d8be56596c"",""score_numerator"":6},{""cost"":1,""journey_id"":""2ca8f4b5e4fc5f616ed5"",""score_numerator"":6},{""cost"":1,""journey_id"":""2dde553f3560abc815be"",""score_numerator"":6},{""cost"":1,""journey_id"":""2e2087d5eb4475013eda"",""score_numerator"":6},{""cost"":1,""journey_id"":""2f919393db99c907010f"",""score_numerator"":6},{""cost"":1,""journey_id"":""2fd25c0469ce1bbc8442"",""score_numerator"":6},{""cost"":1,""journey_id"":""31eed35ed6a61bd1a18e"",""score_numerator"":6},{""cost"":1,""journey_id"":""354640922f8b3057951b"",""score_numerator"":6},{""cost"":1,""journey_id"":""35c1e66098656dc51dbd"",""score_numerator"":6},{""cost"":1,""journey_id"":""3664727564481fccb03d"",""score_numerator"":6},{""cost"":1,""journey_id"":""36caf58ce8c761a05dbc"",""score_numerator"":6},{""cost"":1,""journey_id"":""36df0ec9a0d90ec416fa"",""score_numerator"":6},{""cost"":1,""journey_id"":""38950aac42037602037f"",""score_numerator"":6},{""cost"":1,""journey_id"":""3ed5adeb55fe6ff056b9"",""score_numerator"":6},{""cost"":1,""journey_id"":""4074e5c8216b008fb2d4"",""score_numerator"":6},{""cost"":1,""journey_id"":""420b61e16096d88ee24d"",""score_numerator"":6},{""cost"":1,""journey_id"":""4400742fe5589626bf64"",""score_numerator"":6},{""cost"":1,""journey_id"":""4521b4a7e5bad9b44cc4"",""score_numerator"":6},{""cost"":1,""journey_id"":""4608e06b195ee2740c46"",""score_numerator"":6},{""cost"":1,""journey_id"":""47ab5cb9a5bec7094fbb"",""score_numerator"":6},{""cost"":1,""journey_id"":""484436b5c4ed65ea1422"",""score_numerator"":6},{""cost"":1,""journey_id"":""4959f15551cc022087ab"",""score_numerator"":6},{""cost"":1,""journey_id"":""49bf624ed8754a542355"",""score_numerator"":6},{""cost"":1,""journey_id"":""4a602c20c2defa9f63e9"",""score_numerator"":6},{""cost"":1,""journey_id"":""4a8bf487f1ca8b0412a8"",""score_numerator"":6},{""cost"":1,""journey_id"":""4b938d010e4ae0705af7"",""score_numerator"":6}]",5,5,"[""07a6773b6185c97c2900"",""004c05afb1f5827ae3be""]","[""07a6773b6185c97c2900"",""004c05afb1f5827ae3be""]","[{""budget"":0,""judgments"":0,""plan_id"":""090d964b9fb94a3803e6"",""recorded_events"":[],""remaining_ids"":[""c0"",""c1"",""c2"",""c3""],""remaining_witnesses"":59,""status"":""satisfiable"",""stop"":""judgment_budget_limit""},{""budget"":1,""judgments"":1,""plan_id"":""090d964b9fb94a3803e6"",""recorded_events"":[],""remaining_ids"":[""c0"",""c3""],""remaining_witnesses"":51,""status"":""satisfiable"",""stop"":""judgment_budget_limit""},{""budget"":2,""judgments"":2,""plan_id"":""090d964b9fb94a3803e6"",""recorded_events"":[""no_distinguishing_witness_in_completed_pool""],""remaining_ids"":[""c0""],""remaining_witnesses"":0,""status"":""satisfiable"",""stop"":""one_class_no_witness""},{""budget"":4,""judgments"":2,""plan_id"":""090d964b9fb94a3803e6"",""recorded_events"":[""no_distinguishing_witness_in_completed_pool""],""remaining_ids"":[""c0""],""remaining_witnesses"":0,""status"":""satisfiable"",""stop"":""one_class_no_witness""}]","[{""budget"":0,""judgments"":0,""plan_id"":""090d964b9fb94a3803e6"",""recorded_events"":[],""remaining_ids"":[""c0"",""c1"",""c2"",""c3""],""remaining_witnesses"":59,""status"":""satisfiable"",""stop"":""judgment_budget_limit""},{""budget"":1,""judgments"":1,""plan_id"":""090d964b9fb94a3803e6"",""recorded_events"":[],""remaining_ids"":[""c0"",""c3""],""remaining_witnesses"":51,""status"":""satisfiable"",""stop"":""judgment_budget_limit""},{""budget"":2,""judgments"":2,""plan_id"":""090d964b9fb94a3803e6"",""recorded_events"":[""no_distinguishing_witness_in_completed_pool""],""remaining_ids"":[""c0""],""remaining_witnesses"":0,""status"":""satisfiable"",""stop"":""one_class_no_witness""},{""budget"":4,""judgments"":2,""plan_id"":""090d964b9fb94a3803e6"",""recorded_events"":[""no_distinguishing_witness_in_completed_pool""],""remaining_ids"":[""c0""],""remaining_witnesses"":0,""status"":""satisfiable"",""stop"":""one_class_no_witness""}]",uniform_weights_3plus
pilot-35,4,4,0,2,1,"{""1"":256}",[],{},[],[],0,0,[],[],"[{""budget"":0,""judgments"":0,""plan_id"":""0e85dcd1705addd255ea"",""recorded_events"":[""no_distinguishing_witness_in_completed_pool""],""remaining_ids"":[""c0""],""remaining_witnesses"":0,""status"":""satisfiable"",""stop"":""one_class_no_witness""},{""budget"":1,""judgments"":0,""plan_id"":""0e85dcd1705addd255ea"",""recorded_events"":[""no_distinguishing_witness_in_completed_pool""],""remaining_ids"":[""c0""],""remaining_witnesses"":0,""status"":""satisfiable"",""stop"":""one_class_no_witness""},{""budget"":2,""judgments"":0,""plan_id"":""0e85dcd1705addd255ea"",""recorded_events"":[""no_distinguishing_witness_in_completed_pool""],""remaining_ids"":[""c0""],""remaining_witnesses"":0,""status"":""satisfiable"",""stop"":""one_class_no_witness""},{""budget"":4,""judgments"":0,""plan_id"":""0e85dcd1705addd255ea"",""recorded_events"":[""no_distinguishing_witness_in_completed_pool""],""remaining_ids"":[""c0""],""remaining_witnesses"":0,""status"":""satisfiable"",""stop"":""one_class_no_witness""}]","[{""budget"":0,""judgments"":0,""plan_id"":""0e85dcd1705addd255ea"",""recorded_events"":[""no_distinguishing_witness_in_completed_pool""],""remaining_ids"":[""c0""],""remaining_witnesses"":0,""status"":""satisfiable"",""stop"":""one_class_no_witness""},{""budget"":1,""judgments"":0,""plan_id"":""0e85dcd1705addd255ea"",""recorded_events"":[""no_distinguishing_witness_in_completed_pool""],""remaining_ids"":[""c0""],""remaining_witnesses"":0,""status"":""satisfiable"",""stop"":""one_class_no_witness""},{""budget"":2,""judgments"":0,""plan_id"":""0e85dcd1705addd255ea"",""recorded_events"":[""no_distinguishing_witness_in_completed_pool""],""remaining_ids"":[""c0""],""remaining_witnesses"":0,""status"":""satisfiable"",""stop"":""one_class_no_witness""},{""budget"":4,""judgments"":0,""plan_id"":""0e85dcd1705addd255ea"",""recorded_events"":[""no_distinguishing_witness_in_completed_pool""],""remaining_ids"":[""c0""],""remaining_witnesses"":0,""status"":""satisfiable"",""stop"":""one_class_no_witness""}]",one_class
pilot-36,4,4,0,1,2,"{""00"":31,""10"":13,""11"":20}","[{""I"":0,""ids"":[""c0"",""c3""],""weight"":1}]","{""01"":13}","[{""cost"":1,""journey_id"":""032b33a769adb812d572"",""score_numerator"":1},{""cost"":1,""journey_id"":""0f7294ccf34550f8143d"",""score_numerator"":1},{""cost"":1,""journey_id"":""133da407c3a5f68dc681"",""score_numerator"":1},{""cost"":1,""journey_id"":""1bad94bffcdeaa074a46"",""score_numerator"":1},{""cost"":1,""journey_id"":""1cd8df58531be03f4b39"",""score_numerator"":1},{""cost"":1,""journey_id"":""1d04c8254666ddb1945e"",""score_numerator"":1},{""cost"":1,""journey_id"":""2574521632202e653068"",""score_numerator"":1},{""cost"":1,""journey_id"":""2b1c5c26f7037220d024"",""score_numerator"":1},{""cost"":1,""journey_id"":""2df57d1c477ff68b2bca"",""score_numerator"":1},{""cost"":1,""journey_id"":""32db4ebd8db13c13f6bc"",""score_numerator"":1},{""cost"":1,""journey_id"":""335919ccf87752d36057"",""score_numerator"":1},{""cost"":1,""journey_id"":""3764e1d884cd16812844"",""score_numerator"":1},{""cost"":1,""journey_id"":""41cd3a26258e649f2e37"",""score_numerator"":1}]","[{""cost"":1,""journey_id"":""032b33a769adb812d572"",""score_numerator"":1},{""cost"":1,""journey_id"":""0f7294ccf34550f8143d"",""score_numerator"":1},{""cost"":1,""journey_id"":""133da407c3a5f68dc681"",""score_numerator"":1},{""cost"":1,""journey_id"":""1bad94bffcdeaa074a46"",""score_numerator"":1},{""cost"":1,""journey_id"":""1cd8df58531be03f4b39"",""score_numerator"":1},{""cost"":1,""journey_id"":""1d04c8254666ddb1945e"",""score_numerator"":1},{""cost"":1,""journey_id"":""2574521632202e653068"",""score_numerator"":1},{""cost"":1,""journey_id"":""2b1c5c26f7037220d024"",""score_numerator"":1},{""cost"":1,""journey_id"":""2df57d1c477ff68b2bca"",""score_numerator"":1},{""cost"":1,""journey_id"":""32db4ebd8db13c13f6bc"",""score_numerator"":1},{""cost"":1,""journey_id"":""335919ccf87752d36057"",""score_numerator"":1},{""cost"":1,""journey_id"":""3764e1d884cd16812844"",""score_numerator"":1},{""cost"":1,""journey_id"":""41cd3a26258e649f2e37"",""score_numerator"":1}]",13,13,"[""032b33a769adb812d572""]","[""032b33a769adb812d572""]","[{""budget"":0,""judgments"":0,""plan_id"":""410d090731a809d0d7d1"",""recorded_events"":[],""remaining_ids"":[""c0"",""c3""],""remaining_witnesses"":13,""status"":""satisfiable"",""stop"":""judgment_budget_limit""},{""budget"":1,""judgments"":1,""plan_id"":""410d090731a809d0d7d1"",""recorded_events"":[""no_distinguishing_witness_in_completed_pool""],""remaining_ids"":[""c3""],""remaining_witnesses"":0,""status"":""satisfiable"",""stop"":""one_class_no_witness""},{""budget"":2,""judgments"":1,""plan_id"":""410d090731a809d0d7d1"",""recorded_events"":[""no_distinguishing_witness_in_completed_pool""],""remaining_ids"":[""c3""],""remaining_witnesses"":0,""status"":""satisfiable"",""stop"":""one_class_no_witness""},{""budget"":4,""judgments"":1,""plan_id"":""410d090731a809d0d7d1"",""recorded_events"":[""no_distinguishing_witness_in_completed_pool""],""remaining_ids"":[""c3""],""remaining_witnesses"":0,""status"":""satisfiable"",""stop"":""one_class_no_witness""}]","[{""budget"":0,""judgments"":0,""plan_id"":""410d090731a809d0d7d1"",""recorded_events"":[],""remaining_ids"":[""c0"",""c3""],""remaining_witnesses"":13,""status"":""satisfiable"",""stop"":""judgment_budget_limit""},{""budget"":1,""judgments"":1,""plan_id"":""410d090731a809d0d7d1"",""recorded_events"":[""no_distinguishing_witness_in_completed_pool""],""remaining_ids"":[""c3""],""remaining_witnesses"":0,""status"":""satisfiable"",""stop"":""one_class_no_witness""},{""budget"":2,""judgments"":1,""plan_id"":""410d090731a809d0d7d1"",""recorded_events"":[""no_distinguishing_witness_in_completed_pool""],""remaining_ids"":[""c3""],""remaining_witnesses"":0,""status"":""satisfiable"",""stop"":""one_class_no_witness""},{""budget"":4,""judgments"":1,""plan_id"":""410d090731a809d0d7d1"",""recorded_events"":[""no_distinguishing_witness_in_completed_pool""],""remaining_ids"":[""c3""],""remaining_witnesses"":0,""status"":""satisfiable"",""stop"":""one_class_no_witness""}]",two_classes
pilot-37,4,4,0,0,4,"{""0010"":5,""0101"":6,""0110"":1,""1101"":52}","[{""I"":0,""ids"":[""c0"",""c1""],""weight"":1},{""I"":2,""ids"":[""c0"",""c2""],""weight"":3},{""I"":0,""ids"":[""c0"",""c3""],""weight"":1},{""I"":1,""ids"":[""c1"",""c2""],""weight"":2},{""I"":0,""ids"":[""c1"",""c3""],""weight"":1},{""I"":2,""ids"":[""c2"",""c3""],""weight"":3}]","{""0010"":57,""0101"":6,""0110"":1}","[{""cost"":1,""journey_id"":""3ec28069888f5177b261"",""score_numerator"":4},{""cost"":1,""journey_id"":""44450449eca5c1348190"",""score_numerator"":4},{""cost"":1,""journey_id"":""4a89a06ba5058ef4ccea"",""score_numerator"":4},{""cost"":1,""journey_id"":""4b8f1ab7574ca965af4d"",""score_numerator"":4},{""cost"":1,""journey_id"":""53d52e6e90dbf1990691"",""score_numerator"":4},{""cost"":1,""journey_id"":""5760c5cfad52aafb7db9"",""score_numerator"":4},{""cost"":1,""journey_id"":""5f167bc58be02da93ad7"",""score_numerator"":4},{""cost"":1,""journey_id"":""022c2a4af86602d54884"",""score_numerator"":3},{""cost"":1,""journey_id"":""08f61ee20629348a366d"",""score_numerator"":3},{""cost"":1,""journey_id"":""09826c00f2f3c170fbb0"",""score_numerator"":3},{""cost"":1,""journey_id"":""0a7dda98abefc480f65a"",""score_numerator"":3},{""cost"":1,""journey_id"":""0d8a662c278d6447c873"",""score_numerator"":3},{""cost"":1,""journey_id"":""0debc2db93a65b59eb7b"",""score_numerator"":3},{""cost"":1,""journey_id"":""0ee0ae9193762890f35c"",""score_numerator"":3},{""cost"":1,""journey_id"":""119049f96a9ce268cda9"",""score_numerator"":3},{""cost"":1,""journey_id"":""16fe2f0df9e885f0426b"",""score_numerator"":3},{""cost"":1,""journey_id"":""1859c56c5fd4bb4f5024"",""score_numerator"":3},{""cost"":1,""journey_id"":""18a329869a86dddd1f55"",""score_numerator"":3},{""cost"":1,""journey_id"":""196ecb30183b42b8b25f"",""score_numerator"":3},{""cost"":1,""journey_id"":""19ac2de6d519aabed4b1"",""score_numerator"":3},{""cost"":1,""journey_id"":""1af31f31aab02452d275"",""score_numerator"":3},{""cost"":1,""journey_id"":""1c1ac121fe7b1c1d1fad"",""score_numerator"":3},{""cost"":1,""journey_id"":""1c56e36a778d74c984c4"",""score_numerator"":3},{""cost"":1,""journey_id"":""1e344dce2069d143d257"",""score_numerator"":3},{""cost"":1,""journey_id"":""210e8f51d1c4d346bd71"",""score_numerator"":3},{""cost"":1,""journey_id"":""21a201a050d4fa994a1f"",""score_numerator"":3},{""cost"":1,""journey_id"":""23814f98b49731be14f2"",""score_numerator"":3},{""cost"":1,""journey_id"":""245152b82fd6bd31db00"",""score_numerator"":3},{""cost"":1,""journey_id"":""25b4ba3d10344524fc84"",""score_numerator"":3},{""cost"":1,""journey_id"":""25e92f55243d530145c6"",""score_numerator"":3},{""cost"":1,""journey_id"":""291322516a024cba09c2"",""score_numerator"":3},{""cost"":1,""journey_id"":""29a39d9abbfed3357221"",""score_numerator"":3},{""cost"":1,""journey_id"":""2d5fbfe563af3769ea99"",""score_numerator"":3},{""cost"":1,""journey_id"":""2de849965e8c7bc6124f"",""score_numerator"":3},{""cost"":1,""journey_id"":""30b84505fef3c299dd4e"",""score_numerator"":3},{""cost"":1,""journey_id"":""350267f2adcd2b1176fd"",""score_numerator"":3},{""cost"":1,""journey_id"":""35636e30cfd874ada30f"",""score_numerator"":3},{""cost"":1,""journey_id"":""35fd58e032cfeb125a11"",""score_numerator"":3},{""cost"":1,""journey_id"":""3658e03988eebf878dd3"",""score_numerator"":3},{""cost"":1,""journey_id"":""368f8ffe3aab1f700c90"",""score_numerator"":3},{""cost"":1,""journey_id"":""3c7e39c32c9e3e1cfd15"",""score_numerator"":3},{""cost"":1,""journey_id"":""3d63d51d73dd0279630a"",""score_numerator"":3},{""cost"":1,""journey_id"":""3d6eeba76c541f10f814"",""score_numerator"":3},{""cost"":1,""journey_id"":""3e3b10162531feee912f"",""score_numerator"":3},{""cost"":1,""journey_id"":""3f8142fc0d27b5b1c8b7"",""score_numerator"":3},{""cost"":1,""journey_id"":""3fc6af256387bb715cb0"",""score_numerator"":3},{""cost"":1,""journey_id"":""43d915bdcd37d42898ac"",""score_numerator"":3},{""cost"":1,""journey_id"":""46f0376f39f1709b3f5a"",""score_numerator"":3},{""cost"":1,""journey_id"":""49fa43ee3738da3d8447"",""score_numerator"":3},{""cost"":1,""journey_id"":""4a3ccf8aecd2c3a6ff69"",""score_numerator"":3},{""cost"":1,""journey_id"":""4c1cab2fcbcfbe3714a7"",""score_numerator"":3},{""cost"":1,""journey_id"":""4d74c135f411fc025d72"",""score_numerator"":3},{""cost"":1,""journey_id"":""4e0b535d27d1f3fa24fe"",""score_numerator"":3},{""cost"":1,""journey_id"":""4f853a50aad3f3e6c299"",""score_numerator"":3},{""cost"":1,""journey_id"":""50a3588f9ce3c7580ba8"",""score_numerator"":3},{""cost"":1,""journey_id"":""560e655bbdc7d71d6b57"",""score_numerator"":3},{""cost"":1,""journey_id"":""59b2ac9b9b27f275ea0b"",""score_numerator"":3},{""cost"":1,""journey_id"":""5c01fdf2de0d6ce16501"",""score_numerator"":3},{""cost"":1,""journey_id"":""5f893ce5478ffcd9b96d"",""score_numerator"":3},{""cost"":1,""journey_id"":""60a3830b0dcaebf72729"",""score_numerator"":3},{""cost"":1,""journey_id"":""61df90876c71d68835ea"",""score_numerator"":3},{""cost"":1,""journey_id"":""62b15fcc50f9efc27034"",""score_numerator"":3},{""cost"":1,""journey_id"":""63dd7800ecbe075d79f1"",""score_numerator"":3},{""cost"":1,""journey_id"":""65128127bfa9fc3c6e8a"",""score_numerator"":3}]","[{""cost"":1,""journey_id"":""022c2a4af86602d54884"",""score_numerator"":8},{""cost"":1,""journey_id"":""08f61ee20629348a366d"",""score_numerator"":8},{""cost"":1,""journey_id"":""09826c00f2f3c170fbb0"",""score_numerator"":8},{""cost"":1,""journey_id"":""0a7dda98abefc480f65a"",""score_numerator"":8},{""cost"":1,""journey_id"":""0d8a662c278d6447c873"",""score_numerator"":8},{""cost"":1,""journey_id"":""0debc2db93a65b59eb7b"",""score_numerator"":8},{""cost"":1,""journey_id"":""0ee0ae9193762890f35c"",""score_numerator"":8},{""cost"":1,""journey_id"":""119049f96a9ce268cda9"",""score_numerator"":8},{""cost"":1,""journey_id"":""16fe2f0df9e885f0426b"",""score_numerator"":8},{""cost"":1,""journey_id"":""1859c56c5fd4bb4f5024"",""score_numerator"":8},{""cost"":1,""journey_id"":""18a329869a86dddd1f55"",""score_numerator"":8},{""cost"":1,""journey_id"":""196ecb30183b42b8b25f"",""score_numerator"":8},{""cost"":1,""journey_id"":""19ac2de6d519aabed4b1"",""score_numerator"":8},{""cost"":1,""journey_id"":""1af31f31aab02452d275"",""score_numerator"":8},{""cost"":1,""journey_id"":""1c1ac121fe7b1c1d1fad"",""score_numerator"":8},{""cost"":1,""journey_id"":""1c56e36a778d74c984c4"",""score_numerator"":8},{""cost"":1,""journey_id"":""1e344dce2069d143d257"",""score_numerator"":8},{""cost"":1,""journey_id"":""210e8f51d1c4d346bd71"",""score_numerator"":8},{""cost"":1,""journey_id"":""21a201a050d4fa994a1f"",""score_numerator"":8},{""cost"":1,""journey_id"":""23814f98b49731be14f2"",""score_numerator"":8},{""cost"":1,""journey_id"":""245152b82fd6bd31db00"",""score_numerator"":8},{""cost"":1,""journey_id"":""25b4ba3d10344524fc84"",""score_numerator"":8},{""cost"":1,""journey_id"":""25e92f55243d530145c6"",""score_numerator"":8},{""cost"":1,""journey_id"":""291322516a024cba09c2"",""score_numerator"":8},{""cost"":1,""journey_id"":""29a39d9abbfed3357221"",""score_numerator"":8},{""cost"":1,""journey_id"":""2d5fbfe563af3769ea99"",""score_numerator"":8},{""cost"":1,""journey_id"":""2de849965e8c7bc6124f"",""score_numerator"":8},{""cost"":1,""journey_id"":""30b84505fef3c299dd4e"",""score_numerator"":8},{""cost"":1,""journey_id"":""350267f2adcd2b1176fd"",""score_numerator"":8},{""cost"":1,""journey_id"":""35636e30cfd874ada30f"",""score_numerator"":8},{""cost"":1,""journey_id"":""35fd58e032cfeb125a11"",""score_numerator"":8},{""cost"":1,""journey_id"":""3658e03988eebf878dd3"",""score_numerator"":8},{""cost"":1,""journey_id"":""368f8ffe3aab1f700c90"",""score_numerator"":8},{""cost"":1,""journey_id"":""3c7e39c32c9e3e1cfd15"",""score_numerator"":8},{""cost"":1,""journey_id"":""3d63d51d73dd0279630a"",""score_numerator"":8},{""cost"":1,""journey_id"":""3d6eeba76c541f10f814"",""score_numerator"":8},{""cost"":1,""journey_id"":""3e3b10162531feee912f"",""score_numerator"":8},{""cost"":1,""journey_id"":""3f8142fc0d27b5b1c8b7"",""score_numerator"":8},{""cost"":1,""journey_id"":""3fc6af256387bb715cb0"",""score_numerator"":8},{""cost"":1,""journey_id"":""43d915bdcd37d42898ac"",""score_numerator"":8},{""cost"":1,""journey_id"":""46f0376f39f1709b3f5a"",""score_numerator"":8},{""cost"":1,""journey_id"":""49fa43ee3738da3d8447"",""score_numerator"":8},{""cost"":1,""journey_id"":""4a3ccf8aecd2c3a6ff69"",""score_numerator"":8},{""cost"":1,""journey_id"":""4a89a06ba5058ef4ccea"",""score_numerator"":8},{""cost"":1,""journey_id"":""4c1cab2fcbcfbe3714a7"",""score_numerator"":8},{""cost"":1,""journey_id"":""4d74c135f411fc025d72"",""score_numerator"":8},{""cost"":1,""journey_id"":""4e0b535d27d1f3fa24fe"",""score_numerator"":8},{""cost"":1,""journey_id"":""4f853a50aad3f3e6c299"",""score_numerator"":8},{""cost"":1,""journey_id"":""50a3588f9ce3c7580ba8"",""score_numerator"":8},{""cost"":1,""journey_id"":""560e655bbdc7d71d6b57"",""score_numerator"":8},{""cost"":1,""journey_id"":""59b2ac9b9b27f275ea0b"",""score_numerator"":8},{""cost"":1,""journey_id"":""5c01fdf2de0d6ce16501"",""score_numerator"":8},{""cost"":1,""journey_id"":""5f893ce5478ffcd9b96d"",""score_numerator"":8},{""cost"":1,""journey_id"":""60a3830b0dcaebf72729"",""score_numerator"":8},{""cost"":1,""journey_id"":""61df90876c71d68835ea"",""score_numerator"":8},{""cost"":1,""journey_id"":""62b15fcc50f9efc27034"",""score_numerator"":8},{""cost"":1,""journey_id"":""63dd7800ecbe075d79f1"",""score_numerator"":8},{""cost"":1,""journey_id"":""65128127bfa9fc3c6e8a"",""score_numerator"":8},{""cost"":1,""journey_id"":""3ec28069888f5177b261"",""score_numerator"":7},{""cost"":1,""journey_id"":""44450449eca5c1348190"",""score_numerator"":7},{""cost"":1,""journey_id"":""4b8f1ab7574ca965af4d"",""score_numerator"":7},{""cost"":1,""journey_id"":""53d52e6e90dbf1990691"",""score_numerator"":7},{""cost"":1,""journey_id"":""5760c5cfad52aafb7db9"",""score_numerator"":7},{""cost"":1,""journey_id"":""5f167bc58be02da93ad7"",""score_numerator"":7}]",7,58,"[""3ec28069888f5177b261"",""4a89a06ba5058ef4ccea""]","[""022c2a4af86602d54884""]","[{""budget"":0,""judgments"":0,""plan_id"":""4e0b535d27d1f3fa24fe"",""recorded_events"":[],""remaining_ids"":[""c0"",""c1"",""c2"",""c3""],""remaining_witnesses"":64,""status"":""satisfiable"",""stop"":""judgment_budget_limit""},{""budget"":1,""judgments"":1,""plan_id"":""4e0b535d27d1f3fa24fe"",""recorded_events"":[],""remaining_ids"":[""c1"",""c3""],""remaining_witnesses"":1,""status"":""satisfiable"",""stop"":""judgment_budget_limit""},{""budget"":2,""judgments"":2,""plan_id"":""4e0b535d27d1f3fa24fe"",""recorded_events"":[""no_distinguishing_witness_in_completed_pool""],""remaining_ids"":[""c1""],""remaining_witnesses"":0,""status"":""satisfiable"",""stop"":""one_class_no_witness""},{""budget"":4,""judgments"":2,""plan_id"":""4e0b535d27d1f3fa24fe"",""recorded_events"":[""no_distinguishing_witness_in_completed_pool""],""remaining_ids"":[""c1""],""remaining_witnesses"":0,""status"":""satisfiable"",""stop"":""one_class_no_witness""}]","[{""budget"":0,""judgments"":0,""plan_id"":""4e0b535d27d1f3fa24fe"",""recorded_events"":[],""remaining_ids"":[""c0"",""c1"",""c2"",""c3""],""remaining_witnesses"":64,""status"":""satisfiable"",""stop"":""judgment_budget_limit""},{""budget"":1,""judgments"":1,""plan_id"":""4a89a06ba5058ef4ccea"",""recorded_events"":[""no_distinguishing_witness_in_completed_pool""],""remaining_ids"":[""c2""],""remaining_witnesses"":0,""status"":""satisfiable"",""stop"":""one_class_no_witness""},{""budget"":2,""judgments"":1,""plan_id"":""4a89a06ba5058ef4ccea"",""recorded_events"":[""no_distinguishing_witness_in_completed_pool""],""remaining_ids"":[""c2""],""remaining_witnesses"":0,""status"":""satisfiable"",""stop"":""one_class_no_witness""},{""budget"":4,""judgments"":1,""plan_id"":""4a89a06ba5058ef4ccea"",""recorded_events"":[""no_distinguishing_witness_in_completed_pool""],""remaining_ids"":[""c2""],""remaining_witnesses"":0,""status"":""satisfiable"",""stop"":""one_class_no_witness""}]",different_first
pilot-38,4,3,0,0,2,"{""10"":25}","[{""I"":1,""ids"":[""c0"",""c1""],""weight"":2}]","{""01"":25}","[{""cost"":1,""journey_id"":""09c37697428421bd92de"",""score_numerator"":1},{""cost"":1,""journey_id"":""0a282ba2b9e34687c1fe"",""score_numerator"":1},{""cost"":1,""journey_id"":""0ba7b021fcc8b2c42b68"",""score_numerator"":1},{""cost"":1,""journey_id"":""18f7e39ff17b93eee86a"",""score_numerator"":1},{""cost"":1,""journey_id"":""1a8fd03d24754adb1c45"",""score_numerator"":1},{""cost"":1,""journey_id"":""23907dde75ed497713e9"",""score_numerator"":1},{""cost"":1,""journey_id"":""36751fceabf2f522634d"",""score_numerator"":1},{""cost"":1,""journey_id"":""62da02bba28ab1df8ab6"",""score_numerator"":1},{""cost"":1,""journey_id"":""66eac95777ea08162739"",""score_numerator"":1},{""cost"":1,""journey_id"":""6f55ba1d6640a254c8cf"",""score_numerator"":1},{""cost"":1,""journey_id"":""7db8fb9e98a88353f430"",""score_numerator"":1},{""cost"":1,""journey_id"":""93442ea8f73a07fecef5"",""score_numerator"":1},{""cost"":1,""journey_id"":""9664b49bc243b048ed04"",""score_numerator"":1},{""cost"":1,""journey_id"":""a7b8d891a9a4fe9d0a78"",""score_numerator"":1},{""cost"":1,""journey_id"":""bc7c53cf37e4f35726b1"",""score_numerator"":1},{""cost"":1,""journey_id"":""c2360e700e7e3a5d7348"",""score_numerator"":1},{""cost"":1,""journey_id"":""c4ade1f1df7f282f606a"",""score_numerator"":1},{""cost"":1,""journey_id"":""c7861c93a56f435afb6e"",""score_numerator"":1},{""cost"":1,""journey_id"":""cf9d91c6ee735eec19cb"",""score_numerator"":1},{""cost"":1,""journey_id"":""d479e5c24b8617c1f0d9"",""score_numerator"":1},{""cost"":1,""journey_id"":""dbea78ccdcb991300135"",""score_numerator"":1},{""cost"":1,""journey_id"":""dc024dd28ed8d8fd7e9b"",""score_numerator"":1},{""cost"":1,""journey_id"":""dc5800f9cce549d038d9"",""score_numerator"":1},{""cost"":1,""journey_id"":""def0bec58ba70cba8db8"",""score_numerator"":1},{""cost"":1,""journey_id"":""e7a37f5bda314ba3414c"",""score_numerator"":1}]","[{""cost"":1,""journey_id"":""09c37697428421bd92de"",""score_numerator"":2},{""cost"":1,""journey_id"":""0a282ba2b9e34687c1fe"",""score_numerator"":2},{""cost"":1,""journey_id"":""0ba7b021fcc8b2c42b68"",""score_numerator"":2},{""cost"":1,""journey_id"":""18f7e39ff17b93eee86a"",""score_numerator"":2},{""cost"":1,""journey_id"":""1a8fd03d24754adb1c45"",""score_numerator"":2},{""cost"":1,""journey_id"":""23907dde75ed497713e9"",""score_numerator"":2},{""cost"":1,""journey_id"":""36751fceabf2f522634d"",""score_numerator"":2},{""cost"":1,""journey_id"":""62da02bba28ab1df8ab6"",""score_numerator"":2},{""cost"":1,""journey_id"":""66eac95777ea08162739"",""score_numerator"":2},{""cost"":1,""journey_id"":""6f55ba1d6640a254c8cf"",""score_numerator"":2},{""cost"":1,""journey_id"":""7db8fb9e98a88353f430"",""score_numerator"":2},{""cost"":1,""journey_id"":""93442ea8f73a07fecef5"",""score_numerator"":2},{""cost"":1,""journey_id"":""9664b49bc243b048ed04"",""score_numerator"":2},{""cost"":1,""journey_id"":""a7b8d891a9a4fe9d0a78"",""score_numerator"":2},{""cost"":1,""journey_id"":""bc7c53cf37e4f35726b1"",""score_numerator"":2},{""cost"":1,""journey_id"":""c2360e700e7e3a5d7348"",""score_numerator"":2},{""cost"":1,""journey_id"":""c4ade1f1df7f282f606a"",""score_numerator"":2},{""cost"":1,""journey_id"":""c7861c93a56f435afb6e"",""score_numerator"":2},{""cost"":1,""journey_id"":""cf9d91c6ee735eec19cb"",""score_numerator"":2},{""cost"":1,""journey_id"":""d479e5c24b8617c1f0d9"",""score_numerator"":2},{""cost"":1,""journey_id"":""dbea78ccdcb991300135"",""score_numerator"":2},{""cost"":1,""journey_id"":""dc024dd28ed8d8fd7e9b"",""score_numerator"":2},{""cost"":1,""journey_id"":""dc5800f9cce549d038d9"",""score_numerator"":2},{""cost"":1,""journey_id"":""def0bec58ba70cba8db8"",""score_numerator"":2},{""cost"":1,""journey_id"":""e7a37f5bda314ba3414c"",""score_numerator"":2}]",25,25,"[""09c37697428421bd92de""]","[""09c37697428421bd92de""]","[{""budget"":0,""judgments"":0,""plan_id"":""23907dde75ed497713e9"",""recorded_events"":[],""remaining_ids"":[""c0"",""c1""],""remaining_witnesses"":25,""status"":""satisfiable"",""stop"":""judgment_budget_limit""},{""budget"":1,""judgments"":1,""plan_id"":""23907dde75ed497713e9"",""recorded_events"":[""no_distinguishing_witness_in_completed_pool""],""remaining_ids"":[""c0""],""remaining_witnesses"":0,""status"":""satisfiable"",""stop"":""one_class_no_witness""},{""budget"":2,""judgments"":1,""plan_id"":""23907dde75ed497713e9"",""recorded_events"":[""no_distinguishing_witness_in_completed_pool""],""remaining_ids"":[""c0""],""remaining_witnesses"":0,""status"":""satisfiable"",""stop"":""one_class_no_witness""},{""budget"":4,""judgments"":1,""plan_id"":""23907dde75ed497713e9"",""recorded_events"":[""no_distinguishing_witness_in_completed_pool""],""remaining_ids"":[""c0""],""remaining_witnesses"":0,""status"":""satisfiable"",""stop"":""one_class_no_witness""}]","[{""budget"":0,""judgments"":0,""plan_id"":""23907dde75ed497713e9"",""recorded_events"":[],""remaining_ids"":[""c0"",""c1""],""remaining_witnesses"":25,""status"":""satisfiable"",""stop"":""judgment_budget_limit""},{""budget"":1,""judgments"":1,""plan_id"":""23907dde75ed497713e9"",""recorded_events"":[""no_distinguishing_witness_in_completed_pool""],""remaining_ids"":[""c0""],""remaining_witnesses"":0,""status"":""satisfiable"",""stop"":""one_class_no_witness""},{""budget"":2,""judgments"":1,""plan_id"":""23907dde75ed497713e9"",""recorded_events"":[""no_distinguishing_witness_in_completed_pool""],""remaining_ids"":[""c0""],""remaining_witnesses"":0,""status"":""satisfiable"",""stop"":""one_class_no_witness""},{""budget"":4,""judgments"":1,""plan_id"":""23907dde75ed497713e9"",""recorded_events"":[""no_distinguishing_witness_in_completed_pool""],""remaining_ids"":[""c0""],""remaining_witnesses"":0,""status"":""satisfiable"",""stop"":""one_class_no_witness""}]",two_classes
pilot-39,4,4,2,3,1,"{""0"":62,""1"":2}",[],{},[],[],0,0,[],[],"[{""budget"":0,""judgments"":0,""plan_id"":""10ca5f2b2301e3f62b1a"",""recorded_events"":[""no_distinguishing_witness_in_completed_pool""],""remaining_ids"":[""c0""],""remaining_witnesses"":0,""status"":""satisfiable"",""stop"":""one_class_no_witness""},{""budget"":1,""judgments"":0,""plan_id"":""10ca5f2b2301e3f62b1a"",""recorded_events"":[""no_distinguishing_witness_in_completed_pool""],""remaining_ids"":[""c0""],""remaining_witnesses"":0,""status"":""satisfiable"",""stop"":""one_class_no_witness""},{""budget"":2,""judgments"":0,""plan_id"":""10ca5f2b2301e3f62b1a"",""recorded_events"":[""no_distinguishing_witness_in_completed_pool""],""remaining_ids"":[""c0""],""remaining_witnesses"":0,""status"":""satisfiable"",""stop"":""one_class_no_witness""},{""budget"":4,""judgments"":0,""plan_id"":""10ca5f2b2301e3f62b1a"",""recorded_events"":[""no_distinguishing_witness_in_completed_pool""],""remaining_ids"":[""c0""],""remaining_witnesses"":0,""status"":""satisfiable"",""stop"":""one_class_no_witness""}]","[{""budget"":0,""judgments"":0,""plan_id"":""10ca5f2b2301e3f62b1a"",""recorded_events"":[""no_distinguishing_witness_in_completed_pool""],""remaining_ids"":[""c0""],""remaining_witnesses"":0,""status"":""satisfiable"",""stop"":""one_class_no_witness""},{""budget"":1,""judgments"":0,""plan_id"":""10ca5f2b2301e3f62b1a"",""recorded_events"":[""no_distinguishing_witness_in_completed_pool""],""remaining_ids"":[""c0""],""remaining_witnesses"":0,""status"":""satisfiable"",""stop"":""one_class_no_witness""},{""budget"":2,""judgments"":0,""plan_id"":""10ca5f2b2301e3f62b1a"",""recorded_events"":[""no_distinguishing_witness_in_completed_pool""],""remaining_ids"":[""c0""],""remaining_witnesses"":0,""status"":""satisfiable"",""stop"":""one_class_no_witness""},{""budget"":4,""judgments"":0,""plan_id"":""10ca5f2b2301e3f62b1a"",""recorded_events"":[""no_distinguishing_witness_in_completed_pool""],""remaining_ids"":[""c0""],""remaining_witnesses"":0,""status"":""satisfiable"",""stop"":""one_class_no_witness""}]",one_class
pilot-40,4,4,0,0,2,"{""01"":256}","[{""I"":1,""ids"":[""c0"",""c1""],""weight"":2}]","{""01"":256}","[{""cost"":1,""journey_id"":""008b1d441a8449cba7fe"",""score_numerator"":1},{""cost"":1,""journey_id"":""00c7415a34988deb2694"",""score_numerator"":1},{""cost"":1,""journey_id"":""01885e0947f014ee07e5"",""score_numerator"":1},{""cost"":1,""journey_id"":""01eae34314e8e24d1f87"",""score_numerator"":1},{""cost"":1,""journey_id"":""02a59e1f786ef82a995f"",""score_numerator"":1},{""cost"":1,""journey_id"":""03a41cc192a15b624b45"",""score_numerator"":1},{""cost"":1,""journey_id"":""03e46e6b15ce86a9b854"",""score_numerator"":1},{""cost"":1,""journey_id"":""040b69878de3103049ec"",""score_numerator"":1},{""cost"":1,""journey_id"":""0576d36ad4ee19a3c931"",""score_numerator"":1},{""cost"":1,""journey_id"":""05bc432598718f9da89b"",""score_numerator"":1},{""cost"":1,""journey_id"":""05ecdfc8e7ad31d23ebb"",""score_numerator"":1},{""cost"":1,""journey_id"":""05f9fee32acf5c2bb01c"",""score_numerator"":1},{""cost"":1,""journey_id"":""0639e00bb33991accf40"",""score_numerator"":1},{""cost"":1,""journey_id"":""064f01fdb0abd8255f3f"",""score_numerator"":1},{""cost"":1,""journey_id"":""069e8d10893a0401ef0b"",""score_numerator"":1},{""cost"":1,""journey_id"":""06ce19465508a3d3c774"",""score_numerator"":1},{""cost"":1,""journey_id"":""07ebe6bf4fea7a7162bf"",""score_numerator"":1},{""cost"":1,""journey_id"":""096b508e215d9311b09c"",""score_numerator"":1},{""cost"":1,""journey_id"":""097a3db34527024dee4a"",""score_numerator"":1},{""cost"":1,""journey_id"":""0a0bb4afba40659a814d"",""score_numerator"":1},{""cost"":1,""journey_id"":""0aee3f31c7fc0ae5db0d"",""score_numerator"":1},{""cost"":1,""journey_id"":""0af97959f0cac7337474"",""score_numerator"":1},{""cost"":1,""journey_id"":""0b2f0acb1c54087a355f"",""score_numerator"":1},{""cost"":1,""journey_id"":""0b32c68814cea2dc343f"",""score_numerator"":1},{""cost"":1,""journey_id"":""0bc07294cd29dde62aa0"",""score_numerator"":1},{""cost"":1,""journey_id"":""0d3dbb9bfeff6290d602"",""score_numerator"":1},{""cost"":1,""journey_id"":""0d4ca6c8469b5464c17e"",""score_numerator"":1},{""cost"":1,""journey_id"":""0e1a226c841f22007601"",""score_numerator"":1},{""cost"":1,""journey_id"":""0e6dcac1a219ec0430a1"",""score_numerator"":1},{""cost"":1,""journey_id"":""0e70a724026ec6afae7d"",""score_numerator"":1},{""cost"":1,""journey_id"":""0f020e411b0afc521426"",""score_numerator"":1},{""cost"":1,""journey_id"":""0f6f2b729ce678430065"",""score_numerator"":1},{""cost"":1,""journey_id"":""101de23e4aba7901bc9e"",""score_numerator"":1},{""cost"":1,""journey_id"":""10c1111c87d8df0cb48c"",""score_numerator"":1},{""cost"":1,""journey_id"":""11f7102f6be40ac94024"",""score_numerator"":1},{""cost"":1,""journey_id"":""12a57f9f3e427cf76a3b"",""score_numerator"":1},{""cost"":1,""journey_id"":""131302b19347c0835ca0"",""score_numerator"":1},{""cost"":1,""journey_id"":""1319e4ba287e776c8b53"",""score_numerator"":1},{""cost"":1,""journey_id"":""151aa1494552dab4cab8"",""score_numerator"":1},{""cost"":1,""journey_id"":""15dae2748a99e1903af2"",""score_numerator"":1},{""cost"":1,""journey_id"":""1614646f32dfaf6b1d8b"",""score_numerator"":1},{""cost"":1,""journey_id"":""1656c23a53b5d3e7665c"",""score_numerator"":1},{""cost"":1,""journey_id"":""165f428ea3148fc07056"",""score_numerator"":1},{""cost"":1,""journey_id"":""16741281cc6dfe2d87bb"",""score_numerator"":1},{""cost"":1,""journey_id"":""1719e9c544e91621d821"",""score_numerator"":1},{""cost"":1,""journey_id"":""1721ab14cb8f65bb0e70"",""score_numerator"":1},{""cost"":1,""journey_id"":""1748611ff63e5b97728f"",""score_numerator"":1},{""cost"":1,""journey_id"":""1755b3d245cbfb8eed4f"",""score_numerator"":1},{""cost"":1,""journey_id"":""17d89c479b10b54b929a"",""score_numerator"":1},{""cost"":1,""journey_id"":""17e1abab466a47af2ba1"",""score_numerator"":1},{""cost"":1,""journey_id"":""18d8c79602a10315051f"",""score_numerator"":1},{""cost"":1,""journey_id"":""1960bcc0288a5cfcc53e"",""score_numerator"":1},{""cost"":1,""journey_id"":""197e7e09f07ac31456fa"",""score_numerator"":1},{""cost"":1,""journey_id"":""199920f1b3ba9cd716df"",""score_numerator"":1},{""cost"":1,""journey_id"":""1b2f59956ab6f973c427"",""score_numerator"":1},{""cost"":1,""journey_id"":""1b3d909f2fe3ca0057ab"",""score_numerator"":1},{""cost"":1,""journey_id"":""1c78c0e8083ca7e8f8cb"",""score_numerator"":1},{""cost"":1,""journey_id"":""1ced001a76f362637565"",""score_numerator"":1},{""cost"":1,""journey_id"":""1cfe4d31d4ae63a3f5c7"",""score_numerator"":1},{""cost"":1,""journey_id"":""1d7f8bc47adfc3cdeabc"",""score_numerator"":1},{""cost"":1,""journey_id"":""1d88f9cdbd55470cb85c"",""score_numerator"":1},{""cost"":1,""journey_id"":""1de6e4e61cf920c46de0"",""score_numerator"":1},{""cost"":1,""journey_id"":""1e2d9db313f650453cb9"",""score_numerator"":1},{""cost"":1,""journey_id"":""1e70d649334a2c90f09e"",""score_numerator"":1},{""cost"":1,""journey_id"":""1ec02df783011928a910"",""score_numerator"":1},{""cost"":1,""journey_id"":""1f8918e3ae8aa731c5e5"",""score_numerator"":1},{""cost"":1,""journey_id"":""1f8a78033b81fedc68ce"",""score_numerator"":1},{""cost"":1,""journey_id"":""1fdfcd11715e36a90af4"",""score_numerator"":1},{""cost"":1,""journey_id"":""203a4cfafc67cab9f263"",""score_numerator"":1},{""cost"":1,""journey_id"":""203a82d4217d8af8f6ae"",""score_numerator"":1},{""cost"":1,""journey_id"":""203ac5474fe0eeebd448"",""score_numerator"":1},{""cost"":1,""journey_id"":""204410eb7f2053c67b57"",""score_numerator"":1},{""cost"":1,""journey_id"":""2092b77e6be801f50499"",""score_numerator"":1},{""cost"":1,""journey_id"":""20d722db741bc7a41884"",""score_numerator"":1},{""cost"":1,""journey_id"":""2177fb76f73be972f11c"",""score_numerator"":1},{""cost"":1,""journey_id"":""2335b233778f29ee1876"",""score_numerator"":1},{""cost"":1,""journey_id"":""2381ebd728f17d53c7ca"",""score_numerator"":1},{""cost"":1,""journey_id"":""244f226a5d547fcca719"",""score_numerator"":1},{""cost"":1,""journey_id"":""2571cd737fb81aea288f"",""score_numerator"":1},{""cost"":1,""journey_id"":""25b9e4f2647b9f4b3f3a"",""score_numerator"":1},{""cost"":1,""journey_id"":""25eb6e3b5b39e11c84d2"",""score_numerator"":1},{""cost"":1,""journey_id"":""2632ebc4b531db1b72f8"",""score_numerator"":1},{""cost"":1,""journey_id"":""27681b8c3cd39b181ec6"",""score_numerator"":1},{""cost"":1,""journey_id"":""28153003782aa9bfcd3f"",""score_numerator"":1},{""cost"":1,""journey_id"":""28b3c41393e4e8fef0e9"",""score_numerator"":1},{""cost"":1,""journey_id"":""293092624fe356f8f1e2"",""score_numerator"":1},{""cost"":1,""journey_id"":""2a6da95c78566b1c87b6"",""score_numerator"":1},{""cost"":1,""journey_id"":""2a827f529f25ea5691e8"",""score_numerator"":1},{""cost"":1,""journey_id"":""2b2466f693874c685aed"",""score_numerator"":1},{""cost"":1,""journey_id"":""2b805d3df9043d2f37df"",""score_numerator"":1},{""cost"":1,""journey_id"":""2bd32e8fcccb8d9deaff"",""score_numerator"":1},{""cost"":1,""journey_id"":""2bd4fa71d7c8617a1e2b"",""score_numerator"":1},{""cost"":1,""journey_id"":""2c194794cf4203929b7e"",""score_numerator"":1},{""cost"":1,""journey_id"":""2c3b9c6931dac58f6d6d"",""score_numerator"":1},{""cost"":1,""journey_id"":""2c66cb98ca5f926cd482"",""score_numerator"":1},{""cost"":1,""journey_id"":""2d4f8594d6480bbf2087"",""score_numerator"":1},{""cost"":1,""journey_id"":""2df86beb45b8755bfb1e"",""score_numerator"":1},{""cost"":1,""journey_id"":""2e9a70b24d38013ed435"",""score_numerator"":1},{""cost"":1,""journey_id"":""2ea8ac0679c5c9bd9eaa"",""score_numerator"":1},{""cost"":1,""journey_id"":""2f0f11fb92daa6298b0a"",""score_numerator"":1},{""cost"":1,""journey_id"":""2f45301c6d903dc476ec"",""score_numerator"":1},{""cost"":1,""journey_id"":""2f6eec2bfde4f5a1ad80"",""score_numerator"":1},{""cost"":1,""journey_id"":""303897fe89fdf778bec4"",""score_numerator"":1},{""cost"":1,""journey_id"":""3052a6ba202c53283387"",""score_numerator"":1},{""cost"":1,""journey_id"":""305b14d411ff76cb52ef"",""score_numerator"":1},{""cost"":1,""journey_id"":""30646ac0f878abbadf77"",""score_numerator"":1},{""cost"":1,""journey_id"":""309973db095d09614c14"",""score_numerator"":1},{""cost"":1,""journey_id"":""30ce8aa6c573471ae348"",""score_numerator"":1},{""cost"":1,""journey_id"":""311490c615f6e72505f0"",""score_numerator"":1},{""cost"":1,""journey_id"":""3199d01fc20a32b38a01"",""score_numerator"":1},{""cost"":1,""journey_id"":""31e684a881aa35fb519b"",""score_numerator"":1},{""cost"":1,""journey_id"":""32802201bed1de756066"",""score_numerator"":1},{""cost"":1,""journey_id"":""33823437a432a03175a5"",""score_numerator"":1},{""cost"":1,""journey_id"":""33cd8ef006f27fd1491b"",""score_numerator"":1},{""cost"":1,""journey_id"":""340c2b270b27a37d31db"",""score_numerator"":1},{""cost"":1,""journey_id"":""3458d9a68f54dea8453b"",""score_numerator"":1},{""cost"":1,""journey_id"":""34ec24dbc3c9da53b033"",""score_numerator"":1},{""cost"":1,""journey_id"":""353e013e142d698bfe73"",""score_numerator"":1},{""cost"":1,""journey_id"":""359c8358c2dc1b0f8500"",""score_numerator"":1},{""cost"":1,""journey_id"":""35c63cedf4a86f3895d8"",""score_numerator"":1},{""cost"":1,""journey_id"":""370f303489ae79f2a643"",""score_numerator"":1},{""cost"":1,""journey_id"":""379401ec83d5458fc592"",""score_numerator"":1},{""cost"":1,""journey_id"":""379470e327656cfcdfd1"",""score_numerator"":1},{""cost"":1,""journey_id"":""3814cc5a0861a479282f"",""score_numerator"":1},{""cost"":1,""journey_id"":""38235495635aa8ba1e78"",""score_numerator"":1},{""cost"":1,""journey_id"":""38dc7cd7a3f3ecd819a7"",""score_numerator"":1},{""cost"":1,""journey_id"":""38f3dd7990e636d0c6b1"",""score_numerator"":1},{""cost"":1,""journey_id"":""38febd24dce48bce3434"",""score_numerator"":1},{""cost"":1,""journey_id"":""392f7d0331ee7bbb40de"",""score_numerator"":1},{""cost"":1,""journey_id"":""3955606f68da227b417f"",""score_numerator"":1},{""cost"":1,""journey_id"":""3956842a5ff4a59f942f"",""score_numerator"":1},{""cost"":1,""journey_id"":""3a1f6a58f9378af836ff"",""score_numerator"":1},{""cost"":1,""journey_id"":""3a238556f6b733c85a2e"",""score_numerator"":1},{""cost"":1,""journey_id"":""3a28f57f7bc5f30e99cb"",""score_numerator"":1},{""cost"":1,""journey_id"":""3a99545ae8135a77379e"",""score_numerator"":1},{""cost"":1,""journey_id"":""3b44a08ce1ff837058e3"",""score_numerator"":1},{""cost"":1,""journey_id"":""3b4cbb935af5cde994c6"",""score_numerator"":1},{""cost"":1,""journey_id"":""3ba9983bd77e0fbb3d5f"",""score_numerator"":1},{""cost"":1,""journey_id"":""3c4bf58ef964245d6925"",""score_numerator"":1},{""cost"":1,""journey_id"":""3da101f55add4328bcfb"",""score_numerator"":1},{""cost"":1,""journey_id"":""3dbcc44c7f3d341e14fd"",""score_numerator"":1},{""cost"":1,""journey_id"":""3dbdce5f15fb755c6404"",""score_numerator"":1},{""cost"":1,""journey_id"":""3de5766d266c70eafaba"",""score_numerator"":1},{""cost"":1,""journey_id"":""3e1cc41a805bbf6f5b17"",""score_numerator"":1},{""cost"":1,""journey_id"":""3ef8fe3e2f91b19086f5"",""score_numerator"":1},{""cost"":1,""journey_id"":""3f024fd34dbb96d49a25"",""score_numerator"":1},{""cost"":1,""journey_id"":""3fa8b4faf7125b428275"",""score_numerator"":1},{""cost"":1,""journey_id"":""3ff137fda858213f7054"",""score_numerator"":1},{""cost"":1,""journey_id"":""402c7d41dac139118f44"",""score_numerator"":1},{""cost"":1,""journey_id"":""407d7d46a1e112dfe44a"",""score_numerator"":1},{""cost"":1,""journey_id"":""40893439224bb3d917cc"",""score_numerator"":1},{""cost"":1,""journey_id"":""40d3c6c51a7ffb308638"",""score_numerator"":1},{""cost"":1,""journey_id"":""40fde3cd03fd29e5956d"",""score_numerator"":1},{""cost"":1,""journey_id"":""410d1697ced253922f0d"",""score_numerator"":1},{""cost"":1,""journey_id"":""410e212e7e5ad736f951"",""score_numerator"":1},{""cost"":1,""journey_id"":""412e78fabfaa180dadcc"",""score_numerator"":1},{""cost"":1,""journey_id"":""41be16701206be06329f"",""score_numerator"":1},{""cost"":1,""journey_id"":""42a44f203a03cbd6611d"",""score_numerator"":1},{""cost"":1,""journey_id"":""435af5192a21009dc238"",""score_numerator"":1},{""cost"":1,""journey_id"":""43b96bee702b9b51a35d"",""score_numerator"":1},{""cost"":1,""journey_id"":""43b99a3f1ce5f7c6f8f7"",""score_numerator"":1},{""cost"":1,""journey_id"":""43c863101966056a737e"",""score_numerator"":1},{""cost"":1,""journey_id"":""43e59544e72dd2884361"",""score_numerator"":1},{""cost"":1,""journey_id"":""44e37557ff844842de53"",""score_numerator"":1},{""cost"":1,""journey_id"":""457e48c1302f9f3ef707"",""score_numerator"":1},{""cost"":1,""journey_id"":""45af0a83de0f24cbb50e"",""score_numerator"":1},{""cost"":1,""journey_id"":""467183ecebce8c798bf3"",""score_numerator"":1},{""cost"":1,""journey_id"":""469a7703db7b7c54d92c"",""score_numerator"":1},{""cost"":1,""journey_id"":""46dc75102f9fe047741e"",""score_numerator"":1},{""cost"":1,""journey_id"":""47337a79cfabf95a2fc8"",""score_numerator"":1},{""cost"":1,""journey_id"":""4778a5b0bb952b19b076"",""score_numerator"":1},{""cost"":1,""journey_id"":""48bae501b957a4cf3134"",""score_numerator"":1},{""cost"":1,""journey_id"":""48fc693d38d2db191afb"",""score_numerator"":1},{""cost"":1,""journey_id"":""492199d4b42d7574a70a"",""score_numerator"":1},{""cost"":1,""journey_id"":""49246d7332409b69c384"",""score_numerator"":1},{""cost"":1,""journey_id"":""499d25e8b91622484a37"",""score_numerator"":1},{""cost"":1,""journey_id"":""499db5080aed60b126e2"",""score_numerator"":1},{""cost"":1,""journey_id"":""49aefab8b242d8eda722"",""score_numerator"":1},{""cost"":1,""journey_id"":""49d240889556e98f3458"",""score_numerator"":1},{""cost"":1,""journey_id"":""4a8d38177a9c8a876cc4"",""score_numerator"":1},{""cost"":1,""journey_id"":""4b3ee1110e55e0d7f20a"",""score_numerator"":1},{""cost"":1,""journey_id"":""4b75290e384189f28934"",""score_numerator"":1},{""cost"":1,""journey_id"":""4bc4ac86589becca07cc"",""score_numerator"":1},{""cost"":1,""journey_id"":""4d2cce0db67d713d4304"",""score_numerator"":1},{""cost"":1,""journey_id"":""4d308df70eba17e721c2"",""score_numerator"":1},{""cost"":1,""journey_id"":""4dbae248946332577c0b"",""score_numerator"":1},{""cost"":1,""journey_id"":""4dfd8f0942b06a3a0477"",""score_numerator"":1},{""cost"":1,""journey_id"":""4edb876a79403f3dd7be"",""score_numerator"":1},{""cost"":1,""journey_id"":""4f9fec5b5802c7147041"",""score_numerator"":1},{""cost"":1,""journey_id"":""4fb48d10280e474ac220"",""score_numerator"":1},{""cost"":1,""journey_id"":""4fcea76bb0c8544e3c7a"",""score_numerator"":1},{""cost"":1,""journey_id"":""4fdd55bcf602c9a8578c"",""score_numerator"":1},{""cost"":1,""journey_id"":""516a16c6cac2edd60fef"",""score_numerator"":1},{""cost"":1,""journey_id"":""516ec7bf9371093b9847"",""score_numerator"":1},{""cost"":1,""journey_id"":""516f6fb4b6bcef88073e"",""score_numerator"":1},{""cost"":1,""journey_id"":""51891a22ac7c25bbb623"",""score_numerator"":1},{""cost"":1,""journey_id"":""51a616879ff9b1ee2615"",""score_numerator"":1},{""cost"":1,""journey_id"":""51be84091357bd5d3ad4"",""score_numerator"":1},{""cost"":1,""journey_id"":""51f4b75242cfa8f211da"",""score_numerator"":1},{""cost"":1,""journey_id"":""5241829b53c08a99aa9b"",""score_numerator"":1},{""cost"":1,""journey_id"":""52eb817b6dc2ae685b93"",""score_numerator"":1},{""cost"":1,""journey_id"":""53039dc578eb38ec4e87"",""score_numerator"":1},{""cost"":1,""journey_id"":""544ca040b285752df8a2"",""score_numerator"":1},{""cost"":1,""journey_id"":""546ab2f87daa4bf13aad"",""score_numerator"":1},{""cost"":1,""journey_id"":""5496e19d5a9e82ad4297"",""score_numerator"":1},{""cost"":1,""journey_id"":""5505f3175074d447cbb5"",""score_numerator"":1},{""cost"":1,""journey_id"":""550aa8cdf23e065b0f0e"",""score_numerator"":1},{""cost"":1,""journey_id"":""555773eb6ceb190a4aae"",""score_numerator"":1},{""cost"":1,""journey_id"":""55617d378e688b5f66af"",""score_numerator"":1},{""cost"":1,""journey_id"":""55c826983a14d24ff7d7"",""score_numerator"":1},{""cost"":1,""journey_id"":""55ca027d9f000536729a"",""score_numerator"":1},{""cost"":1,""journey_id"":""564665ae3eaa3dbb677b"",""score_numerator"":1},{""cost"":1,""journey_id"":""5656bc06c140cb318c09"",""score_numerator"":1},{""cost"":1,""journey_id"":""567cd9b691856cfcbf95"",""score_numerator"":1},{""cost"":1,""journey_id"":""56f6e5403fd8b60662b5"",""score_numerator"":1},{""cost"":1,""journey_id"":""57c04e9b1d3fe85dca3c"",""score_numerator"":1},{""cost"":1,""journey_id"":""57f9cbb54af42b4b2341"",""score_numerator"":1},{""cost"":1,""journey_id"":""5882a78e2eb5888e4977"",""score_numerator"":1},{""cost"":1,""journey_id"":""58a4306fe66d4b45bf4b"",""score_numerator"":1},{""cost"":1,""journey_id"":""58abb149a579737f9a2e"",""score_numerator"":1},{""cost"":1,""journey_id"":""5902013a8c4c630dff53"",""score_numerator"":1},{""cost"":1,""journey_id"":""5946eb213bb59955bfb4"",""score_numerator"":1},{""cost"":1,""journey_id"":""5a7481efc7dbc123213b"",""score_numerator"":1},{""cost"":1,""journey_id"":""5b4edf8337efe4e61b66"",""score_numerator"":1},{""cost"":1,""journey_id"":""5c3aacd82200f6dd7404"",""score_numerator"":1},{""cost"":1,""journey_id"":""5c762d966c7e72c77533"",""score_numerator"":1},{""cost"":1,""journey_id"":""5d0e25e7a2269bbfd6eb"",""score_numerator"":1},{""cost"":1,""journey_id"":""5d4303bf3a6b8dce12db"",""score_numerator"":1},{""cost"":1,""journey_id"":""5d992ce2d5a7e41f6d78"",""score_numerator"":1},{""cost"":1,""journey_id"":""5db8d447fffea03a1760"",""score_numerator"":1},{""cost"":1,""journey_id"":""5dbf4523d57827e245f1"",""score_numerator"":1},{""cost"":1,""journey_id"":""5e3c33bc1383b5f21093"",""score_numerator"":1},{""cost"":1,""journey_id"":""5e55bd4235ea881bf143"",""score_numerator"":1},{""cost"":1,""journey_id"":""5e862d0704a9f8183983"",""score_numerator"":1},{""cost"":1,""journey_id"":""5f8887479b09c9ea11e8"",""score_numerator"":1},{""cost"":1,""journey_id"":""5fbbea836895b6aec244"",""score_numerator"":1},{""cost"":1,""journey_id"":""617b347dad09b22c2e1d"",""score_numerator"":1},{""cost"":1,""journey_id"":""6263f58dcd5348d29aa3"",""score_numerator"":1},{""cost"":1,""journey_id"":""62cdf0987656c01c52d9"",""score_numerator"":1},{""cost"":1,""journey_id"":""633870c91e9421b83812"",""score_numerator"":1},{""cost"":1,""journey_id"":""6342b8f642a97b5757e7"",""score_numerator"":1},{""cost"":1,""journey_id"":""63f65fa0f31430801395"",""score_numerator"":1},{""cost"":1,""journey_id"":""642931b84f4207114e1e"",""score_numerator"":1},{""cost"":1,""journey_id"":""64734e96986d7d6bee05"",""score_numerator"":1},{""cost"":1,""journey_id"":""64ab9b64c1d3650189bf"",""score_numerator"":1},{""cost"":1,""journey_id"":""64e3613714aa69dc0f16"",""score_numerator"":1},{""cost"":1,""journey_id"":""66eb6fdffdf79c1e5b1b"",""score_numerator"":1},{""cost"":1,""journey_id"":""672cfc176d15c71641fe"",""score_numerator"":1},{""cost"":1,""journey_id"":""672d77376f3ecbe770f5"",""score_numerator"":1},{""cost"":1,""journey_id"":""6745690bbe33b7bd344f"",""score_numerator"":1},{""cost"":1,""journey_id"":""676a0b3d2e5ca1e68012"",""score_numerator"":1},{""cost"":1,""journey_id"":""679dec5650bd23c40ef7"",""score_numerator"":1},{""cost"":1,""journey_id"":""681f5b615083b5420b83"",""score_numerator"":1},{""cost"":1,""journey_id"":""686404b5d79de852aa51"",""score_numerator"":1},{""cost"":1,""journey_id"":""68ffb23074a9ac067fc5"",""score_numerator"":1},{""cost"":1,""journey_id"":""6946a4ed756f7f230026"",""score_numerator"":1}]","[{""cost"":1,""journey_id"":""008b1d441a8449cba7fe"",""score_numerator"":2},{""cost"":1,""journey_id"":""00c7415a34988deb2694"",""score_numerator"":2},{""cost"":1,""journey_id"":""01885e0947f014ee07e5"",""score_numerator"":2},{""cost"":1,""journey_id"":""01eae34314e8e24d1f87"",""score_numerator"":2},{""cost"":1,""journey_id"":""02a59e1f786ef82a995f"",""score_numerator"":2},{""cost"":1,""journey_id"":""03a41cc192a15b624b45"",""score_numerator"":2},{""cost"":1,""journey_id"":""03e46e6b15ce86a9b854"",""score_numerator"":2},{""cost"":1,""journey_id"":""040b69878de3103049ec"",""score_numerator"":2},{""cost"":1,""journey_id"":""0576d36ad4ee19a3c931"",""score_numerator"":2},{""cost"":1,""journey_id"":""05bc432598718f9da89b"",""score_numerator"":2},{""cost"":1,""journey_id"":""05ecdfc8e7ad31d23ebb"",""score_numerator"":2},{""cost"":1,""journey_id"":""05f9fee32acf5c2bb01c"",""score_numerator"":2},{""cost"":1,""journey_id"":""0639e00bb33991accf40"",""score_numerator"":2},{""cost"":1,""journey_id"":""064f01fdb0abd8255f3f"",""score_numerator"":2},{""cost"":1,""journey_id"":""069e8d10893a0401ef0b"",""score_numerator"":2},{""cost"":1,""journey_id"":""06ce19465508a3d3c774"",""score_numerator"":2},{""cost"":1,""journey_id"":""07ebe6bf4fea7a7162bf"",""score_numerator"":2},{""cost"":1,""journey_id"":""096b508e215d9311b09c"",""score_numerator"":2},{""cost"":1,""journey_id"":""097a3db34527024dee4a"",""score_numerator"":2},{""cost"":1,""journey_id"":""0a0bb4afba40659a814d"",""score_numerator"":2},{""cost"":1,""journey_id"":""0aee3f31c7fc0ae5db0d"",""score_numerator"":2},{""cost"":1,""journey_id"":""0af97959f0cac7337474"",""score_numerator"":2},{""cost"":1,""journey_id"":""0b2f0acb1c54087a355f"",""score_numerator"":2},{""cost"":1,""journey_id"":""0b32c68814cea2dc343f"",""score_numerator"":2},{""cost"":1,""journey_id"":""0bc07294cd29dde62aa0"",""score_numerator"":2},{""cost"":1,""journey_id"":""0d3dbb9bfeff6290d602"",""score_numerator"":2},{""cost"":1,""journey_id"":""0d4ca6c8469b5464c17e"",""score_numerator"":2},{""cost"":1,""journey_id"":""0e1a226c841f22007601"",""score_numerator"":2},{""cost"":1,""journey_id"":""0e6dcac1a219ec0430a1"",""score_numerator"":2},{""cost"":1,""journey_id"":""0e70a724026ec6afae7d"",""score_numerator"":2},{""cost"":1,""journey_id"":""0f020e411b0afc521426"",""score_numerator"":2},{""cost"":1,""journey_id"":""0f6f2b729ce678430065"",""score_numerator"":2},{""cost"":1,""journey_id"":""101de23e4aba7901bc9e"",""score_numerator"":2},{""cost"":1,""journey_id"":""10c1111c87d8df0cb48c"",""score_numerator"":2},{""cost"":1,""journey_id"":""11f7102f6be40ac94024"",""score_numerator"":2},{""cost"":1,""journey_id"":""12a57f9f3e427cf76a3b"",""score_numerator"":2},{""cost"":1,""journey_id"":""131302b19347c0835ca0"",""score_numerator"":2},{""cost"":1,""journey_id"":""1319e4ba287e776c8b53"",""score_numerator"":2},{""cost"":1,""journey_id"":""151aa1494552dab4cab8"",""score_numerator"":2},{""cost"":1,""journey_id"":""15dae2748a99e1903af2"",""score_numerator"":2},{""cost"":1,""journey_id"":""1614646f32dfaf6b1d8b"",""score_numerator"":2},{""cost"":1,""journey_id"":""1656c23a53b5d3e7665c"",""score_numerator"":2},{""cost"":1,""journey_id"":""165f428ea3148fc07056"",""score_numerator"":2},{""cost"":1,""journey_id"":""16741281cc6dfe2d87bb"",""score_numerator"":2},{""cost"":1,""journey_id"":""1719e9c544e91621d821"",""score_numerator"":2},{""cost"":1,""journey_id"":""1721ab14cb8f65bb0e70"",""score_numerator"":2},{""cost"":1,""journey_id"":""1748611ff63e5b97728f"",""score_numerator"":2},{""cost"":1,""journey_id"":""1755b3d245cbfb8eed4f"",""score_numerator"":2},{""cost"":1,""journey_id"":""17d89c479b10b54b929a"",""score_numerator"":2},{""cost"":1,""journey_id"":""17e1abab466a47af2ba1"",""score_numerator"":2},{""cost"":1,""journey_id"":""18d8c79602a10315051f"",""score_numerator"":2},{""cost"":1,""journey_id"":""1960bcc0288a5cfcc53e"",""score_numerator"":2},{""cost"":1,""journey_id"":""197e7e09f07ac31456fa"",""score_numerator"":2},{""cost"":1,""journey_id"":""199920f1b3ba9cd716df"",""score_numerator"":2},{""cost"":1,""journey_id"":""1b2f59956ab6f973c427"",""score_numerator"":2},{""cost"":1,""journey_id"":""1b3d909f2fe3ca0057ab"",""score_numerator"":2},{""cost"":1,""journey_id"":""1c78c0e8083ca7e8f8cb"",""score_numerator"":2},{""cost"":1,""journey_id"":""1ced001a76f362637565"",""score_numerator"":2},{""cost"":1,""journey_id"":""1cfe4d31d4ae63a3f5c7"",""score_numerator"":2},{""cost"":1,""journey_id"":""1d7f8bc47adfc3cdeabc"",""score_numerator"":2},{""cost"":1,""journey_id"":""1d88f9cdbd55470cb85c"",""score_numerator"":2},{""cost"":1,""journey_id"":""1de6e4e61cf920c46de0"",""score_numerator"":2},{""cost"":1,""journey_id"":""1e2d9db313f650453cb9"",""score_numerator"":2},{""cost"":1,""journey_id"":""1e70d649334a2c90f09e"",""score_numerator"":2},{""cost"":1,""journey_id"":""1ec02df783011928a910"",""score_numerator"":2},{""cost"":1,""journey_id"":""1f8918e3ae8aa731c5e5"",""score_numerator"":2},{""cost"":1,""journey_id"":""1f8a78033b81fedc68ce"",""score_numerator"":2},{""cost"":1,""journey_id"":""1fdfcd11715e36a90af4"",""score_numerator"":2},{""cost"":1,""journey_id"":""203a4cfafc67cab9f263"",""score_numerator"":2},{""cost"":1,""journey_id"":""203a82d4217d8af8f6ae"",""score_numerator"":2},{""cost"":1,""journey_id"":""203ac5474fe0eeebd448"",""score_numerator"":2},{""cost"":1,""journey_id"":""204410eb7f2053c67b57"",""score_numerator"":2},{""cost"":1,""journey_id"":""2092b77e6be801f50499"",""score_numerator"":2},{""cost"":1,""journey_id"":""20d722db741bc7a41884"",""score_numerator"":2},{""cost"":1,""journey_id"":""2177fb76f73be972f11c"",""score_numerator"":2},{""cost"":1,""journey_id"":""2335b233778f29ee1876"",""score_numerator"":2},{""cost"":1,""journey_id"":""2381ebd728f17d53c7ca"",""score_numerator"":2},{""cost"":1,""journey_id"":""244f226a5d547fcca719"",""score_numerator"":2},{""cost"":1,""journey_id"":""2571cd737fb81aea288f"",""score_numerator"":2},{""cost"":1,""journey_id"":""25b9e4f2647b9f4b3f3a"",""score_numerator"":2},{""cost"":1,""journey_id"":""25eb6e3b5b39e11c84d2"",""score_numerator"":2},{""cost"":1,""journey_id"":""2632ebc4b531db1b72f8"",""score_numerator"":2},{""cost"":1,""journey_id"":""27681b8c3cd39b181ec6"",""score_numerator"":2},{""cost"":1,""journey_id"":""28153003782aa9bfcd3f"",""score_numerator"":2},{""cost"":1,""journey_id"":""28b3c41393e4e8fef0e9"",""score_numerator"":2},{""cost"":1,""journey_id"":""293092624fe356f8f1e2"",""score_numerator"":2},{""cost"":1,""journey_id"":""2a6da95c78566b1c87b6"",""score_numerator"":2},{""cost"":1,""journey_id"":""2a827f529f25ea5691e8"",""score_numerator"":2},{""cost"":1,""journey_id"":""2b2466f693874c685aed"",""score_numerator"":2},{""cost"":1,""journey_id"":""2b805d3df9043d2f37df"",""score_numerator"":2},{""cost"":1,""journey_id"":""2bd32e8fcccb8d9deaff"",""score_numerator"":2},{""cost"":1,""journey_id"":""2bd4fa71d7c8617a1e2b"",""score_numerator"":2},{""cost"":1,""journey_id"":""2c194794cf4203929b7e"",""score_numerator"":2},{""cost"":1,""journey_id"":""2c3b9c6931dac58f6d6d"",""score_numerator"":2},{""cost"":1,""journey_id"":""2c66cb98ca5f926cd482"",""score_numerator"":2},{""cost"":1,""journey_id"":""2d4f8594d6480bbf2087"",""score_numerator"":2},{""cost"":1,""journey_id"":""2df86beb45b8755bfb1e"",""score_numerator"":2},{""cost"":1,""journey_id"":""2e9a70b24d38013ed435"",""score_numerator"":2},{""cost"":1,""journey_id"":""2ea8ac0679c5c9bd9eaa"",""score_numerator"":2},{""cost"":1,""journey_id"":""2f0f11fb92daa6298b0a"",""score_numerator"":2},{""cost"":1,""journey_id"":""2f45301c6d903dc476ec"",""score_numerator"":2},{""cost"":1,""journey_id"":""2f6eec2bfde4f5a1ad80"",""score_numerator"":2},{""cost"":1,""journey_id"":""303897fe89fdf778bec4"",""score_numerator"":2},{""cost"":1,""journey_id"":""3052a6ba202c53283387"",""score_numerator"":2},{""cost"":1,""journey_id"":""305b14d411ff76cb52ef"",""score_numerator"":2},{""cost"":1,""journey_id"":""30646ac0f878abbadf77"",""score_numerator"":2},{""cost"":1,""journey_id"":""309973db095d09614c14"",""score_numerator"":2},{""cost"":1,""journey_id"":""30ce8aa6c573471ae348"",""score_numerator"":2},{""cost"":1,""journey_id"":""311490c615f6e72505f0"",""score_numerator"":2},{""cost"":1,""journey_id"":""3199d01fc20a32b38a01"",""score_numerator"":2},{""cost"":1,""journey_id"":""31e684a881aa35fb519b"",""score_numerator"":2},{""cost"":1,""journey_id"":""32802201bed1de756066"",""score_numerator"":2},{""cost"":1,""journey_id"":""33823437a432a03175a5"",""score_numerator"":2},{""cost"":1,""journey_id"":""33cd8ef006f27fd1491b"",""score_numerator"":2},{""cost"":1,""journey_id"":""340c2b270b27a37d31db"",""score_numerator"":2},{""cost"":1,""journey_id"":""3458d9a68f54dea8453b"",""score_numerator"":2},{""cost"":1,""journey_id"":""34ec24dbc3c9da53b033"",""score_numerator"":2},{""cost"":1,""journey_id"":""353e013e142d698bfe73"",""score_numerator"":2},{""cost"":1,""journey_id"":""359c8358c2dc1b0f8500"",""score_numerator"":2},{""cost"":1,""journey_id"":""35c63cedf4a86f3895d8"",""score_numerator"":2},{""cost"":1,""journey_id"":""370f303489ae79f2a643"",""score_numerator"":2},{""cost"":1,""journey_id"":""379401ec83d5458fc592"",""score_numerator"":2},{""cost"":1,""journey_id"":""379470e327656cfcdfd1"",""score_numerator"":2},{""cost"":1,""journey_id"":""3814cc5a0861a479282f"",""score_numerator"":2},{""cost"":1,""journey_id"":""38235495635aa8ba1e78"",""score_numerator"":2},{""cost"":1,""journey_id"":""38dc7cd7a3f3ecd819a7"",""score_numerator"":2},{""cost"":1,""journey_id"":""38f3dd7990e636d0c6b1"",""score_numerator"":2},{""cost"":1,""journey_id"":""38febd24dce48bce3434"",""score_numerator"":2},{""cost"":1,""journey_id"":""392f7d0331ee7bbb40de"",""score_numerator"":2},{""cost"":1,""journey_id"":""3955606f68da227b417f"",""score_numerator"":2},{""cost"":1,""journey_id"":""3956842a5ff4a59f942f"",""score_numerator"":2},{""cost"":1,""journey_id"":""3a1f6a58f9378af836ff"",""score_numerator"":2},{""cost"":1,""journey_id"":""3a238556f6b733c85a2e"",""score_numerator"":2},{""cost"":1,""journey_id"":""3a28f57f7bc5f30e99cb"",""score_numerator"":2},{""cost"":1,""journey_id"":""3a99545ae8135a77379e"",""score_numerator"":2},{""cost"":1,""journey_id"":""3b44a08ce1ff837058e3"",""score_numerator"":2},{""cost"":1,""journey_id"":""3b4cbb935af5cde994c6"",""score_numerator"":2},{""cost"":1,""journey_id"":""3ba9983bd77e0fbb3d5f"",""score_numerator"":2},{""cost"":1,""journey_id"":""3c4bf58ef964245d6925"",""score_numerator"":2},{""cost"":1,""journey_id"":""3da101f55add4328bcfb"",""score_numerator"":2},{""cost"":1,""journey_id"":""3dbcc44c7f3d341e14fd"",""score_numerator"":2},{""cost"":1,""journey_id"":""3dbdce5f15fb755c6404"",""score_numerator"":2},{""cost"":1,""journey_id"":""3de5766d266c70eafaba"",""score_numerator"":2},{""cost"":1,""journey_id"":""3e1cc41a805bbf6f5b17"",""score_numerator"":2},{""cost"":1,""journey_id"":""3ef8fe3e2f91b19086f5"",""score_numerator"":2},{""cost"":1,""journey_id"":""3f024fd34dbb96d49a25"",""score_numerator"":2},{""cost"":1,""journey_id"":""3fa8b4faf7125b428275"",""score_numerator"":2},{""cost"":1,""journey_id"":""3ff137fda858213f7054"",""score_numerator"":2},{""cost"":1,""journey_id"":""402c7d41dac139118f44"",""score_numerator"":2},{""cost"":1,""journey_id"":""407d7d46a1e112dfe44a"",""score_numerator"":2},{""cost"":1,""journey_id"":""40893439224bb3d917cc"",""score_numerator"":2},{""cost"":1,""journey_id"":""40d3c6c51a7ffb308638"",""score_numerator"":2},{""cost"":1,""journey_id"":""40fde3cd03fd29e5956d"",""score_numerator"":2},{""cost"":1,""journey_id"":""410d1697ced253922f0d"",""score_numerator"":2},{""cost"":1,""journey_id"":""410e212e7e5ad736f951"",""score_numerator"":2},{""cost"":1,""journey_id"":""412e78fabfaa180dadcc"",""score_numerator"":2},{""cost"":1,""journey_id"":""41be16701206be06329f"",""score_numerator"":2},{""cost"":1,""journey_id"":""42a44f203a03cbd6611d"",""score_numerator"":2},{""cost"":1,""journey_id"":""435af5192a21009dc238"",""score_numerator"":2},{""cost"":1,""journey_id"":""43b96bee702b9b51a35d"",""score_numerator"":2},{""cost"":1,""journey_id"":""43b99a3f1ce5f7c6f8f7"",""score_numerator"":2},{""cost"":1,""journey_id"":""43c863101966056a737e"",""score_numerator"":2},{""cost"":1,""journey_id"":""43e59544e72dd2884361"",""score_numerator"":2},{""cost"":1,""journey_id"":""44e37557ff844842de53"",""score_numerator"":2},{""cost"":1,""journey_id"":""457e48c1302f9f3ef707"",""score_numerator"":2},{""cost"":1,""journey_id"":""45af0a83de0f24cbb50e"",""score_numerator"":2},{""cost"":1,""journey_id"":""467183ecebce8c798bf3"",""score_numerator"":2},{""cost"":1,""journey_id"":""469a7703db7b7c54d92c"",""score_numerator"":2},{""cost"":1,""journey_id"":""46dc75102f9fe047741e"",""score_numerator"":2},{""cost"":1,""journey_id"":""47337a79cfabf95a2fc8"",""score_numerator"":2},{""cost"":1,""journey_id"":""4778a5b0bb952b19b076"",""score_numerator"":2},{""cost"":1,""journey_id"":""48bae501b957a4cf3134"",""score_numerator"":2},{""cost"":1,""journey_id"":""48fc693d38d2db191afb"",""score_numerator"":2},{""cost"":1,""journey_id"":""492199d4b42d7574a70a"",""score_numerator"":2},{""cost"":1,""journey_id"":""49246d7332409b69c384"",""score_numerator"":2},{""cost"":1,""journey_id"":""499d25e8b91622484a37"",""score_numerator"":2},{""cost"":1,""journey_id"":""499db5080aed60b126e2"",""score_numerator"":2},{""cost"":1,""journey_id"":""49aefab8b242d8eda722"",""score_numerator"":2},{""cost"":1,""journey_id"":""49d240889556e98f3458"",""score_numerator"":2},{""cost"":1,""journey_id"":""4a8d38177a9c8a876cc4"",""score_numerator"":2},{""cost"":1,""journey_id"":""4b3ee1110e55e0d7f20a"",""score_numerator"":2},{""cost"":1,""journey_id"":""4b75290e384189f28934"",""score_numerator"":2},{""cost"":1,""journey_id"":""4bc4ac86589becca07cc"",""score_numerator"":2},{""cost"":1,""journey_id"":""4d2cce0db67d713d4304"",""score_numerator"":2},{""cost"":1,""journey_id"":""4d308df70eba17e721c2"",""score_numerator"":2},{""cost"":1,""journey_id"":""4dbae248946332577c0b"",""score_numerator"":2},{""cost"":1,""journey_id"":""4dfd8f0942b06a3a0477"",""score_numerator"":2},{""cost"":1,""journey_id"":""4edb876a79403f3dd7be"",""score_numerator"":2},{""cost"":1,""journey_id"":""4f9fec5b5802c7147041"",""score_numerator"":2},{""cost"":1,""journey_id"":""4fb48d10280e474ac220"",""score_numerator"":2},{""cost"":1,""journey_id"":""4fcea76bb0c8544e3c7a"",""score_numerator"":2},{""cost"":1,""journey_id"":""4fdd55bcf602c9a8578c"",""score_numerator"":2},{""cost"":1,""journey_id"":""516a16c6cac2edd60fef"",""score_numerator"":2},{""cost"":1,""journey_id"":""516ec7bf9371093b9847"",""score_numerator"":2},{""cost"":1,""journey_id"":""516f6fb4b6bcef88073e"",""score_numerator"":2},{""cost"":1,""journey_id"":""51891a22ac7c25bbb623"",""score_numerator"":2},{""cost"":1,""journey_id"":""51a616879ff9b1ee2615"",""score_numerator"":2},{""cost"":1,""journey_id"":""51be84091357bd5d3ad4"",""score_numerator"":2},{""cost"":1,""journey_id"":""51f4b75242cfa8f211da"",""score_numerator"":2},{""cost"":1,""journey_id"":""5241829b53c08a99aa9b"",""score_numerator"":2},{""cost"":1,""journey_id"":""52eb817b6dc2ae685b93"",""score_numerator"":2},{""cost"":1,""journey_id"":""53039dc578eb38ec4e87"",""score_numerator"":2},{""cost"":1,""journey_id"":""544ca040b285752df8a2"",""score_numerator"":2},{""cost"":1,""journey_id"":""546ab2f87daa4bf13aad"",""score_numerator"":2},{""cost"":1,""journey_id"":""5496e19d5a9e82ad4297"",""score_numerator"":2},{""cost"":1,""journey_id"":""5505f3175074d447cbb5"",""score_numerator"":2},{""cost"":1,""journey_id"":""550aa8cdf23e065b0f0e"",""score_numerator"":2},{""cost"":1,""journey_id"":""555773eb6ceb190a4aae"",""score_numerator"":2},{""cost"":1,""journey_id"":""55617d378e688b5f66af"",""score_numerator"":2},{""cost"":1,""journey_id"":""55c826983a14d24ff7d7"",""score_numerator"":2},{""cost"":1,""journey_id"":""55ca027d9f000536729a"",""score_numerator"":2},{""cost"":1,""journey_id"":""564665ae3eaa3dbb677b"",""score_numerator"":2},{""cost"":1,""journey_id"":""5656bc06c140cb318c09"",""score_numerator"":2},{""cost"":1,""journey_id"":""567cd9b691856cfcbf95"",""score_numerator"":2},{""cost"":1,""journey_id"":""56f6e5403fd8b60662b5"",""score_numerator"":2},{""cost"":1,""journey_id"":""57c04e9b1d3fe85dca3c"",""score_numerator"":2},{""cost"":1,""journey_id"":""57f9cbb54af42b4b2341"",""score_numerator"":2},{""cost"":1,""journey_id"":""5882a78e2eb5888e4977"",""score_numerator"":2},{""cost"":1,""journey_id"":""58a4306fe66d4b45bf4b"",""score_numerator"":2},{""cost"":1,""journey_id"":""58abb149a579737f9a2e"",""score_numerator"":2},{""cost"":1,""journey_id"":""5902013a8c4c630dff53"",""score_numerator"":2},{""cost"":1,""journey_id"":""5946eb213bb59955bfb4"",""score_numerator"":2},{""cost"":1,""journey_id"":""5a7481efc7dbc123213b"",""score_numerator"":2},{""cost"":1,""journey_id"":""5b4edf8337efe4e61b66"",""score_numerator"":2},{""cost"":1,""journey_id"":""5c3aacd82200f6dd7404"",""score_numerator"":2},{""cost"":1,""journey_id"":""5c762d966c7e72c77533"",""score_numerator"":2},{""cost"":1,""journey_id"":""5d0e25e7a2269bbfd6eb"",""score_numerator"":2},{""cost"":1,""journey_id"":""5d4303bf3a6b8dce12db"",""score_numerator"":2},{""cost"":1,""journey_id"":""5d992ce2d5a7e41f6d78"",""score_numerator"":2},{""cost"":1,""journey_id"":""5db8d447fffea03a1760"",""score_numerator"":2},{""cost"":1,""journey_id"":""5dbf4523d57827e245f1"",""score_numerator"":2},{""cost"":1,""journey_id"":""5e3c33bc1383b5f21093"",""score_numerator"":2},{""cost"":1,""journey_id"":""5e55bd4235ea881bf143"",""score_numerator"":2},{""cost"":1,""journey_id"":""5e862d0704a9f8183983"",""score_numerator"":2},{""cost"":1,""journey_id"":""5f8887479b09c9ea11e8"",""score_numerator"":2},{""cost"":1,""journey_id"":""5fbbea836895b6aec244"",""score_numerator"":2},{""cost"":1,""journey_id"":""617b347dad09b22c2e1d"",""score_numerator"":2},{""cost"":1,""journey_id"":""6263f58dcd5348d29aa3"",""score_numerator"":2},{""cost"":1,""journey_id"":""62cdf0987656c01c52d9"",""score_numerator"":2},{""cost"":1,""journey_id"":""633870c91e9421b83812"",""score_numerator"":2},{""cost"":1,""journey_id"":""6342b8f642a97b5757e7"",""score_numerator"":2},{""cost"":1,""journey_id"":""63f65fa0f31430801395"",""score_numerator"":2},{""cost"":1,""journey_id"":""642931b84f4207114e1e"",""score_numerator"":2},{""cost"":1,""journey_id"":""64734e96986d7d6bee05"",""score_numerator"":2},{""cost"":1,""journey_id"":""64ab9b64c1d3650189bf"",""score_numerator"":2},{""cost"":1,""journey_id"":""64e3613714aa69dc0f16"",""score_numerator"":2},{""cost"":1,""journey_id"":""66eb6fdffdf79c1e5b1b"",""score_numerator"":2},{""cost"":1,""journey_id"":""672cfc176d15c71641fe"",""score_numerator"":2},{""cost"":1,""journey_id"":""672d77376f3ecbe770f5"",""score_numerator"":2},{""cost"":1,""journey_id"":""6745690bbe33b7bd344f"",""score_numerator"":2},{""cost"":1,""journey_id"":""676a0b3d2e5ca1e68012"",""score_numerator"":2},{""cost"":1,""journey_id"":""679dec5650bd23c40ef7"",""score_numerator"":2},{""cost"":1,""journey_id"":""681f5b615083b5420b83"",""score_numerator"":2},{""cost"":1,""journey_id"":""686404b5d79de852aa51"",""score_numerator"":2},{""cost"":1,""journey_id"":""68ffb23074a9ac067fc5"",""score_numerator"":2},{""cost"":1,""journey_id"":""6946a4ed756f7f230026"",""score_numerator"":2}]",256,256,"[""008b1d441a8449cba7fe""]","[""008b1d441a8449cba7fe""]","[{""budget"":0,""judgments"":0,""plan_id"":null,""recorded_events"":[],""remaining_ids"":[""c0"",""c1""],""remaining_witnesses"":256,""status"":""infeasible_in_pool"",""stop"":""judgment_budget_limit""},{""budget"":1,""judgments"":1,""plan_id"":null,""recorded_events"":[""no_distinguishing_witness_in_completed_pool""],""remaining_ids"":[""c0""],""remaining_witnesses"":0,""status"":""infeasible_in_pool"",""stop"":""one_class_no_witness""},{""budget"":2,""judgments"":1,""plan_id"":null,""recorded_events"":[""no_distinguishing_witness_in_completed_pool""],""remaining_ids"":[""c0""],""remaining_witnesses"":0,""status"":""infeasible_in_pool"",""stop"":""one_class_no_witness""},{""budget"":4,""judgments"":1,""plan_id"":null,""recorded_events"":[""no_distinguishing_witness_in_completed_pool""],""remaining_ids"":[""c0""],""remaining_witnesses"":0,""status"":""infeasible_in_pool"",""stop"":""one_class_no_witness""}]","[{""budget"":0,""judgments"":0,""plan_id"":null,""recorded_events"":[],""remaining_ids"":[""c0"",""c1""],""remaining_witnesses"":256,""status"":""infeasible_in_pool"",""stop"":""judgment_budget_limit""},{""budget"":1,""judgments"":1,""plan_id"":null,""recorded_events"":[""no_distinguishing_witness_in_completed_pool""],""remaining_ids"":[""c0""],""remaining_witnesses"":0,""status"":""infeasible_in_pool"",""stop"":""one_class_no_witness""},{""budget"":2,""judgments"":1,""plan_id"":null,""recorded_events"":[""no_distinguishing_witness_in_completed_pool""],""remaining_ids"":[""c0""],""remaining_witnesses"":0,""status"":""infeasible_in_pool"",""stop"":""one_class_no_witness""},{""budget"":4,""judgments"":1,""plan_id"":null,""recorded_events"":[""no_distinguishing_witness_in_completed_pool""],""remaining_ids"":[""c0""],""remaining_witnesses"":0,""status"":""infeasible_in_pool"",""stop"":""one_class_no_witness""}]",two_classes
pilot-41,4,0,0,0,0,"{"""":25}",[],{},[],[],0,0,[],[],"[{""budget"":0,""judgments"":0,""plan_id"":null,""recorded_events"":[],""remaining_ids"":[],""remaining_witnesses"":0,""status"":""unsupported"",""stop"":""no_parsed_candidate""},{""budget"":1,""judgments"":0,""plan_id"":null,""recorded_events"":[],""remaining_ids"":[],""remaining_witnesses"":0,""status"":""unsupported"",""stop"":""no_parsed_candidate""},{""budget"":2,""judgments"":0,""plan_id"":null,""recorded_events"":[],""remaining_ids"":[],""remaining_witnesses"":0,""status"":""unsupported"",""stop"":""no_parsed_candidate""},{""budget"":4,""judgments"":0,""plan_id"":null,""recorded_events"":[],""remaining_ids"":[],""remaining_witnesses"":0,""status"":""unsupported"",""stop"":""no_parsed_candidate""}]","[{""budget"":0,""judgments"":0,""plan_id"":null,""recorded_events"":[],""remaining_ids"":[],""remaining_witnesses"":0,""status"":""unsupported"",""stop"":""no_parsed_candidate""},{""budget"":1,""judgments"":0,""plan_id"":null,""recorded_events"":[],""remaining_ids"":[],""remaining_witnesses"":0,""status"":""unsupported"",""stop"":""no_parsed_candidate""},{""budget"":2,""judgments"":0,""plan_id"":null,""recorded_events"":[],""remaining_ids"":[],""remaining_witnesses"":0,""status"":""unsupported"",""stop"":""no_parsed_candidate""},{""budget"":4,""judgments"":0,""plan_id"":null,""recorded_events"":[],""remaining_ids"":[],""remaining_witnesses"":0,""status"":""unsupported"",""stop"":""no_parsed_candidate""}]",no_parsed_candidate
pilot-42,4,4,0,0,2,"{""00"":13,""01"":40,""10"":11}","[{""I"":2,""ids"":[""c0"",""c2""],""weight"":3}]","{""01"":51}","[{""cost"":1,""journey_id"":""02b8e234c9d442a0e68f"",""score_numerator"":1},{""cost"":1,""journey_id"":""039feb6cec3df584fbf0"",""score_numerator"":1},{""cost"":1,""journey_id"":""03ba30f161bc9a3ef564"",""score_numerator"":1},{""cost"":1,""journey_id"":""0404a85a884bfb0e7ccd"",""score_numerator"":1},{""cost"":1,""journey_id"":""04765bfcc02706e1db0e"",""score_numerator"":1},{""cost"":1,""journey_id"":""049da26509163270db79"",""score_numerator"":1},{""cost"":1,""journey_id"":""04f69128b719bad6b9d4"",""score_numerator"":1},{""cost"":1,""journey_id"":""056694a7849798a5ed53"",""score_numerator"":1},{""cost"":1,""journey_id"":""07687b479df58ebc566b"",""score_numerator"":1},{""cost"":1,""journey_id"":""09983b67f3e857578391"",""score_numerator"":1},{""cost"":1,""journey_id"":""09f15b8f89769eb9e36d"",""score_numerator"":1},{""cost"":1,""journey_id"":""0ac7b1cb08825f9967c2"",""score_numerator"":1},{""cost"":1,""journey_id"":""0ace9eb3d48123a23ed9"",""score_numerator"":1},{""cost"":1,""journey_id"":""0af9418ff83497434f37"",""score_numerator"":1},{""cost"":1,""journey_id"":""0b9d6915c76f6fdbb6f1"",""score_numerator"":1},{""cost"":1,""journey_id"":""0c493621debafbe5771a"",""score_numerator"":1},{""cost"":1,""journey_id"":""0c533b593fd0f9c5acdd"",""score_numerator"":1},{""cost"":1,""journey_id"":""0c8c425429262fd7ff11"",""score_numerator"":1},{""cost"":1,""journey_id"":""0cd0936992c75860e0d7"",""score_numerator"":1},{""cost"":1,""journey_id"":""0ce793c825fc2bc955d2"",""score_numerator"":1},{""cost"":1,""journey_id"":""0d5c9d32ec5e554fa00f"",""score_numerator"":1},{""cost"":1,""journey_id"":""0d8307f6e03019c1b632"",""score_numerator"":1},{""cost"":1,""journey_id"":""0db692085cd32509767e"",""score_numerator"":1},{""cost"":1,""journey_id"":""0e289ed369c83f0df627"",""score_numerator"":1},{""cost"":1,""journey_id"":""0e61021e20b3d3f28f70"",""score_numerator"":1},{""cost"":1,""journey_id"":""105464639959600837c2"",""score_numerator"":1},{""cost"":1,""journey_id"":""1133f8f024b210e03901"",""score_numerator"":1},{""cost"":1,""journey_id"":""11a2595d90673b61b174"",""score_numerator"":1},{""cost"":1,""journey_id"":""12401ba0e6c1056f896b"",""score_numerator"":1},{""cost"":1,""journey_id"":""1241de233aede6a616d9"",""score_numerator"":1},{""cost"":1,""journey_id"":""12b87e00ef9974158538"",""score_numerator"":1},{""cost"":1,""journey_id"":""12bf0067c2208112b51c"",""score_numerator"":1},{""cost"":1,""journey_id"":""1345967a07fd144fd79e"",""score_numerator"":1},{""cost"":1,""journey_id"":""137d39e17678ca6d5452"",""score_numerator"":1},{""cost"":1,""journey_id"":""137e16908120fe855bb6"",""score_numerator"":1},{""cost"":1,""journey_id"":""1452bb889b370f0d2215"",""score_numerator"":1},{""cost"":1,""journey_id"":""1465ea0b6220ed6d7454"",""score_numerator"":1},{""cost"":1,""journey_id"":""14923a6dbbce69410724"",""score_numerator"":1},{""cost"":1,""journey_id"":""15cb5bb294f08c24b806"",""score_numerator"":1},{""cost"":1,""journey_id"":""15d2420229145434bd54"",""score_numerator"":1},{""cost"":1,""journey_id"":""165858286ba6f1193901"",""score_numerator"":1},{""cost"":1,""journey_id"":""166f69ff803891698d9e"",""score_numerator"":1},{""cost"":1,""journey_id"":""1748d1e399d57fbefa4f"",""score_numerator"":1},{""cost"":1,""journey_id"":""18d0033649979a5a6aca"",""score_numerator"":1},{""cost"":1,""journey_id"":""19d4f8560ea1dea27854"",""score_numerator"":1},{""cost"":1,""journey_id"":""1a340038b44d2ab4c125"",""score_numerator"":1},{""cost"":1,""journey_id"":""1ad92cf94e069bc945fb"",""score_numerator"":1},{""cost"":1,""journey_id"":""1b502fb48c691eaed216"",""score_numerator"":1},{""cost"":1,""journey_id"":""1b58aa463fd7fe3aec64"",""score_numerator"":1},{""cost"":1,""journey_id"":""1ca59e494c158e3a0be1"",""score_numerator"":1},{""cost"":1,""journey_id"":""1d0ad1623f91a7157761"",""score_numerator"":1}]","[{""cost"":1,""journey_id"":""02b8e234c9d442a0e68f"",""score_numerator"":3},{""cost"":1,""journey_id"":""039feb6cec3df584fbf0"",""score_numerator"":3},{""cost"":1,""journey_id"":""03ba30f161bc9a3ef564"",""score_numerator"":3},{""cost"":1,""journey_id"":""0404a85a884bfb0e7ccd"",""score_numerator"":3},{""cost"":1,""journey_id"":""04765bfcc02706e1db0e"",""score_numerator"":3},{""cost"":1,""journey_id"":""049da26509163270db79"",""score_numerator"":3},{""cost"":1,""journey_id"":""04f69128b719bad6b9d4"",""score_numerator"":3},{""cost"":1,""journey_id"":""056694a7849798a5ed53"",""score_numerator"":3},{""cost"":1,""journey_id"":""07687b479df58ebc566b"",""score_numerator"":3},{""cost"":1,""journey_id"":""09983b67f3e857578391"",""score_numerator"":3},{""cost"":1,""journey_id"":""09f15b8f89769eb9e36d"",""score_numerator"":3},{""cost"":1,""journey_id"":""0ac7b1cb08825f9967c2"",""score_numerator"":3},{""cost"":1,""journey_id"":""0ace9eb3d48123a23ed9"",""score_numerator"":3},{""cost"":1,""journey_id"":""0af9418ff83497434f37"",""score_numerator"":3},{""cost"":1,""journey_id"":""0b9d6915c76f6fdbb6f1"",""score_numerator"":3},{""cost"":1,""journey_id"":""0c493621debafbe5771a"",""score_numerator"":3},{""cost"":1,""journey_id"":""0c533b593fd0f9c5acdd"",""score_numerator"":3},{""cost"":1,""journey_id"":""0c8c425429262fd7ff11"",""score_numerator"":3},{""cost"":1,""journey_id"":""0cd0936992c75860e0d7"",""score_numerator"":3},{""cost"":1,""journey_id"":""0ce793c825fc2bc955d2"",""score_numerator"":3},{""cost"":1,""journey_id"":""0d5c9d32ec5e554fa00f"",""score_numerator"":3},{""cost"":1,""journey_id"":""0d8307f6e03019c1b632"",""score_numerator"":3},{""cost"":1,""journey_id"":""0db692085cd32509767e"",""score_numerator"":3},{""cost"":1,""journey_id"":""0e289ed369c83f0df627"",""score_numerator"":3},{""cost"":1,""journey_id"":""0e61021e20b3d3f28f70"",""score_numerator"":3},{""cost"":1,""journey_id"":""105464639959600837c2"",""score_numerator"":3},{""cost"":1,""journey_id"":""1133f8f024b210e03901"",""score_numerator"":3},{""cost"":1,""journey_id"":""11a2595d90673b61b174"",""score_numerator"":3},{""cost"":1,""journey_id"":""12401ba0e6c1056f896b"",""score_numerator"":3},{""cost"":1,""journey_id"":""1241de233aede6a616d9"",""score_numerator"":3},{""cost"":1,""journey_id"":""12b87e00ef9974158538"",""score_numerator"":3},{""cost"":1,""journey_id"":""12bf0067c2208112b51c"",""score_numerator"":3},{""cost"":1,""journey_id"":""1345967a07fd144fd79e"",""score_numerator"":3},{""cost"":1,""journey_id"":""137d39e17678ca6d5452"",""score_numerator"":3},{""cost"":1,""journey_id"":""137e16908120fe855bb6"",""score_numerator"":3},{""cost"":1,""journey_id"":""1452bb889b370f0d2215"",""score_numerator"":3},{""cost"":1,""journey_id"":""1465ea0b6220ed6d7454"",""score_numerator"":3},{""cost"":1,""journey_id"":""14923a6dbbce69410724"",""score_numerator"":3},{""cost"":1,""journey_id"":""15cb5bb294f08c24b806"",""score_numerator"":3},{""cost"":1,""journey_id"":""15d2420229145434bd54"",""score_numerator"":3},{""cost"":1,""journey_id"":""165858286ba6f1193901"",""score_numerator"":3},{""cost"":1,""journey_id"":""166f69ff803891698d9e"",""score_numerator"":3},{""cost"":1,""journey_id"":""1748d1e399d57fbefa4f"",""score_numerator"":3},{""cost"":1,""journey_id"":""18d0033649979a5a6aca"",""score_numerator"":3},{""cost"":1,""journey_id"":""19d4f8560ea1dea27854"",""score_numerator"":3},{""cost"":1,""journey_id"":""1a340038b44d2ab4c125"",""score_numerator"":3},{""cost"":1,""journey_id"":""1ad92cf94e069bc945fb"",""score_numerator"":3},{""cost"":1,""journey_id"":""1b502fb48c691eaed216"",""score_numerator"":3},{""cost"":1,""journey_id"":""1b58aa463fd7fe3aec64"",""score_numerator"":3},{""cost"":1,""journey_id"":""1ca59e494c158e3a0be1"",""score_numerator"":3},{""cost"":1,""journey_id"":""1d0ad1623f91a7157761"",""score_numerator"":3}]",51,51,"[""02b8e234c9d442a0e68f""]","[""02b8e234c9d442a0e68f""]","[{""budget"":0,""judgments"":0,""plan_id"":""056694a7849798a5ed53"",""recorded_events"":[],""remaining_ids"":[""c0"",""c2""],""remaining_witnesses"":51,""status"":""satisfiable"",""stop"":""judgment_budget_limit""},{""budget"":1,""judgments"":1,""plan_id"":""056694a7849798a5ed53"",""recorded_events"":[""no_distinguishing_witness_in_completed_pool""],""remaining_ids"":[""c0""],""remaining_witnesses"":0,""status"":""satisfiable"",""stop"":""one_class_no_witness""},{""budget"":2,""judgments"":1,""plan_id"":""056694a7849798a5ed53"",""recorded_events"":[""no_distinguishing_witness_in_completed_pool""],""remaining_ids"":[""c0""],""remaining_witnesses"":0,""status"":""satisfiable"",""stop"":""one_class_no_witness""},{""budget"":4,""judgments"":1,""plan_id"":""056694a7849798a5ed53"",""recorded_events"":[""no_distinguishing_witness_in_completed_pool""],""remaining_ids"":[""c0""],""remaining_witnesses"":0,""status"":""satisfiable"",""stop"":""one_class_no_witness""}]","[{""budget"":0,""judgments"":0,""plan_id"":""056694a7849798a5ed53"",""recorded_events"":[],""remaining_ids"":[""c0"",""c2""],""remaining_witnesses"":51,""status"":""satisfiable"",""stop"":""judgment_budget_limit""},{""budget"":1,""judgments"":1,""plan_id"":""056694a7849798a5ed53"",""recorded_events"":[""no_distinguishing_witness_in_completed_pool""],""remaining_ids"":[""c0""],""remaining_witnesses"":0,""status"":""satisfiable"",""stop"":""one_class_no_witness""},{""budget"":2,""judgments"":1,""plan_id"":""056694a7849798a5ed53"",""recorded_events"":[""no_distinguishing_witness_in_completed_pool""],""remaining_ids"":[""c0""],""remaining_witnesses"":0,""status"":""satisfiable"",""stop"":""one_class_no_witness""},{""budget"":4,""judgments"":1,""plan_id"":""056694a7849798a5ed53"",""recorded_events"":[""no_distinguishing_witness_in_completed_pool""],""remaining_ids"":[""c0""],""remaining_witnesses"":0,""status"":""satisfiable"",""stop"":""one_class_no_witness""}]",two_classes
pilot-43,4,3,0,1,1,"{""1"":64}",[],{},[],[],0,0,[],[],"[{""budget"":0,""judgments"":0,""plan_id"":""0ae35fdf87458ed5147e"",""recorded_events"":[""no_distinguishing_witness_in_completed_pool""],""remaining_ids"":[""c0""],""remaining_witnesses"":0,""status"":""satisfiable"",""stop"":""one_class_no_witness""},{""budget"":1,""judgments"":0,""plan_id"":""0ae35fdf87458ed5147e"",""recorded_events"":[""no_distinguishing_witness_in_completed_pool""],""remaining_ids"":[""c0""],""remaining_witnesses"":0,""status"":""satisfiable"",""stop"":""one_class_no_witness""},{""budget"":2,""judgments"":0,""plan_id"":""0ae35fdf87458ed5147e"",""recorded_events"":[""no_distinguishing_witness_in_completed_pool""],""remaining_ids"":[""c0""],""remaining_witnesses"":0,""status"":""satisfiable"",""stop"":""one_class_no_witness""},{""budget"":4,""judgments"":0,""plan_id"":""0ae35fdf87458ed5147e"",""recorded_events"":[""no_distinguishing_witness_in_completed_pool""],""remaining_ids"":[""c0""],""remaining_witnesses"":0,""status"":""satisfiable"",""stop"":""one_class_no_witness""}]","[{""budget"":0,""judgments"":0,""plan_id"":""0ae35fdf87458ed5147e"",""recorded_events"":[""no_distinguishing_witness_in_completed_pool""],""remaining_ids"":[""c0""],""remaining_witnesses"":0,""status"":""satisfiable"",""stop"":""one_class_no_witness""},{""budget"":1,""judgments"":0,""plan_id"":""0ae35fdf87458ed5147e"",""recorded_events"":[""no_distinguishing_witness_in_completed_pool""],""remaining_ids"":[""c0""],""remaining_witnesses"":0,""status"":""satisfiable"",""stop"":""one_class_no_witness""},{""budget"":2,""judgments"":0,""plan_id"":""0ae35fdf87458ed5147e"",""recorded_events"":[""no_distinguishing_witness_in_completed_pool""],""remaining_ids"":[""c0""],""remaining_witnesses"":0,""status"":""satisfiable"",""stop"":""one_class_no_witness""},{""budget"":4,""judgments"":0,""plan_id"":""0ae35fdf87458ed5147e"",""recorded_events"":[""no_distinguishing_witness_in_completed_pool""],""remaining_ids"":[""c0""],""remaining_witnesses"":0,""status"":""satisfiable"",""stop"":""one_class_no_witness""}]",one_class
pilot-44,4,4,0,0,2,"{""00"":16,""10"":5,""11"":4}","[{""I"":0,""ids"":[""c0"",""c3""],""weight"":1}]","{""01"":5}","[{""cost"":1,""journey_id"":""081218a73701ce807b72"",""score_numerator"":1},{""cost"":1,""journey_id"":""0b78856a98cb0224364b"",""score_numerator"":1},{""cost"":1,""journey_id"":""0fd06af2520a6aa3bf47"",""score_numerator"":1},{""cost"":1,""journey_id"":""b97ce61670d8218bf901"",""score_numerator"":1},{""cost"":1,""journey_id"":""d34b9da952bc64ac9df4"",""score_numerator"":1}]","[{""cost"":1,""journey_id"":""081218a73701ce807b72"",""score_numerator"":1},{""cost"":1,""journey_id"":""0b78856a98cb0224364b"",""score_numerator"":1},{""cost"":1,""journey_id"":""0fd06af2520a6aa3bf47"",""score_numerator"":1},{""cost"":1,""journey_id"":""b97ce61670d8218bf901"",""score_numerator"":1},{""cost"":1,""journey_id"":""d34b9da952bc64ac9df4"",""score_numerator"":1}]",5,5,"[""081218a73701ce807b72""]","[""081218a73701ce807b72""]","[{""budget"":0,""judgments"":0,""plan_id"":""fe66fe1966b248b6f9a8"",""recorded_events"":[],""remaining_ids"":[""c0"",""c3""],""remaining_witnesses"":5,""status"":""satisfiable"",""stop"":""judgment_budget_limit""},{""budget"":1,""judgments"":1,""plan_id"":""fe66fe1966b248b6f9a8"",""recorded_events"":[""no_distinguishing_witness_in_completed_pool""],""remaining_ids"":[""c0""],""remaining_witnesses"":0,""status"":""satisfiable"",""stop"":""one_class_no_witness""},{""budget"":2,""judgments"":1,""plan_id"":""fe66fe1966b248b6f9a8"",""recorded_events"":[""no_distinguishing_witness_in_completed_pool""],""remaining_ids"":[""c0""],""remaining_witnesses"":0,""status"":""satisfiable"",""stop"":""one_class_no_witness""},{""budget"":4,""judgments"":1,""plan_id"":""fe66fe1966b248b6f9a8"",""recorded_events"":[""no_distinguishing_witness_in_completed_pool""],""remaining_ids"":[""c0""],""remaining_witnesses"":0,""status"":""satisfiable"",""stop"":""one_class_no_witness""}]","[{""budget"":0,""judgments"":0,""plan_id"":""fe66fe1966b248b6f9a8"",""recorded_events"":[],""remaining_ids"":[""c0"",""c3""],""remaining_witnesses"":5,""status"":""satisfiable"",""stop"":""judgment_budget_limit""},{""budget"":1,""judgments"":1,""plan_id"":""fe66fe1966b248b6f9a8"",""recorded_events"":[""no_distinguishing_witness_in_completed_pool""],""remaining_ids"":[""c0""],""remaining_witnesses"":0,""status"":""satisfiable"",""stop"":""one_class_no_witness""},{""budget"":2,""judgments"":1,""plan_id"":""fe66fe1966b248b6f9a8"",""recorded_events"":[""no_distinguishing_witness_in_completed_pool""],""remaining_ids"":[""c0""],""remaining_witnesses"":0,""status"":""satisfiable"",""stop"":""one_class_no_witness""},{""budget"":4,""judgments"":1,""plan_id"":""fe66fe1966b248b6f9a8"",""recorded_events"":[""no_distinguishing_witness_in_completed_pool""],""remaining_ids"":[""c0""],""remaining_witnesses"":0,""status"":""satisfiable"",""stop"":""one_class_no_witness""}]",two_classes
pilot-45,4,4,1,3,1,"{""1"":256}",[],{},[],[],0,0,[],[],"[{""budget"":0,""judgments"":0,""plan_id"":""038fd4fee03b0d834ab4"",""recorded_events"":[""no_distinguishing_witness_in_completed_pool""],""remaining_ids"":[""c0""],""remaining_witnesses"":0,""status"":""satisfiable"",""stop"":""one_class_no_witness""},{""budget"":1,""judgments"":0,""plan_id"":""038fd4fee03b0d834ab4"",""recorded_events"":[""no_distinguishing_witness_in_completed_pool""],""remaining_ids"":[""c0""],""remaining_witnesses"":0,""status"":""satisfiable"",""stop"":""one_class_no_witness""},{""budget"":2,""judgments"":0,""plan_id"":""038fd4fee03b0d834ab4"",""recorded_events"":[""no_distinguishing_witness_in_completed_pool""],""remaining_ids"":[""c0""],""remaining_witnesses"":0,""status"":""satisfiable"",""stop"":""one_class_no_witness""},{""budget"":4,""judgments"":0,""plan_id"":""038fd4fee03b0d834ab4"",""recorded_events"":[""no_distinguishing_witness_in_completed_pool""],""remaining_ids"":[""c0""],""remaining_witnesses"":0,""status"":""satisfiable"",""stop"":""one_class_no_witness""}]","[{""budget"":0,""judgments"":0,""plan_id"":""038fd4fee03b0d834ab4"",""recorded_events"":[""no_distinguishing_witness_in_completed_pool""],""remaining_ids"":[""c0""],""remaining_witnesses"":0,""status"":""satisfiable"",""stop"":""one_class_no_witness""},{""budget"":1,""judgments"":0,""plan_id"":""038fd4fee03b0d834ab4"",""recorded_events"":[""no_distinguishing_witness_in_completed_pool""],""remaining_ids"":[""c0""],""remaining_witnesses"":0,""status"":""satisfiable"",""stop"":""one_class_no_witness""},{""budget"":2,""judgments"":0,""plan_id"":""038fd4fee03b0d834ab4"",""recorded_events"":[""no_distinguishing_witness_in_completed_pool""],""remaining_ids"":[""c0""],""remaining_witnesses"":0,""status"":""satisfiable"",""stop"":""one_class_no_witness""},{""budget"":4,""judgments"":0,""plan_id"":""038fd4fee03b0d834ab4"",""recorded_events"":[""no_distinguishing_witness_in_completed_pool""],""remaining_ids"":[""c0""],""remaining_witnesses"":0,""status"":""satisfiable"",""stop"":""one_class_no_witness""}]",one_class
pilot-46,4,4,0,2,1,"{""0"":64}",[],{},[],[],0,0,[],[],"[{""budget"":0,""judgments"":0,""plan_id"":null,""recorded_events"":[""no_distinguishing_witness_in_completed_pool""],""remaining_ids"":[""c0""],""remaining_witnesses"":0,""status"":""infeasible_in_pool"",""stop"":""one_class_no_witness""},{""budget"":1,""judgments"":0,""plan_id"":null,""recorded_events"":[""no_distinguishing_witness_in_completed_pool""],""remaining_ids"":[""c0""],""remaining_witnesses"":0,""status"":""infeasible_in_pool"",""stop"":""one_class_no_witness""},{""budget"":2,""judgments"":0,""plan_id"":null,""recorded_events"":[""no_distinguishing_witness_in_completed_pool""],""remaining_ids"":[""c0""],""remaining_witnesses"":0,""status"":""infeasible_in_pool"",""stop"":""one_class_no_witness""},{""budget"":4,""judgments"":0,""plan_id"":null,""recorded_events"":[""no_distinguishing_witness_in_completed_pool""],""remaining_ids"":[""c0""],""remaining_witnesses"":0,""status"":""infeasible_in_pool"",""stop"":""one_class_no_witness""}]","[{""budget"":0,""judgments"":0,""plan_id"":null,""recorded_events"":[""no_distinguishing_witness_in_completed_pool""],""remaining_ids"":[""c0""],""remaining_witnesses"":0,""status"":""infeasible_in_pool"",""stop"":""one_class_no_witness""},{""budget"":1,""judgments"":0,""plan_id"":null,""recorded_events"":[""no_distinguishing_witness_in_completed_pool""],""remaining_ids"":[""c0""],""remaining_witnesses"":0,""status"":""infeasible_in_pool"",""stop"":""one_class_no_witness""},{""budget"":2,""judgments"":0,""plan_id"":null,""recorded_events"":[""no_distinguishing_witness_in_completed_pool""],""remaining_ids"":[""c0""],""remaining_witnesses"":0,""status"":""infeasible_in_pool"",""stop"":""one_class_no_witness""},{""budget"":4,""judgments"":0,""plan_id"":null,""recorded_events"":[""no_distinguishing_witness_in_completed_pool""],""remaining_ids"":[""c0""],""remaining_witnesses"":0,""status"":""infeasible_in_pool"",""stop"":""one_class_no_witness""}]",one_class
pilot-47,4,4,0,2,2,"{""00"":9,""01"":7,""11"":9}","[{""I"":1,""ids"":[""c0"",""c1""],""weight"":2}]","{""01"":7}","[{""cost"":1,""journey_id"":""00e4b6b8ab7e5a7d0d65"",""score_numerator"":1},{""cost"":1,""journey_id"":""3308798f8236675e079f"",""score_numerator"":1},{""cost"":1,""journey_id"":""576f5dd69b37f6ee32e0"",""score_numerator"":1},{""cost"":1,""journey_id"":""6af3857d30e44db118ea"",""score_numerator"":1},{""cost"":1,""journey_id"":""80203f45607e851aedc4"",""score_numerator"":1},{""cost"":1,""journey_id"":""98e9c8bc43f86abc53fb"",""score_numerator"":1},{""cost"":1,""journey_id"":""c263c5d50c5f9999a907"",""score_numerator"":1}]","[{""cost"":1,""journey_id"":""00e4b6b8ab7e5a7d0d65"",""score_numerator"":2},{""cost"":1,""journey_id"":""3308798f8236675e079f"",""score_numerator"":2},{""cost"":1,""journey_id"":""576f5dd69b37f6ee32e0"",""score_numerator"":2},{""cost"":1,""journey_id"":""6af3857d30e44db118ea"",""score_numerator"":2},{""cost"":1,""journey_id"":""80203f45607e851aedc4"",""score_numerator"":2},{""cost"":1,""journey_id"":""98e9c8bc43f86abc53fb"",""score_numerator"":2},{""cost"":1,""journey_id"":""c263c5d50c5f9999a907"",""score_numerator"":2}]",7,7,"[""00e4b6b8ab7e5a7d0d65""]","[""00e4b6b8ab7e5a7d0d65""]","[{""budget"":0,""judgments"":0,""plan_id"":""f7eccaa8180760187d13"",""recorded_events"":[],""remaining_ids"":[""c0"",""c1""],""remaining_witnesses"":7,""status"":""satisfiable"",""stop"":""judgment_budget_limit""},{""budget"":1,""judgments"":1,""plan_id"":""3308798f8236675e079f"",""recorded_events"":[""no_distinguishing_witness_in_completed_pool""],""remaining_ids"":[""c1""],""remaining_witnesses"":0,""status"":""satisfiable"",""stop"":""one_class_no_witness""},{""budget"":2,""judgments"":1,""plan_id"":""3308798f8236675e079f"",""recorded_events"":[""no_distinguishing_witness_in_completed_pool""],""remaining_ids"":[""c1""],""remaining_witnesses"":0,""status"":""satisfiable"",""stop"":""one_class_no_witness""},{""budget"":4,""judgments"":1,""plan_id"":""3308798f8236675e079f"",""recorded_events"":[""no_distinguishing_witness_in_completed_pool""],""remaining_ids"":[""c1""],""remaining_witnesses"":0,""status"":""satisfiable"",""stop"":""one_class_no_witness""}]","[{""budget"":0,""judgments"":0,""plan_id"":""f7eccaa8180760187d13"",""recorded_events"":[],""remaining_ids"":[""c0"",""c1""],""remaining_witnesses"":7,""status"":""satisfiable"",""stop"":""judgment_budget_limit""},{""budget"":1,""judgments"":1,""plan_id"":""3308798f8236675e079f"",""recorded_events"":[""no_distinguishing_witness_in_completed_pool""],""remaining_ids"":[""c1""],""remaining_witnesses"":0,""status"":""satisfiable"",""stop"":""one_class_no_witness""},{""budget"":2,""judgments"":1,""plan_id"":""3308798f8236675e079f"",""recorded_events"":[""no_distinguishing_witness_in_completed_pool""],""remaining_ids"":[""c1""],""remaining_witnesses"":0,""status"":""satisfiable"",""stop"":""one_class_no_witness""},{""budget"":4,""judgments"":1,""plan_id"":""3308798f8236675e079f"",""recorded_events"":[""no_distinguishing_witness_in_completed_pool""],""remaining_ids"":[""c1""],""remaining_witnesses"":0,""status"":""satisfiable"",""stop"":""one_class_no_witness""}]",two_classes
