scenario_id,base_id,replicate,method,budget,mode,reference_feasible,reference_feasible_count,outcome,correct,semantic_status,initial_correct,validation_improved,validation_damaged,repair_improved,repair_damaged,judgments,logical_calls,logical_input_tokens,logical_output_tokens,logical_latency_seconds,logical_solver_seconds,unknown_failed_token_counts
pilot-00,pilot-00,0,D,0,model_judged,True,11,correct_feasible_plan,True,unresolved_multiple_candidates,True,False,False,False,False,0,4,9028,522,8.127831720048562,0.12100621801801026,0
pilot-00,pilot-00,0,D,1,model_judged,True,11,correct_feasible_plan,True,resolved_by_model,True,False,False,False,False,1,5,9586,583,8.942538814153522,0.12100621801801026,0
pilot-00,pilot-00,0,D,2,model_judged,True,11,correct_feasible_plan,True,resolved_by_model,True,False,False,False,False,1,5,9586,583,8.942538814153522,0.12100621801801026,0
pilot-00,pilot-00,0,D,4,model_judged,True,11,correct_feasible_plan,True,resolved_by_model,True,False,False,False,False,1,5,9586,583,8.942538814153522,0.12100621801801026,0
pilot-00,pilot-00,0,E,0,model_judged,True,11,correct_feasible_plan,True,unresolved_multiple_candidates,True,False,False,False,False,0,4,9028,522,8.127831720048562,0.12100621801801026,0
pilot-00,pilot-00,0,E,1,model_judged,True,11,correct_feasible_plan,True,unresolved_multiple_candidates,True,False,False,False,False,1,5,9582,580,8.8847588209901,0.12100621801801026,0
pilot-00,pilot-00,0,E,2,model_judged,True,11,correct_feasible_plan,True,resolved_by_model,True,False,False,False,False,2,6,10140,641,9.699465915095061,0.12100621801801026,0
pilot-00,pilot-00,0,E,4,model_judged,True,11,correct_feasible_plan,True,resolved_by_model,True,False,False,False,False,2,6,10140,641,9.699465915095061,0.12100621801801026,0
pilot-00,pilot-00,0,D,0,oracle_diagnostic,True,11,correct_feasible_plan,True,unresolved_multiple_candidates,True,False,False,False,False,0,4,9028,522,8.127831720048562,0.12100621801801026,0
pilot-00,pilot-00,0,D,1,oracle_diagnostic,True,11,correct_feasible_plan,True,resolved_by_privileged_reference_judgment,True,False,False,False,False,1,4,9028,522,8.127831720048562,0.12100621801801026,0
pilot-00,pilot-00,0,D,2,oracle_diagnostic,True,11,correct_feasible_plan,True,resolved_by_privileged_reference_judgment,True,False,False,False,False,1,4,9028,522,8.127831720048562,0.12100621801801026,0
pilot-00,pilot-00,0,D,4,oracle_diagnostic,True,11,correct_feasible_plan,True,resolved_by_privileged_reference_judgment,True,False,False,False,False,1,4,9028,522,8.127831720048562,0.12100621801801026,0
pilot-00,pilot-00,0,E,0,oracle_diagnostic,True,11,correct_feasible_plan,True,unresolved_multiple_candidates,True,False,False,False,False,0,4,9028,522,8.127831720048562,0.12100621801801026,0
pilot-00,pilot-00,0,E,1,oracle_diagnostic,True,11,correct_feasible_plan,True,unresolved_multiple_candidates,True,False,False,False,False,1,4,9028,522,8.127831720048562,0.12100621801801026,0
pilot-00,pilot-00,0,E,2,oracle_diagnostic,True,11,correct_feasible_plan,True,resolved_by_privileged_reference_judgment,True,False,False,False,False,2,4,9028,522,8.127831720048562,0.12100621801801026,0
pilot-00,pilot-00,0,E,4,oracle_diagnostic,True,11,correct_feasible_plan,True,resolved_by_privileged_reference_judgment,True,False,False,False,False,2,4,9028,522,8.127831720048562,0.12100621801801026,0
pilot-00,pilot-00,0,A,0,model_judged,True,11,correct_feasible_plan,True,unverified_no_semantic_evidence,True,False,False,False,False,0,1,2257,127,2.2146174360532314,0.008948702132329345,0
pilot-00,pilot-00,0,B,0,model_judged,True,11,correct_feasible_plan,True,unverified_no_semantic_evidence,True,False,False,False,False,0,2,4667,254,4.046637017047033,0.0062932700384408236,0
pilot-00,pilot-00,0,C,0,model_judged,True,11,correct_feasible_plan,True,resolved_by_model,True,False,False,False,False,2,3,3291,262,3.969546069158241,0.005817605881020427,0
pilot-01,pilot-01,0,D,0,model_judged,True,4,incorrect_plan,False,unresolved_multiple_candidates,False,False,False,False,False,0,4,9028,686,10.073045416967943,0.007362189935520291,0
pilot-01,pilot-01,0,D,1,model_judged,True,4,incorrect_plan,False,resolved_by_model,False,False,False,False,False,1,5,9508,754,10.954354144865647,0.007362189935520291,0
pilot-01,pilot-01,0,D,2,model_judged,True,4,incorrect_plan,False,resolved_by_model,False,False,False,False,False,1,5,9508,754,10.954354144865647,0.007362189935520291,0
pilot-01,pilot-01,0,D,4,model_judged,True,4,incorrect_plan,False,resolved_by_model,False,False,False,False,False,1,5,9508,754,10.954354144865647,0.007362189935520291,0
pilot-01,pilot-01,0,E,0,model_judged,True,4,incorrect_plan,False,unresolved_multiple_candidates,False,False,False,False,False,0,4,9028,686,10.073045416967943,0.007362189935520291,0
pilot-01,pilot-01,0,E,1,model_judged,True,4,incorrect_plan,False,resolved_by_model,False,False,False,False,False,1,5,9508,754,10.954354144865647,0.007362189935520291,0
pilot-01,pilot-01,0,E,2,model_judged,True,4,incorrect_plan,False,resolved_by_model,False,False,False,False,False,1,5,9508,754,10.954354144865647,0.007362189935520291,0
pilot-01,pilot-01,0,E,4,model_judged,True,4,incorrect_plan,False,resolved_by_model,False,False,False,False,False,1,5,9508,754,10.954354144865647,0.007362189935520291,0
pilot-01,pilot-01,0,D,0,oracle_diagnostic,True,4,incorrect_plan,False,unresolved_multiple_candidates,False,False,False,False,False,0,4,9028,686,10.073045416967943,0.007362189935520291,0
pilot-01,pilot-01,0,D,1,oracle_diagnostic,True,4,false_infeasibility,False,resolved_by_privileged_reference_judgment,False,False,False,False,False,1,4,9028,686,10.073045416967943,0.007362189935520291,0
pilot-01,pilot-01,0,D,2,oracle_diagnostic,True,4,false_infeasibility,False,resolved_by_privileged_reference_judgment,False,False,False,False,False,1,4,9028,686,10.073045416967943,0.007362189935520291,0
pilot-01,pilot-01,0,D,4,oracle_diagnostic,True,4,false_infeasibility,False,resolved_by_privileged_reference_judgment,False,False,False,False,False,1,4,9028,686,10.073045416967943,0.007362189935520291,0
pilot-01,pilot-01,0,E,0,oracle_diagnostic,True,4,incorrect_plan,False,unresolved_multiple_candidates,False,False,False,False,False,0,4,9028,686,10.073045416967943,0.007362189935520291,0
pilot-01,pilot-01,0,E,1,oracle_diagnostic,True,4,false_infeasibility,False,resolved_by_privileged_reference_judgment,False,False,False,False,False,1,4,9028,686,10.073045416967943,0.007362189935520291,0
pilot-01,pilot-01,0,E,2,oracle_diagnostic,True,4,false_infeasibility,False,resolved_by_privileged_reference_judgment,False,False,False,False,False,1,4,9028,686,10.073045416967943,0.007362189935520291,0
pilot-01,pilot-01,0,E,4,oracle_diagnostic,True,4,false_infeasibility,False,resolved_by_privileged_reference_judgment,False,False,False,False,False,1,4,9028,686,10.073045416967943,0.007362189935520291,0
pilot-01,pilot-01,0,A,0,model_judged,True,4,incorrect_plan,False,unverified_no_semantic_evidence,False,False,False,False,False,0,1,2257,167,2.473000754136592,0.00461014686152339,0
pilot-01,pilot-01,0,B,0,model_judged,True,4,incorrect_plan,False,unverified_no_semantic_evidence,False,False,False,False,False,0,2,4707,334,4.852080116048455,0.003870120970532298,0
pilot-01,pilot-01,0,C,0,model_judged,True,4,incorrect_plan,False,resolved_by_model,False,False,False,False,False,2,3,3217,304,4.247911778977141,0.003872821107506752,0
pilot-02,pilot-02,0,D,0,model_judged,True,64,false_infeasibility,False,unverified_no_semantic_evidence,False,False,False,False,False,0,4,9036,891,12.743145649787039,0.007214928045868874,0
pilot-02,pilot-02,0,D,1,model_judged,True,64,false_infeasibility,False,unverified_no_semantic_evidence,False,False,False,False,False,0,4,9036,891,12.743145649787039,0.007214928045868874,0
pilot-02,pilot-02,0,D,2,model_judged,True,64,false_infeasibility,False,unverified_no_semantic_evidence,False,False,False,False,False,0,4,9036,891,12.743145649787039,0.007214928045868874,0
pilot-02,pilot-02,0,D,4,model_judged,True,64,false_infeasibility,False,unverified_no_semantic_evidence,False,False,False,False,False,0,4,9036,891,12.743145649787039,0.007214928045868874,0
pilot-02,pilot-02,0,E,0,model_judged,True,64,false_infeasibility,False,unverified_no_semantic_evidence,False,False,False,False,False,0,4,9036,891,12.743145649787039,0.007214928045868874,0
pilot-02,pilot-02,0,E,1,model_judged,True,64,false_infeasibility,False,unverified_no_semantic_evidence,False,False,False,False,False,0,4,9036,891,12.743145649787039,0.007214928045868874,0
pilot-02,pilot-02,0,E,2,model_judged,True,64,false_infeasibility,False,unverified_no_semantic_evidence,False,False,False,False,False,0,4,9036,891,12.743145649787039,0.007214928045868874,0
pilot-02,pilot-02,0,E,4,model_judged,True,64,false_infeasibility,False,unverified_no_semantic_evidence,False,False,False,False,False,0,4,9036,891,12.743145649787039,0.007214928045868874,0
pilot-02,pilot-02,0,D,0,oracle_diagnostic,True,64,false_infeasibility,False,unverified_no_semantic_evidence,False,False,False,False,False,0,4,9036,891,12.743145649787039,0.007214928045868874,0
pilot-02,pilot-02,0,D,1,oracle_diagnostic,True,64,false_infeasibility,False,unverified_no_semantic_evidence,False,False,False,False,False,0,4,9036,891,12.743145649787039,0.007214928045868874,0
pilot-02,pilot-02,0,D,2,oracle_diagnostic,True,64,false_infeasibility,False,unverified_no_semantic_evidence,False,False,False,False,False,0,4,9036,891,12.743145649787039,0.007214928045868874,0
pilot-02,pilot-02,0,D,4,oracle_diagnostic,True,64,false_infeasibility,False,unverified_no_semantic_evidence,False,False,False,False,False,0,4,9036,891,12.743145649787039,0.007214928045868874,0
pilot-02,pilot-02,0,E,0,oracle_diagnostic,True,64,false_infeasibility,False,unverified_no_semantic_evidence,False,False,False,False,False,0,4,9036,891,12.743145649787039,0.007214928045868874,0
pilot-02,pilot-02,0,E,1,oracle_diagnostic,True,64,false_infeasibility,False,unverified_no_semantic_evidence,False,False,False,False,False,0,4,9036,891,12.743145649787039,0.007214928045868874,0
pilot-02,pilot-02,0,E,2,oracle_diagnostic,True,64,false_infeasibility,False,unverified_no_semantic_evidence,False,False,False,False,False,0,4,9036,891,12.743145649787039,0.007214928045868874,0
pilot-02,pilot-02,0,E,4,oracle_diagnostic,True,64,false_infeasibility,False,unverified_no_semantic_evidence,False,False,False,False,False,0,4,9036,891,12.743145649787039,0.007214928045868874,0
pilot-02,pilot-02,0,A,0,model_judged,True,64,false_infeasibility,False,unverified_no_semantic_evidence,False,False,False,False,False,0,1,2259,270,3.844157504849136,0.006811673985794187,0
pilot-02,pilot-02,0,B,0,model_judged,True,64,false_infeasibility,False,unverified_no_semantic_evidence,False,False,False,False,False,0,2,4814,540,7.642748764716089,0.006736493902280927,0
pilot-02,pilot-02,0,C,0,model_judged,True,64,unresolved,False,unresolved_candidate_exhaustion,False,False,False,False,False,1,3,6152,629,8.952077390858904,0.006776744034141302,0
pilot-03,pilot-03,0,D,0,model_judged,True,1,correct_feasible_plan,True,unverified_no_semantic_evidence,True,False,False,False,False,0,4,9000,528,7.693117217859253,0.002847762079909444,0
pilot-03,pilot-03,0,D,1,model_judged,True,1,correct_feasible_plan,True,unverified_no_semantic_evidence,True,False,False,False,False,0,4,9000,528,7.693117217859253,0.002847762079909444,0
pilot-03,pilot-03,0,D,2,model_judged,True,1,correct_feasible_plan,True,unverified_no_semantic_evidence,True,False,False,False,False,0,4,9000,528,7.693117217859253,0.002847762079909444,0
pilot-03,pilot-03,0,D,4,model_judged,True,1,correct_feasible_plan,True,unverified_no_semantic_evidence,True,False,False,False,False,0,4,9000,528,7.693117217859253,0.002847762079909444,0
pilot-03,pilot-03,0,E,0,model_judged,True,1,correct_feasible_plan,True,unverified_no_semantic_evidence,True,False,False,False,False,0,4,9000,528,7.693117217859253,0.002847762079909444,0
pilot-03,pilot-03,0,E,1,model_judged,True,1,correct_feasible_plan,True,unverified_no_semantic_evidence,True,False,False,False,False,0,4,9000,528,7.693117217859253,0.002847762079909444,0
pilot-03,pilot-03,0,E,2,model_judged,True,1,correct_feasible_plan,True,unverified_no_semantic_evidence,True,False,False,False,False,0,4,9000,528,7.693117217859253,0.002847762079909444,0
pilot-03,pilot-03,0,E,4,model_judged,True,1,correct_feasible_plan,True,unverified_no_semantic_evidence,True,False,False,False,False,0,4,9000,528,7.693117217859253,0.002847762079909444,0
pilot-03,pilot-03,0,D,0,oracle_diagnostic,True,1,correct_feasible_plan,True,unverified_no_semantic_evidence,True,False,False,False,False,0,4,9000,528,7.693117217859253,0.002847762079909444,0
pilot-03,pilot-03,0,D,1,oracle_diagnostic,True,1,correct_feasible_plan,True,unverified_no_semantic_evidence,True,False,False,False,False,0,4,9000,528,7.693117217859253,0.002847762079909444,0
pilot-03,pilot-03,0,D,2,oracle_diagnostic,True,1,correct_feasible_plan,True,unverified_no_semantic_evidence,True,False,False,False,False,0,4,9000,528,7.693117217859253,0.002847762079909444,0
pilot-03,pilot-03,0,D,4,oracle_diagnostic,True,1,correct_feasible_plan,True,unverified_no_semantic_evidence,True,False,False,False,False,0,4,9000,528,7.693117217859253,0.002847762079909444,0
pilot-03,pilot-03,0,E,0,oracle_diagnostic,True,1,correct_feasible_plan,True,unverified_no_semantic_evidence,True,False,False,False,False,0,4,9000,528,7.693117217859253,0.002847762079909444,0
pilot-03,pilot-03,0,E,1,oracle_diagnostic,True,1,correct_feasible_plan,True,unverified_no_semantic_evidence,True,False,False,False,False,0,4,9000,528,7.693117217859253,0.002847762079909444,0
pilot-03,pilot-03,0,E,2,oracle_diagnostic,True,1,correct_feasible_plan,True,unverified_no_semantic_evidence,True,False,False,False,False,0,4,9000,528,7.693117217859253,0.002847762079909444,0
pilot-03,pilot-03,0,E,4,oracle_diagnostic,True,1,correct_feasible_plan,True,unverified_no_semantic_evidence,True,False,False,False,False,0,4,9000,528,7.693117217859253,0.002847762079909444,0
pilot-03,pilot-03,0,A,0,model_judged,True,1,correct_feasible_plan,True,unverified_no_semantic_evidence,True,False,False,False,False,0,1,2250,135,1.9650271660648286,0.002683181082829833,0
pilot-03,pilot-03,0,B,0,model_judged,True,1,correct_feasible_plan,True,unverified_no_semantic_evidence,True,False,False,False,False,0,2,4661,270,3.902426561107859,0.002379088895395398,0
pilot-03,pilot-03,0,C,0,model_judged,True,1,correct_feasible_plan,True,resolved_by_model,True,False,False,False,False,2,3,3273,264,3.6410997780039907,0.0023722490295767784,0
pilot-04,pilot-04,0,D,0,model_judged,True,141,correct_feasible_plan,True,unresolved_multiple_candidates,True,False,False,False,False,0,4,9472,704,10.176739427028224,0.03789488296024501,0
pilot-04,pilot-04,0,D,1,model_judged,True,141,correct_feasible_plan,True,resolved_by_model,True,False,False,False,False,1,5,10364,757,10.896300110034645,0.03789488296024501,0
pilot-04,pilot-04,0,D,2,model_judged,True,141,correct_feasible_plan,True,resolved_by_model,True,False,False,False,False,1,5,10364,757,10.896300110034645,0.03789488296024501,0
pilot-04,pilot-04,0,D,4,model_judged,True,141,correct_feasible_plan,True,resolved_by_model,True,False,False,False,False,1,5,10364,757,10.896300110034645,0.03789488296024501,0
pilot-04,pilot-04,0,E,0,model_judged,True,141,correct_feasible_plan,True,unresolved_multiple_candidates,True,False,False,False,False,0,4,9472,704,10.176739427028224,0.03789488296024501,0
pilot-04,pilot-04,0,E,1,model_judged,True,141,correct_feasible_plan,True,resolved_by_model,True,False,False,False,False,1,5,10364,757,10.896300110034645,0.03789488296024501,0
pilot-04,pilot-04,0,E,2,model_judged,True,141,correct_feasible_plan,True,resolved_by_model,True,False,False,False,False,1,5,10364,757,10.896300110034645,0.03789488296024501,0
pilot-04,pilot-04,0,E,4,model_judged,True,141,correct_feasible_plan,True,resolved_by_model,True,False,False,False,False,1,5,10364,757,10.896300110034645,0.03789488296024501,0
pilot-04,pilot-04,0,D,0,oracle_diagnostic,True,141,correct_feasible_plan,True,unresolved_multiple_candidates,True,False,False,False,False,0,4,9472,704,10.176739427028224,0.03789488296024501,0
pilot-04,pilot-04,0,D,1,oracle_diagnostic,True,141,correct_feasible_plan,True,resolved_by_privileged_reference_judgment,True,False,False,False,False,1,4,9472,704,10.176739427028224,0.03789488296024501,0
pilot-04,pilot-04,0,D,2,oracle_diagnostic,True,141,correct_feasible_plan,True,resolved_by_privileged_reference_judgment,True,False,False,False,False,1,4,9472,704,10.176739427028224,0.03789488296024501,0
pilot-04,pilot-04,0,D,4,oracle_diagnostic,True,141,correct_feasible_plan,True,resolved_by_privileged_reference_judgment,True,False,False,False,False,1,4,9472,704,10.176739427028224,0.03789488296024501,0
pilot-04,pilot-04,0,E,0,oracle_diagnostic,True,141,correct_feasible_plan,True,unresolved_multiple_candidates,True,False,False,False,False,0,4,9472,704,10.176739427028224,0.03789488296024501,0
pilot-04,pilot-04,0,E,1,oracle_diagnostic,True,141,correct_feasible_plan,True,resolved_by_privileged_reference_judgment,True,False,False,False,False,1,4,9472,704,10.176739427028224,0.03789488296024501,0
pilot-04,pilot-04,0,E,2,oracle_diagnostic,True,141,correct_feasible_plan,True,resolved_by_privileged_reference_judgment,True,False,False,False,False,1,4,9472,704,10.176739427028224,0.03789488296024501,0
pilot-04,pilot-04,0,E,4,oracle_diagnostic,True,141,correct_feasible_plan,True,resolved_by_privileged_reference_judgment,True,False,False,False,False,1,4,9472,704,10.176739427028224,0.03789488296024501,0
pilot-04,pilot-04,0,A,0,model_judged,True,141,correct_feasible_plan,True,unverified_no_semantic_evidence,True,False,False,False,False,0,1,2368,168,2.433595959097147,0.024891369976103306,0
pilot-04,pilot-04,0,B,0,model_judged,True,141,correct_feasible_plan,True,unverified_no_semantic_evidence,True,False,False,False,False,0,2,4930,336,4.8458437758963555,0.02360657905228436,0
pilot-04,pilot-04,0,C,0,model_judged,True,141,unresolved,False,unresolved_candidate_exhaustion,True,False,True,False,True,2,4,7464,472,6.807517806300893,0.022621791111305356,0
pilot-05,pilot-05,0,D,0,model_judged,False,0,invalid_model_output,False,unverified,False,False,False,False,False,0,4,9044,162,2.6215141122229397,0,0
pilot-05,pilot-05,0,D,1,model_judged,False,0,invalid_model_output,False,unverified,False,False,False,False,False,0,4,9044,162,2.6215141122229397,0,0
pilot-05,pilot-05,0,D,2,model_judged,False,0,invalid_model_output,False,unverified,False,False,False,False,False,0,4,9044,162,2.6215141122229397,0,0
pilot-05,pilot-05,0,D,4,model_judged,False,0,invalid_model_output,False,unverified,False,False,False,False,False,0,4,9044,162,2.6215141122229397,0,0
pilot-05,pilot-05,0,E,0,model_judged,False,0,invalid_model_output,False,unverified,False,False,False,False,False,0,4,9044,162,2.6215141122229397,0,0
pilot-05,pilot-05,0,E,1,model_judged,False,0,invalid_model_output,False,unverified,False,False,False,False,False,0,4,9044,162,2.6215141122229397,0,0
pilot-05,pilot-05,0,E,2,model_judged,False,0,invalid_model_output,False,unverified,False,False,False,False,False,0,4,9044,162,2.6215141122229397,0,0
pilot-05,pilot-05,0,E,4,model_judged,False,0,invalid_model_output,False,unverified,False,False,False,False,False,0,4,9044,162,2.6215141122229397,0,0
pilot-05,pilot-05,0,D,0,oracle_diagnostic,False,0,invalid_model_output,False,unverified,False,False,False,False,False,0,4,9044,162,2.6215141122229397,0,0
pilot-05,pilot-05,0,D,1,oracle_diagnostic,False,0,invalid_model_output,False,unverified,False,False,False,False,False,0,4,9044,162,2.6215141122229397,0,0
pilot-05,pilot-05,0,D,2,oracle_diagnostic,False,0,invalid_model_output,False,unverified,False,False,False,False,False,0,4,9044,162,2.6215141122229397,0,0
pilot-05,pilot-05,0,D,4,oracle_diagnostic,False,0,invalid_model_output,False,unverified,False,False,False,False,False,0,4,9044,162,2.6215141122229397,0,0
pilot-05,pilot-05,0,E,0,oracle_diagnostic,False,0,invalid_model_output,False,unverified,False,False,False,False,False,0,4,9044,162,2.6215141122229397,0,0
pilot-05,pilot-05,0,E,1,oracle_diagnostic,False,0,invalid_model_output,False,unverified,False,False,False,False,False,0,4,9044,162,2.6215141122229397,0,0
pilot-05,pilot-05,0,E,2,oracle_diagnostic,False,0,invalid_model_output,False,unverified,False,False,False,False,False,0,4,9044,162,2.6215141122229397,0,0
pilot-05,pilot-05,0,E,4,oracle_diagnostic,False,0,invalid_model_output,False,unverified,False,False,False,False,False,0,4,9044,162,2.6215141122229397,0,0
pilot-05,pilot-05,0,A,0,model_judged,False,0,invalid_model_output,False,unverified,False,False,False,False,False,0,1,2261,45,0.7182956021279097,0,0
pilot-05,pilot-05,0,B,0,model_judged,False,0,invalid_model_output,False,unresolved_error,False,False,False,False,False,0,2,4593,100,1.561914037214592,0,0
pilot-05,pilot-05,0,C,0,model_judged,False,0,invalid_model_output,False,unverified,False,False,False,False,False,0,1,2261,45,0.7182956021279097,0,0
pilot-06,pilot-06,0,D,0,model_judged,True,35,correct_feasible_plan,True,unresolved_multiple_candidates,True,False,False,False,False,0,4,9036,686,9.882389910053462,0.026289890753105283,0
pilot-06,pilot-06,0,D,1,model_judged,True,35,correct_feasible_plan,True,unresolved_multiple_candidates,True,False,False,False,False,1,5,9672,750,10.719769455958158,0.026289890753105283,0
pilot-06,pilot-06,0,D,2,model_judged,True,35,correct_feasible_plan,True,resolved_by_model,True,False,False,False,False,2,6,10309,829,11.747375075006858,0.026289890753105283,0
pilot-06,pilot-06,0,D,4,model_judged,True,35,correct_feasible_plan,True,resolved_by_model,True,False,False,False,False,2,6,10309,829,11.747375075006858,0.026289890753105283,0
pilot-06,pilot-06,0,E,0,model_judged,True,35,correct_feasible_plan,True,unresolved_multiple_candidates,True,False,False,False,False,0,4,9036,686,9.882389910053462,0.026289890753105283,0
pilot-06,pilot-06,0,E,1,model_judged,True,35,correct_feasible_plan,True,unresolved_multiple_candidates,True,False,False,False,False,1,5,9672,750,10.719769455958158,0.026289890753105283,0
pilot-06,pilot-06,0,E,2,model_judged,True,35,correct_feasible_plan,True,resolved_by_model,True,False,False,False,False,2,6,10309,829,11.747375075006858,0.026289890753105283,0
pilot-06,pilot-06,0,E,4,model_judged,True,35,correct_feasible_plan,True,resolved_by_model,True,False,False,False,False,2,6,10309,829,11.747375075006858,0.026289890753105283,0
pilot-06,pilot-06,0,D,0,oracle_diagnostic,True,35,correct_feasible_plan,True,unresolved_multiple_candidates,True,False,False,False,False,0,4,9036,686,9.882389910053462,0.026289890753105283,0
pilot-06,pilot-06,0,D,1,oracle_diagnostic,True,35,correct_feasible_plan,True,resolved_by_privileged_reference_judgment,True,False,False,False,False,1,4,9036,686,9.882389910053462,0.026289890753105283,0
pilot-06,pilot-06,0,D,2,oracle_diagnostic,True,35,correct_feasible_plan,True,resolved_by_privileged_reference_judgment,True,False,False,False,False,1,4,9036,686,9.882389910053462,0.026289890753105283,0
pilot-06,pilot-06,0,D,4,oracle_diagnostic,True,35,correct_feasible_plan,True,resolved_by_privileged_reference_judgment,True,False,False,False,False,1,4,9036,686,9.882389910053462,0.026289890753105283,0
pilot-06,pilot-06,0,E,0,oracle_diagnostic,True,35,correct_feasible_plan,True,unresolved_multiple_candidates,True,False,False,False,False,0,4,9036,686,9.882389910053462,0.026289890753105283,0
pilot-06,pilot-06,0,E,1,oracle_diagnostic,True,35,correct_feasible_plan,True,resolved_by_privileged_reference_judgment,True,False,False,False,False,1,4,9036,686,9.882389910053462,0.026289890753105283,0
pilot-06,pilot-06,0,E,2,oracle_diagnostic,True,35,correct_feasible_plan,True,resolved_by_privileged_reference_judgment,True,False,False,False,False,1,4,9036,686,9.882389910053462,0.026289890753105283,0
pilot-06,pilot-06,0,E,4,oracle_diagnostic,True,35,correct_feasible_plan,True,resolved_by_privileged_reference_judgment,True,False,False,False,False,1,4,9036,686,9.882389910053462,0.026289890753105283,0
pilot-06,pilot-06,0,A,0,model_judged,True,35,correct_feasible_plan,True,unverified_no_semantic_evidence,True,False,False,False,False,0,1,2259,167,2.407647161046043,0.008387346984818578,0
pilot-06,pilot-06,0,B,0,model_judged,True,35,correct_feasible_plan,True,unverified_no_semantic_evidence,True,False,False,False,False,0,2,4711,334,4.785227541113272,0.007749761920422316,0
pilot-06,pilot-06,0,C,0,model_judged,True,35,unresolved,False,unresolved_candidate_exhaustion,True,False,True,False,True,2,4,6945,478,6.816270207054913,0.007805582834407687,0
pilot-07,pilot-07,0,D,0,model_judged,True,64,correct_feasible_plan,True,unverified_no_semantic_evidence,True,False,False,False,False,0,4,9020,901,12.865754632046446,0.01033957302570343,0
pilot-07,pilot-07,0,D,1,model_judged,True,64,correct_feasible_plan,True,unverified_no_semantic_evidence,True,False,False,False,False,0,4,9020,901,12.865754632046446,0.01033957302570343,0
pilot-07,pilot-07,0,D,2,model_judged,True,64,correct_feasible_plan,True,unverified_no_semantic_evidence,True,False,False,False,False,0,4,9020,901,12.865754632046446,0.01033957302570343,0
pilot-07,pilot-07,0,D,4,model_judged,True,64,correct_feasible_plan,True,unverified_no_semantic_evidence,True,False,False,False,False,0,4,9020,901,12.865754632046446,0.01033957302570343,0
pilot-07,pilot-07,0,E,0,model_judged,True,64,correct_feasible_plan,True,unverified_no_semantic_evidence,True,False,False,False,False,0,4,9020,901,12.865754632046446,0.01033957302570343,0
pilot-07,pilot-07,0,E,1,model_judged,True,64,correct_feasible_plan,True,unverified_no_semantic_evidence,True,False,False,False,False,0,4,9020,901,12.865754632046446,0.01033957302570343,0
pilot-07,pilot-07,0,E,2,model_judged,True,64,correct_feasible_plan,True,unverified_no_semantic_evidence,True,False,False,False,False,0,4,9020,901,12.865754632046446,0.01033957302570343,0
pilot-07,pilot-07,0,E,4,model_judged,True,64,correct_feasible_plan,True,unverified_no_semantic_evidence,True,False,False,False,False,0,4,9020,901,12.865754632046446,0.01033957302570343,0
pilot-07,pilot-07,0,D,0,oracle_diagnostic,True,64,correct_feasible_plan,True,unverified_no_semantic_evidence,True,False,False,False,False,0,4,9020,901,12.865754632046446,0.01033957302570343,0
pilot-07,pilot-07,0,D,1,oracle_diagnostic,True,64,correct_feasible_plan,True,unverified_no_semantic_evidence,True,False,False,False,False,0,4,9020,901,12.865754632046446,0.01033957302570343,0
pilot-07,pilot-07,0,D,2,oracle_diagnostic,True,64,correct_feasible_plan,True,unverified_no_semantic_evidence,True,False,False,False,False,0,4,9020,901,12.865754632046446,0.01033957302570343,0
pilot-07,pilot-07,0,D,4,oracle_diagnostic,True,64,correct_feasible_plan,True,unverified_no_semantic_evidence,True,False,False,False,False,0,4,9020,901,12.865754632046446,0.01033957302570343,0
pilot-07,pilot-07,0,E,0,oracle_diagnostic,True,64,correct_feasible_plan,True,unverified_no_semantic_evidence,True,False,False,False,False,0,4,9020,901,12.865754632046446,0.01033957302570343,0
pilot-07,pilot-07,0,E,1,oracle_diagnostic,True,64,correct_feasible_plan,True,unverified_no_semantic_evidence,True,False,False,False,False,0,4,9020,901,12.865754632046446,0.01033957302570343,0
pilot-07,pilot-07,0,E,2,oracle_diagnostic,True,64,correct_feasible_plan,True,unverified_no_semantic_evidence,True,False,False,False,False,0,4,9020,901,12.865754632046446,0.01033957302570343,0
pilot-07,pilot-07,0,E,4,oracle_diagnostic,True,64,correct_feasible_plan,True,unverified_no_semantic_evidence,True,False,False,False,False,0,4,9020,901,12.865754632046446,0.01033957302570343,0
pilot-07,pilot-07,0,A,0,model_judged,True,64,correct_feasible_plan,True,unverified_no_semantic_evidence,True,False,False,False,False,0,1,2255,219,3.1292978699784726,0.01062193512916565,0
pilot-07,pilot-07,0,B,0,model_judged,True,64,correct_feasible_plan,True,unverified_no_semantic_evidence,True,False,False,False,False,0,2,4755,438,6.2229600448627025,0.009779538959264755,0
pilot-07,pilot-07,0,C,0,model_judged,True,64,correct_feasible_plan,True,resolved_by_model,True,False,False,False,False,1,2,2732,278,3.896570434095338,0.0096516371704638,0
pilot-08,pilot-08,0,D,0,model_judged,True,18,correct_feasible_plan,True,unresolved_multiple_candidates,True,False,False,False,False,0,4,9032,520,7.578883304260671,0.010699986945837736,0
pilot-08,pilot-08,0,D,1,model_judged,True,18,correct_feasible_plan,True,resolved_by_model,True,False,False,False,False,1,5,9638,587,8.453900021268055,0.010699986945837736,0
pilot-08,pilot-08,0,D,2,model_judged,True,18,correct_feasible_plan,True,resolved_by_model,True,False,False,False,False,1,5,9638,587,8.453900021268055,0.010699986945837736,0
pilot-08,pilot-08,0,D,4,model_judged,True,18,correct_feasible_plan,True,resolved_by_model,True,False,False,False,False,1,5,9638,587,8.453900021268055,0.010699986945837736,0
pilot-08,pilot-08,0,E,0,model_judged,True,18,correct_feasible_plan,True,unresolved_multiple_candidates,True,False,False,False,False,0,4,9032,520,7.578883304260671,0.010699986945837736,0
pilot-08,pilot-08,0,E,1,model_judged,True,18,correct_feasible_plan,True,resolved_by_model,True,False,False,False,False,1,5,9638,587,8.453900021268055,0.010699986945837736,0
pilot-08,pilot-08,0,E,2,model_judged,True,18,correct_feasible_plan,True,resolved_by_model,True,False,False,False,False,1,5,9638,587,8.453900021268055,0.010699986945837736,0
pilot-08,pilot-08,0,E,4,model_judged,True,18,correct_feasible_plan,True,resolved_by_model,True,False,False,False,False,1,5,9638,587,8.453900021268055,0.010699986945837736,0
pilot-08,pilot-08,0,D,0,oracle_diagnostic,True,18,correct_feasible_plan,True,unresolved_multiple_candidates,True,False,False,False,False,0,4,9032,520,7.578883304260671,0.010699986945837736,0
pilot-08,pilot-08,0,D,1,oracle_diagnostic,True,18,correct_feasible_plan,True,resolved_by_privileged_reference_judgment,True,False,False,False,False,1,4,9032,520,7.578883304260671,0.010699986945837736,0
pilot-08,pilot-08,0,D,2,oracle_diagnostic,True,18,correct_feasible_plan,True,resolved_by_privileged_reference_judgment,True,False,False,False,False,1,4,9032,520,7.578883304260671,0.010699986945837736,0
pilot-08,pilot-08,0,D,4,oracle_diagnostic,True,18,correct_feasible_plan,True,resolved_by_privileged_reference_judgment,True,False,False,False,False,1,4,9032,520,7.578883304260671,0.010699986945837736,0
pilot-08,pilot-08,0,E,0,oracle_diagnostic,True,18,correct_feasible_plan,True,unresolved_multiple_candidates,True,False,False,False,False,0,4,9032,520,7.578883304260671,0.010699986945837736,0
pilot-08,pilot-08,0,E,1,oracle_diagnostic,True,18,correct_feasible_plan,True,resolved_by_privileged_reference_judgment,True,False,False,False,False,1,4,9032,520,7.578883304260671,0.010699986945837736,0
pilot-08,pilot-08,0,E,2,oracle_diagnostic,True,18,correct_feasible_plan,True,resolved_by_privileged_reference_judgment,True,False,False,False,False,1,4,9032,520,7.578883304260671,0.010699986945837736,0
pilot-08,pilot-08,0,E,4,oracle_diagnostic,True,18,correct_feasible_plan,True,resolved_by_privileged_reference_judgment,True,False,False,False,False,1,4,9032,520,7.578883304260671,0.010699986945837736,0
pilot-08,pilot-08,0,A,0,model_judged,True,18,correct_feasible_plan,True,unverified_no_semantic_evidence,True,False,False,False,False,0,1,2258,127,1.853607654105872,0.005308812949806452,0
pilot-08,pilot-08,0,B,0,model_judged,True,18,correct_feasible_plan,True,unverified_no_semantic_evidence,True,False,False,False,False,0,2,4669,254,3.680937417084351,0.005053150001913309,0
pilot-08,pilot-08,0,C,0,model_judged,True,18,correct_feasible_plan,True,resolved_by_model,True,False,False,False,False,2,3,3385,250,3.458288664231077,0.005122371017932892,0
pilot-09,pilot-09,0,D,0,model_judged,True,18,false_infeasibility,False,unverified_no_semantic_evidence,False,False,False,False,False,0,4,9488,514,7.527382902102545,0.007460838882252574,0
pilot-09,pilot-09,0,D,1,model_judged,True,18,false_infeasibility,False,unverified_no_semantic_evidence,False,False,False,False,False,0,4,9488,514,7.527382902102545,0.007460838882252574,0
pilot-09,pilot-09,0,D,2,model_judged,True,18,false_infeasibility,False,unverified_no_semantic_evidence,False,False,False,False,False,0,4,9488,514,7.527382902102545,0.007460838882252574,0
pilot-09,pilot-09,0,D,4,model_judged,True,18,false_infeasibility,False,unverified_no_semantic_evidence,False,False,False,False,False,0,4,9488,514,7.527382902102545,0.007460838882252574,0
pilot-09,pilot-09,0,E,0,model_judged,True,18,false_infeasibility,False,unverified_no_semantic_evidence,False,False,False,False,False,0,4,9488,514,7.527382902102545,0.007460838882252574,0
pilot-09,pilot-09,0,E,1,model_judged,True,18,false_infeasibility,False,unverified_no_semantic_evidence,False,False,False,False,False,0,4,9488,514,7.527382902102545,0.007460838882252574,0
pilot-09,pilot-09,0,E,2,model_judged,True,18,false_infeasibility,False,unverified_no_semantic_evidence,False,False,False,False,False,0,4,9488,514,7.527382902102545,0.007460838882252574,0
pilot-09,pilot-09,0,E,4,model_judged,True,18,false_infeasibility,False,unverified_no_semantic_evidence,False,False,False,False,False,0,4,9488,514,7.527382902102545,0.007460838882252574,0
pilot-09,pilot-09,0,D,0,oracle_diagnostic,True,18,false_infeasibility,False,unverified_no_semantic_evidence,False,False,False,False,False,0,4,9488,514,7.527382902102545,0.007460838882252574,0
pilot-09,pilot-09,0,D,1,oracle_diagnostic,True,18,false_infeasibility,False,unverified_no_semantic_evidence,False,False,False,False,False,0,4,9488,514,7.527382902102545,0.007460838882252574,0
pilot-09,pilot-09,0,D,2,oracle_diagnostic,True,18,false_infeasibility,False,unverified_no_semantic_evidence,False,False,False,False,False,0,4,9488,514,7.527382902102545,0.007460838882252574,0
pilot-09,pilot-09,0,D,4,oracle_diagnostic,True,18,false_infeasibility,False,unverified_no_semantic_evidence,False,False,False,False,False,0,4,9488,514,7.527382902102545,0.007460838882252574,0
pilot-09,pilot-09,0,E,0,oracle_diagnostic,True,18,false_infeasibility,False,unverified_no_semantic_evidence,False,False,False,False,False,0,4,9488,514,7.527382902102545,0.007460838882252574,0
pilot-09,pilot-09,0,E,1,oracle_diagnostic,True,18,false_infeasibility,False,unverified_no_semantic_evidence,False,False,False,False,False,0,4,9488,514,7.527382902102545,0.007460838882252574,0
pilot-09,pilot-09,0,E,2,oracle_diagnostic,True,18,false_infeasibility,False,unverified_no_semantic_evidence,False,False,False,False,False,0,4,9488,514,7.527382902102545,0.007460838882252574,0
pilot-09,pilot-09,0,E,4,oracle_diagnostic,True,18,false_infeasibility,False,unverified_no_semantic_evidence,False,False,False,False,False,0,4,9488,514,7.527382902102545,0.007460838882252574,0
pilot-09,pilot-09,0,A,0,model_judged,True,18,invalid_model_output,False,unverified,False,False,False,False,False,0,1,2372,136,1.9864211480598897,0,0
pilot-09,pilot-09,0,B,0,model_judged,True,18,false_infeasibility,False,unverified_no_semantic_evidence,False,False,False,False,False,0,2,4906,258,3.75306935608387,0,0
pilot-09,pilot-09,0,C,0,model_judged,True,18,invalid_model_output,False,unverified,False,False,False,False,False,0,1,2372,136,1.9864211480598897,0,0
pilot-10,pilot-10,0,D,0,model_judged,False,0,correct_infeasibility,True,unverified_no_semantic_evidence,True,False,False,False,False,0,4,8928,672,9.67881137994118,0.00390820181928575,0
pilot-10,pilot-10,0,D,1,model_judged,False,0,correct_infeasibility,True,unverified_no_semantic_evidence,True,False,False,False,False,0,4,8928,672,9.67881137994118,0.00390820181928575,0
pilot-10,pilot-10,0,D,2,model_judged,False,0,correct_infeasibility,True,unverified_no_semantic_evidence,True,False,False,False,False,0,4,8928,672,9.67881137994118,0.00390820181928575,0
pilot-10,pilot-10,0,D,4,model_judged,False,0,correct_infeasibility,True,unverified_no_semantic_evidence,True,False,False,False,False,0,4,8928,672,9.67881137994118,0.00390820181928575,0
pilot-10,pilot-10,0,E,0,model_judged,False,0,correct_infeasibility,True,unverified_no_semantic_evidence,True,False,False,False,False,0,4,8928,672,9.67881137994118,0.00390820181928575,0
pilot-10,pilot-10,0,E,1,model_judged,False,0,correct_infeasibility,True,unverified_no_semantic_evidence,True,False,False,False,False,0,4,8928,672,9.67881137994118,0.00390820181928575,0
pilot-10,pilot-10,0,E,2,model_judged,False,0,correct_infeasibility,True,unverified_no_semantic_evidence,True,False,False,False,False,0,4,8928,672,9.67881137994118,0.00390820181928575,0
pilot-10,pilot-10,0,E,4,model_judged,False,0,correct_infeasibility,True,unverified_no_semantic_evidence,True,False,False,False,False,0,4,8928,672,9.67881137994118,0.00390820181928575,0
pilot-10,pilot-10,0,D,0,oracle_diagnostic,False,0,correct_infeasibility,True,unverified_no_semantic_evidence,True,False,False,False,False,0,4,8928,672,9.67881137994118,0.00390820181928575,0
pilot-10,pilot-10,0,D,1,oracle_diagnostic,False,0,correct_infeasibility,True,unverified_no_semantic_evidence,True,False,False,False,False,0,4,8928,672,9.67881137994118,0.00390820181928575,0
pilot-10,pilot-10,0,D,2,oracle_diagnostic,False,0,correct_infeasibility,True,unverified_no_semantic_evidence,True,False,False,False,False,0,4,8928,672,9.67881137994118,0.00390820181928575,0
pilot-10,pilot-10,0,D,4,oracle_diagnostic,False,0,correct_infeasibility,True,unverified_no_semantic_evidence,True,False,False,False,False,0,4,8928,672,9.67881137994118,0.00390820181928575,0
pilot-10,pilot-10,0,E,0,oracle_diagnostic,False,0,correct_infeasibility,True,unverified_no_semantic_evidence,True,False,False,False,False,0,4,8928,672,9.67881137994118,0.00390820181928575,0
pilot-10,pilot-10,0,E,1,oracle_diagnostic,False,0,correct_infeasibility,True,unverified_no_semantic_evidence,True,False,False,False,False,0,4,8928,672,9.67881137994118,0.00390820181928575,0
pilot-10,pilot-10,0,E,2,oracle_diagnostic,False,0,correct_infeasibility,True,unverified_no_semantic_evidence,True,False,False,False,False,0,4,8928,672,9.67881137994118,0.00390820181928575,0
pilot-10,pilot-10,0,E,4,oracle_diagnostic,False,0,correct_infeasibility,True,unverified_no_semantic_evidence,True,False,False,False,False,0,4,8928,672,9.67881137994118,0.00390820181928575,0
pilot-10,pilot-10,0,A,0,model_judged,False,0,correct_infeasibility,True,unverified_no_semantic_evidence,True,False,False,False,False,0,1,2232,168,2.4200787500012666,0.003663519164547324,0
pilot-10,pilot-10,0,B,0,model_judged,False,0,correct_infeasibility,True,unverified_no_semantic_evidence,True,False,False,False,False,0,2,4658,336,4.80821483489126,0.003575477981939912,0
pilot-10,pilot-10,0,C,0,model_judged,False,0,correct_infeasibility,True,resolved_by_model,True,False,False,False,False,1,2,2794,227,3.190143606858328,0.0036140589509159327,0
pilot-11,pilot-11,0,D,0,model_judged,True,64,correct_feasible_plan,True,unverified_no_semantic_evidence,True,False,False,False,False,0,4,9004,528,7.688364068977535,0.009006232023239136,0
pilot-11,pilot-11,0,D,1,model_judged,True,64,correct_feasible_plan,True,unverified_no_semantic_evidence,True,False,False,False,False,0,4,9004,528,7.688364068977535,0.009006232023239136,0
pilot-11,pilot-11,0,D,2,model_judged,True,64,correct_feasible_plan,True,unverified_no_semantic_evidence,True,False,False,False,False,0,4,9004,528,7.688364068977535,0.009006232023239136,0
pilot-11,pilot-11,0,D,4,model_judged,True,64,correct_feasible_plan,True,unverified_no_semantic_evidence,True,False,False,False,False,0,4,9004,528,7.688364068977535,0.009006232023239136,0
pilot-11,pilot-11,0,E,0,model_judged,True,64,correct_feasible_plan,True,unverified_no_semantic_evidence,True,False,False,False,False,0,4,9004,528,7.688364068977535,0.009006232023239136,0
pilot-11,pilot-11,0,E,1,model_judged,True,64,correct_feasible_plan,True,unverified_no_semantic_evidence,True,False,False,False,False,0,4,9004,528,7.688364068977535,0.009006232023239136,0
pilot-11,pilot-11,0,E,2,model_judged,True,64,correct_feasible_plan,True,unverified_no_semantic_evidence,True,False,False,False,False,0,4,9004,528,7.688364068977535,0.009006232023239136,0
pilot-11,pilot-11,0,E,4,model_judged,True,64,correct_feasible_plan,True,unverified_no_semantic_evidence,True,False,False,False,False,0,4,9004,528,7.688364068977535,0.009006232023239136,0
pilot-11,pilot-11,0,D,0,oracle_diagnostic,True,64,correct_feasible_plan,True,unverified_no_semantic_evidence,True,False,False,False,False,0,4,9004,528,7.688364068977535,0.009006232023239136,0
pilot-11,pilot-11,0,D,1,oracle_diagnostic,True,64,correct_feasible_plan,True,unverified_no_semantic_evidence,True,False,False,False,False,0,4,9004,528,7.688364068977535,0.009006232023239136,0
pilot-11,pilot-11,0,D,2,oracle_diagnostic,True,64,correct_feasible_plan,True,unverified_no_semantic_evidence,True,False,False,False,False,0,4,9004,528,7.688364068977535,0.009006232023239136,0
pilot-11,pilot-11,0,D,4,oracle_diagnostic,True,64,correct_feasible_plan,True,unverified_no_semantic_evidence,True,False,False,False,False,0,4,9004,528,7.688364068977535,0.009006232023239136,0
pilot-11,pilot-11,0,E,0,oracle_diagnostic,True,64,correct_feasible_plan,True,unverified_no_semantic_evidence,True,False,False,False,False,0,4,9004,528,7.688364068977535,0.009006232023239136,0
pilot-11,pilot-11,0,E,1,oracle_diagnostic,True,64,correct_feasible_plan,True,unverified_no_semantic_evidence,True,False,False,False,False,0,4,9004,528,7.688364068977535,0.009006232023239136,0
pilot-11,pilot-11,0,E,2,oracle_diagnostic,True,64,correct_feasible_plan,True,unverified_no_semantic_evidence,True,False,False,False,False,0,4,9004,528,7.688364068977535,0.009006232023239136,0
pilot-11,pilot-11,0,E,4,oracle_diagnostic,True,64,correct_feasible_plan,True,unverified_no_semantic_evidence,True,False,False,False,False,0,4,9004,528,7.688364068977535,0.009006232023239136,0
pilot-11,pilot-11,0,A,0,model_judged,True,64,correct_feasible_plan,True,unverified_no_semantic_evidence,True,False,False,False,False,0,1,2251,135,1.964005378074944,0.006822985131293535,0
pilot-11,pilot-11,0,B,0,model_judged,True,64,correct_feasible_plan,True,unverified_no_semantic_evidence,True,False,False,False,False,0,2,4663,322,4.610863015055656,0.006476772017776966,0
pilot-11,pilot-11,0,C,0,model_judged,True,64,correct_feasible_plan,True,resolved_by_model,True,False,False,False,False,1,2,2728,195,2.7434554900974035,0.006602172972634435,0
pilot-12,pilot-12,0,D,0,model_judged,True,64,false_infeasibility,False,unresolved_multiple_candidates,False,False,False,False,False,0,4,9044,863,12.343237848952413,0.014575497014448047,0
pilot-12,pilot-12,0,D,1,model_judged,True,64,correct_feasible_plan,True,resolved_by_model,False,True,False,False,False,1,5,9722,924,13.148149074753746,0.014575497014448047,0
pilot-12,pilot-12,0,D,2,model_judged,True,64,correct_feasible_plan,True,resolved_by_model,False,True,False,False,False,1,5,9722,924,13.148149074753746,0.014575497014448047,0
pilot-12,pilot-12,0,D,4,model_judged,True,64,correct_feasible_plan,True,resolved_by_model,False,True,False,False,False,1,5,9722,924,13.148149074753746,0.014575497014448047,0
pilot-12,pilot-12,0,E,0,model_judged,True,64,false_infeasibility,False,unresolved_multiple_candidates,False,False,False,False,False,0,4,9044,863,12.343237848952413,0.014575497014448047,0
pilot-12,pilot-12,0,E,1,model_judged,True,64,correct_feasible_plan,True,resolved_by_model,False,True,False,False,False,1,5,9722,924,13.148149074753746,0.014575497014448047,0
pilot-12,pilot-12,0,E,2,model_judged,True,64,correct_feasible_plan,True,resolved_by_model,False,True,False,False,False,1,5,9722,924,13.148149074753746,0.014575497014448047,0
pilot-12,pilot-12,0,E,4,model_judged,True,64,correct_feasible_plan,True,resolved_by_model,False,True,False,False,False,1,5,9722,924,13.148149074753746,0.014575497014448047,0
pilot-12,pilot-12,0,D,0,oracle_diagnostic,True,64,false_infeasibility,False,unresolved_multiple_candidates,False,False,False,False,False,0,4,9044,863,12.343237848952413,0.014575497014448047,0
pilot-12,pilot-12,0,D,1,oracle_diagnostic,True,64,correct_feasible_plan,True,resolved_by_privileged_reference_judgment,False,True,False,False,False,1,4,9044,863,12.343237848952413,0.014575497014448047,0
pilot-12,pilot-12,0,D,2,oracle_diagnostic,True,64,correct_feasible_plan,True,resolved_by_privileged_reference_judgment,False,True,False,False,False,1,4,9044,863,12.343237848952413,0.014575497014448047,0
pilot-12,pilot-12,0,D,4,oracle_diagnostic,True,64,correct_feasible_plan,True,resolved_by_privileged_reference_judgment,False,True,False,False,False,1,4,9044,863,12.343237848952413,0.014575497014448047,0
pilot-12,pilot-12,0,E,0,oracle_diagnostic,True,64,false_infeasibility,False,unresolved_multiple_candidates,False,False,False,False,False,0,4,9044,863,12.343237848952413,0.014575497014448047,0
pilot-12,pilot-12,0,E,1,oracle_diagnostic,True,64,correct_feasible_plan,True,resolved_by_privileged_reference_judgment,False,True,False,False,False,1,4,9044,863,12.343237848952413,0.014575497014448047,0
pilot-12,pilot-12,0,E,2,oracle_diagnostic,True,64,correct_feasible_plan,True,resolved_by_privileged_reference_judgment,False,True,False,False,False,1,4,9044,863,12.343237848952413,0.014575497014448047,0
pilot-12,pilot-12,0,E,4,oracle_diagnostic,True,64,correct_feasible_plan,True,resolved_by_privileged_reference_judgment,False,True,False,False,False,1,4,9044,863,12.343237848952413,0.014575497014448047,0
pilot-12,pilot-12,0,A,0,model_judged,True,64,false_infeasibility,False,unverified_no_semantic_evidence,False,False,False,False,False,0,1,2261,200,2.8670117799192667,0.0037834509275853634,0
pilot-12,pilot-12,0,B,0,model_judged,True,64,false_infeasibility,False,unverified_no_semantic_evidence,False,False,False,False,False,0,2,4748,400,5.698030550964177,0.003564037848263979,0
pilot-12,pilot-12,0,C,0,model_judged,True,64,unresolved,False,unresolved_candidate_exhaustion,False,False,False,False,False,1,3,5929,466,6.634551090886816,0.0036599489394575357,0
pilot-13,pilot-13,0,D,0,model_judged,True,5,correct_feasible_plan,True,unresolved_multiple_candidates,True,False,False,False,False,0,4,9040,532,7.746678326977417,0.008249446051195264,0
pilot-13,pilot-13,0,D,1,model_judged,True,5,correct_feasible_plan,True,resolved_by_model,True,False,False,False,False,1,5,9712,591,8.52609908906743,0.008249446051195264,0
pilot-13,pilot-13,0,D,2,model_judged,True,5,correct_feasible_plan,True,resolved_by_model,True,False,False,False,False,1,5,9712,591,8.52609908906743,0.008249446051195264,0
pilot-13,pilot-13,0,D,4,model_judged,True,5,correct_feasible_plan,True,resolved_by_model,True,False,False,False,False,1,5,9712,591,8.52609908906743,0.008249446051195264,0
pilot-13,pilot-13,0,E,0,model_judged,True,5,correct_feasible_plan,True,unresolved_multiple_candidates,True,False,False,False,False,0,4,9040,532,7.746678326977417,0.008249446051195264,0
pilot-13,pilot-13,0,E,1,model_judged,True,5,correct_feasible_plan,True,resolved_by_model,True,False,False,False,False,1,5,9712,591,8.52609908906743,0.008249446051195264,0
pilot-13,pilot-13,0,E,2,model_judged,True,5,correct_feasible_plan,True,resolved_by_model,True,False,False,False,False,1,5,9712,591,8.52609908906743,0.008249446051195264,0
pilot-13,pilot-13,0,E,4,model_judged,True,5,correct_feasible_plan,True,resolved_by_model,True,False,False,False,False,1,5,9712,591,8.52609908906743,0.008249446051195264,0
pilot-13,pilot-13,0,D,0,oracle_diagnostic,True,5,correct_feasible_plan,True,unresolved_multiple_candidates,True,False,False,False,False,0,4,9040,532,7.746678326977417,0.008249446051195264,0
pilot-13,pilot-13,0,D,1,oracle_diagnostic,True,5,correct_feasible_plan,True,resolved_by_privileged_reference_judgment,True,False,False,False,False,1,4,9040,532,7.746678326977417,0.008249446051195264,0
pilot-13,pilot-13,0,D,2,oracle_diagnostic,True,5,correct_feasible_plan,True,resolved_by_privileged_reference_judgment,True,False,False,False,False,1,4,9040,532,7.746678326977417,0.008249446051195264,0
pilot-13,pilot-13,0,D,4,oracle_diagnostic,True,5,correct_feasible_plan,True,resolved_by_privileged_reference_judgment,True,False,False,False,False,1,4,9040,532,7.746678326977417,0.008249446051195264,0
pilot-13,pilot-13,0,E,0,oracle_diagnostic,True,5,correct_feasible_plan,True,unresolved_multiple_candidates,True,False,False,False,False,0,4,9040,532,7.746678326977417,0.008249446051195264,0
pilot-13,pilot-13,0,E,1,oracle_diagnostic,True,5,correct_feasible_plan,True,resolved_by_privileged_reference_judgment,True,False,False,False,False,1,4,9040,532,7.746678326977417,0.008249446051195264,0
pilot-13,pilot-13,0,E,2,oracle_diagnostic,True,5,correct_feasible_plan,True,resolved_by_privileged_reference_judgment,True,False,False,False,False,1,4,9040,532,7.746678326977417,0.008249446051195264,0
pilot-13,pilot-13,0,E,4,oracle_diagnostic,True,5,correct_feasible_plan,True,resolved_by_privileged_reference_judgment,True,False,False,False,False,1,4,9040,532,7.746678326977417,0.008249446051195264,0
pilot-13,pilot-13,0,A,0,model_judged,True,5,correct_feasible_plan,True,unverified_no_semantic_evidence,True,False,False,False,False,0,1,2260,139,2.0194258519914,0.004113912815228105,0
pilot-13,pilot-13,0,B,0,model_judged,True,5,correct_feasible_plan,True,unverified_no_semantic_evidence,True,False,False,False,False,0,2,4685,278,4.012100549880415,0.0038543110713362694,0
pilot-13,pilot-13,0,C,0,model_judged,True,5,correct_feasible_plan,True,resolved_by_model,True,False,False,False,False,2,3,3534,263,3.6466500721871853,0.0038804111536592245,0
pilot-14,pilot-14,0,D,0,model_judged,True,22,correct_feasible_plan,True,unresolved_multiple_candidates,True,False,False,False,False,0,4,9052,705,10.146949600195512,0.020804258063435555,0
pilot-14,pilot-14,0,D,1,model_judged,True,22,false_infeasibility,False,resolved_by_model,True,False,True,False,False,1,5,9735,800,11.386814859230071,0.020804258063435555,0
pilot-14,pilot-14,0,D,2,model_judged,True,22,false_infeasibility,False,resolved_by_model,True,False,True,False,False,1,5,9735,800,11.386814859230071,0.020804258063435555,0
pilot-14,pilot-14,0,D,4,model_judged,True,22,false_infeasibility,False,resolved_by_model,True,False,True,False,False,1,5,9735,800,11.386814859230071,0.020804258063435555,0
pilot-14,pilot-14,0,E,0,model_judged,True,22,correct_feasible_plan,True,unresolved_multiple_candidates,True,False,False,False,False,0,4,9052,705,10.146949600195512,0.020804258063435555,0
pilot-14,pilot-14,0,E,1,model_judged,True,22,false_infeasibility,False,resolved_by_model,True,False,True,False,False,1,5,9735,800,11.386814859230071,0.020804258063435555,0
pilot-14,pilot-14,0,E,2,model_judged,True,22,false_infeasibility,False,resolved_by_model,True,False,True,False,False,1,5,9735,800,11.386814859230071,0.020804258063435555,0
pilot-14,pilot-14,0,E,4,model_judged,True,22,false_infeasibility,False,resolved_by_model,True,False,True,False,False,1,5,9735,800,11.386814859230071,0.020804258063435555,0
pilot-14,pilot-14,0,D,0,oracle_diagnostic,True,22,correct_feasible_plan,True,unresolved_multiple_candidates,True,False,False,False,False,0,4,9052,705,10.146949600195512,0.020804258063435555,0
pilot-14,pilot-14,0,D,1,oracle_diagnostic,True,22,false_infeasibility,False,resolved_by_privileged_reference_judgment,True,False,True,False,False,1,4,9052,705,10.146949600195512,0.020804258063435555,0
pilot-14,pilot-14,0,D,2,oracle_diagnostic,True,22,false_infeasibility,False,resolved_by_privileged_reference_judgment,True,False,True,False,False,1,4,9052,705,10.146949600195512,0.020804258063435555,0
pilot-14,pilot-14,0,D,4,oracle_diagnostic,True,22,false_infeasibility,False,resolved_by_privileged_reference_judgment,True,False,True,False,False,1,4,9052,705,10.146949600195512,0.020804258063435555,0
pilot-14,pilot-14,0,E,0,oracle_diagnostic,True,22,correct_feasible_plan,True,unresolved_multiple_candidates,True,False,False,False,False,0,4,9052,705,10.146949600195512,0.020804258063435555,0
pilot-14,pilot-14,0,E,1,oracle_diagnostic,True,22,false_infeasibility,False,resolved_by_privileged_reference_judgment,True,False,True,False,False,1,4,9052,705,10.146949600195512,0.020804258063435555,0
pilot-14,pilot-14,0,E,2,oracle_diagnostic,True,22,false_infeasibility,False,resolved_by_privileged_reference_judgment,True,False,True,False,False,1,4,9052,705,10.146949600195512,0.020804258063435555,0
pilot-14,pilot-14,0,E,4,oracle_diagnostic,True,22,false_infeasibility,False,resolved_by_privileged_reference_judgment,True,False,True,False,False,1,4,9052,705,10.146949600195512,0.020804258063435555,0
pilot-14,pilot-14,0,A,0,model_judged,True,22,correct_feasible_plan,True,unverified_no_semantic_evidence,True,False,False,False,False,0,1,2263,167,2.4080812549218535,0.008436486823484302,0
pilot-14,pilot-14,0,B,0,model_judged,True,22,correct_feasible_plan,True,unverified_no_semantic_evidence,True,False,False,False,False,0,2,4719,334,4.785600194009021,0.008071294985711575,0
pilot-14,pilot-14,0,C,0,model_judged,True,22,unresolved,False,unresolved_candidate_exhaustion,True,False,True,False,True,2,4,7161,497,7.085278742015362,0.008177665993571281,0
pilot-15,pilot-15,0,D,0,model_judged,False,0,invalid_model_output,False,unverified,False,False,False,False,False,0,4,9044,198,3.12044837907888,0,0
pilot-15,pilot-15,0,D,1,model_judged,False,0,invalid_model_output,False,unverified,False,False,False,False,False,0,4,9044,198,3.12044837907888,0,0
pilot-15,pilot-15,0,D,2,model_judged,False,0,invalid_model_output,False,unverified,False,False,False,False,False,0,4,9044,198,3.12044837907888,0,0
pilot-15,pilot-15,0,D,4,model_judged,False,0,invalid_model_output,False,unverified,False,False,False,False,False,0,4,9044,198,3.12044837907888,0,0
pilot-15,pilot-15,0,E,0,model_judged,False,0,invalid_model_output,False,unverified,False,False,False,False,False,0,4,9044,198,3.12044837907888,0,0
pilot-15,pilot-15,0,E,1,model_judged,False,0,invalid_model_output,False,unverified,False,False,False,False,False,0,4,9044,198,3.12044837907888,0,0
pilot-15,pilot-15,0,E,2,model_judged,False,0,invalid_model_output,False,unverified,False,False,False,False,False,0,4,9044,198,3.12044837907888,0,0
pilot-15,pilot-15,0,E,4,model_judged,False,0,invalid_model_output,False,unverified,False,False,False,False,False,0,4,9044,198,3.12044837907888,0,0
pilot-15,pilot-15,0,D,0,oracle_diagnostic,False,0,invalid_model_output,False,unverified,False,False,False,False,False,0,4,9044,198,3.12044837907888,0,0
pilot-15,pilot-15,0,D,1,oracle_diagnostic,False,0,invalid_model_output,False,unverified,False,False,False,False,False,0,4,9044,198,3.12044837907888,0,0
pilot-15,pilot-15,0,D,2,oracle_diagnostic,False,0,invalid_model_output,False,unverified,False,False,False,False,False,0,4,9044,198,3.12044837907888,0,0
pilot-15,pilot-15,0,D,4,oracle_diagnostic,False,0,invalid_model_output,False,unverified,False,False,False,False,False,0,4,9044,198,3.12044837907888,0,0
pilot-15,pilot-15,0,E,0,oracle_diagnostic,False,0,invalid_model_output,False,unverified,False,False,False,False,False,0,4,9044,198,3.12044837907888,0,0
pilot-15,pilot-15,0,E,1,oracle_diagnostic,False,0,invalid_model_output,False,unverified,False,False,False,False,False,0,4,9044,198,3.12044837907888,0,0
pilot-15,pilot-15,0,E,2,oracle_diagnostic,False,0,invalid_model_output,False,unverified,False,False,False,False,False,0,4,9044,198,3.12044837907888,0,0
pilot-15,pilot-15,0,E,4,oracle_diagnostic,False,0,invalid_model_output,False,unverified,False,False,False,False,False,0,4,9044,198,3.12044837907888,0,0
pilot-15,pilot-15,0,A,0,model_judged,False,0,invalid_model_output,False,unverified,False,False,False,False,False,0,1,2261,45,0.7177271279506385,0,0
pilot-15,pilot-15,0,B,0,model_judged,False,0,invalid_model_output,False,unresolved_error,False,False,False,False,False,0,2,4593,102,1.5894887100439519,0,0
pilot-15,pilot-15,0,C,0,model_judged,False,0,invalid_model_output,False,unverified,False,False,False,False,False,0,1,2261,45,0.7177271279506385,0,0
pilot-16,pilot-16,0,D,0,model_judged,True,6,correct_feasible_plan,True,unverified_no_semantic_evidence,True,False,False,False,False,0,4,8996,528,7.683596484130248,0.004988780012354255,0
pilot-16,pilot-16,0,D,1,model_judged,True,6,correct_feasible_plan,True,unverified_no_semantic_evidence,True,False,False,False,False,0,4,8996,528,7.683596484130248,0.004988780012354255,0
pilot-16,pilot-16,0,D,2,model_judged,True,6,correct_feasible_plan,True,unverified_no_semantic_evidence,True,False,False,False,False,0,4,8996,528,7.683596484130248,0.004988780012354255,0
pilot-16,pilot-16,0,D,4,model_judged,True,6,correct_feasible_plan,True,unverified_no_semantic_evidence,True,False,False,False,False,0,4,8996,528,7.683596484130248,0.004988780012354255,0
pilot-16,pilot-16,0,E,0,model_judged,True,6,correct_feasible_plan,True,unverified_no_semantic_evidence,True,False,False,False,False,0,4,8996,528,7.683596484130248,0.004988780012354255,0
pilot-16,pilot-16,0,E,1,model_judged,True,6,correct_feasible_plan,True,unverified_no_semantic_evidence,True,False,False,False,False,0,4,8996,528,7.683596484130248,0.004988780012354255,0
pilot-16,pilot-16,0,E,2,model_judged,True,6,correct_feasible_plan,True,unverified_no_semantic_evidence,True,False,False,False,False,0,4,8996,528,7.683596484130248,0.004988780012354255,0
pilot-16,pilot-16,0,E,4,model_judged,True,6,correct_feasible_plan,True,unverified_no_semantic_evidence,True,False,False,False,False,0,4,8996,528,7.683596484130248,0.004988780012354255,0
pilot-16,pilot-16,0,D,0,oracle_diagnostic,True,6,correct_feasible_plan,True,unverified_no_semantic_evidence,True,False,False,False,False,0,4,8996,528,7.683596484130248,0.004988780012354255,0
pilot-16,pilot-16,0,D,1,oracle_diagnostic,True,6,correct_feasible_plan,True,unverified_no_semantic_evidence,True,False,False,False,False,0,4,8996,528,7.683596484130248,0.004988780012354255,0
pilot-16,pilot-16,0,D,2,oracle_diagnostic,True,6,correct_feasible_plan,True,unverified_no_semantic_evidence,True,False,False,False,False,0,4,8996,528,7.683596484130248,0.004988780012354255,0
pilot-16,pilot-16,0,D,4,oracle_diagnostic,True,6,correct_feasible_plan,True,unverified_no_semantic_evidence,True,False,False,False,False,0,4,8996,528,7.683596484130248,0.004988780012354255,0
pilot-16,pilot-16,0,E,0,oracle_diagnostic,True,6,correct_feasible_plan,True,unverified_no_semantic_evidence,True,False,False,False,False,0,4,8996,528,7.683596484130248,0.004988780012354255,0
pilot-16,pilot-16,0,E,1,oracle_diagnostic,True,6,correct_feasible_plan,True,unverified_no_semantic_evidence,True,False,False,False,False,0,4,8996,528,7.683596484130248,0.004988780012354255,0
pilot-16,pilot-16,0,E,2,oracle_diagnostic,True,6,correct_feasible_plan,True,unverified_no_semantic_evidence,True,False,False,False,False,0,4,8996,528,7.683596484130248,0.004988780012354255,0
pilot-16,pilot-16,0,E,4,oracle_diagnostic,True,6,correct_feasible_plan,True,unverified_no_semantic_evidence,True,False,False,False,False,0,4,8996,528,7.683596484130248,0.004988780012354255,0
pilot-16,pilot-16,0,A,0,model_judged,True,6,correct_feasible_plan,True,unverified_no_semantic_evidence,True,False,False,False,False,0,1,2249,135,1.9621671540662646,0.0043585950043052435,0
pilot-16,pilot-16,0,B,0,model_judged,True,6,correct_feasible_plan,True,unverified_no_semantic_evidence,True,False,False,False,False,0,2,4659,270,3.8982978390995413,0.004125843057408929,0
pilot-16,pilot-16,0,C,0,model_judged,True,6,unresolved,False,unresolved_candidate_exhaustion,True,False,True,False,True,2,4,6243,402,5.673631698125973,0.004289824049919844,0
pilot-17,pilot-17,0,D,0,model_judged,True,31,correct_feasible_plan,True,unverified_no_semantic_evidence,True,False,False,False,False,0,4,9480,496,7.27193299587816,0.016915224958211184,0
pilot-17,pilot-17,0,D,1,model_judged,True,31,correct_feasible_plan,True,unverified_no_semantic_evidence,True,False,False,False,False,0,4,9480,496,7.27193299587816,0.016915224958211184,0
pilot-17,pilot-17,0,D,2,model_judged,True,31,correct_feasible_plan,True,unverified_no_semantic_evidence,True,False,False,False,False,0,4,9480,496,7.27193299587816,0.016915224958211184,0
pilot-17,pilot-17,0,D,4,model_judged,True,31,correct_feasible_plan,True,unverified_no_semantic_evidence,True,False,False,False,False,0,4,9480,496,7.27193299587816,0.016915224958211184,0
pilot-17,pilot-17,0,E,0,model_judged,True,31,correct_feasible_plan,True,unverified_no_semantic_evidence,True,False,False,False,False,0,4,9480,496,7.27193299587816,0.016915224958211184,0
pilot-17,pilot-17,0,E,1,model_judged,True,31,correct_feasible_plan,True,unverified_no_semantic_evidence,True,False,False,False,False,0,4,9480,496,7.27193299587816,0.016915224958211184,0
pilot-17,pilot-17,0,E,2,model_judged,True,31,correct_feasible_plan,True,unverified_no_semantic_evidence,True,False,False,False,False,0,4,9480,496,7.27193299587816,0.016915224958211184,0
pilot-17,pilot-17,0,E,4,model_judged,True,31,correct_feasible_plan,True,unverified_no_semantic_evidence,True,False,False,False,False,0,4,9480,496,7.27193299587816,0.016915224958211184,0
pilot-17,pilot-17,0,D,0,oracle_diagnostic,True,31,correct_feasible_plan,True,unverified_no_semantic_evidence,True,False,False,False,False,0,4,9480,496,7.27193299587816,0.016915224958211184,0
pilot-17,pilot-17,0,D,1,oracle_diagnostic,True,31,correct_feasible_plan,True,unverified_no_semantic_evidence,True,False,False,False,False,0,4,9480,496,7.27193299587816,0.016915224958211184,0
pilot-17,pilot-17,0,D,2,oracle_diagnostic,True,31,correct_feasible_plan,True,unverified_no_semantic_evidence,True,False,False,False,False,0,4,9480,496,7.27193299587816,0.016915224958211184,0
pilot-17,pilot-17,0,D,4,oracle_diagnostic,True,31,correct_feasible_plan,True,unverified_no_semantic_evidence,True,False,False,False,False,0,4,9480,496,7.27193299587816,0.016915224958211184,0
pilot-17,pilot-17,0,E,0,oracle_diagnostic,True,31,correct_feasible_plan,True,unverified_no_semantic_evidence,True,False,False,False,False,0,4,9480,496,7.27193299587816,0.016915224958211184,0
pilot-17,pilot-17,0,E,1,oracle_diagnostic,True,31,correct_feasible_plan,True,unverified_no_semantic_evidence,True,False,False,False,False,0,4,9480,496,7.27193299587816,0.016915224958211184,0
pilot-17,pilot-17,0,E,2,oracle_diagnostic,True,31,correct_feasible_plan,True,unverified_no_semantic_evidence,True,False,False,False,False,0,4,9480,496,7.27193299587816,0.016915224958211184,0
pilot-17,pilot-17,0,E,4,oracle_diagnostic,True,31,correct_feasible_plan,True,unverified_no_semantic_evidence,True,False,False,False,False,0,4,9480,496,7.27193299587816,0.016915224958211184,0
pilot-17,pilot-17,0,A,0,model_judged,True,31,correct_feasible_plan,True,unverified_no_semantic_evidence,True,False,False,False,False,0,1,2370,121,1.7768736397847533,0.015933207934722304,0
pilot-17,pilot-17,0,B,0,model_judged,True,31,correct_feasible_plan,True,unverified_no_semantic_evidence,True,False,False,False,False,0,2,4887,242,3.528551107738167,0.015502984169870615,0
pilot-17,pilot-17,0,C,0,model_judged,True,31,correct_feasible_plan,True,resolved_by_model,True,False,False,False,False,2,3,4102,323,4.458097470691428,0.015706385020166636,0
pilot-18,pilot-18,0,D,0,model_judged,True,17,correct_feasible_plan,True,unresolved_multiple_candidates,True,False,False,False,False,0,4,9040,521,7.589102436089888,0.013956042006611824,0
pilot-18,pilot-18,0,D,1,model_judged,True,17,correct_feasible_plan,True,resolved_by_model,True,False,False,False,False,1,5,9676,573,8.273121464066207,0.013956042006611824,0
pilot-18,pilot-18,0,D,2,model_judged,True,17,correct_feasible_plan,True,resolved_by_model,True,False,False,False,False,1,5,9676,573,8.273121464066207,0.013956042006611824,0
pilot-18,pilot-18,0,D,4,model_judged,True,17,correct_feasible_plan,True,resolved_by_model,True,False,False,False,False,1,5,9676,573,8.273121464066207,0.013956042006611824,0
pilot-18,pilot-18,0,E,0,model_judged,True,17,correct_feasible_plan,True,unresolved_multiple_candidates,True,False,False,False,False,0,4,9040,521,7.589102436089888,0.013956042006611824,0
pilot-18,pilot-18,0,E,1,model_judged,True,17,correct_feasible_plan,True,resolved_by_model,True,False,False,False,False,1,5,9676,573,8.273121464066207,0.013956042006611824,0
pilot-18,pilot-18,0,E,2,model_judged,True,17,correct_feasible_plan,True,resolved_by_model,True,False,False,False,False,1,5,9676,573,8.273121464066207,0.013956042006611824,0
pilot-18,pilot-18,0,E,4,model_judged,True,17,correct_feasible_plan,True,resolved_by_model,True,False,False,False,False,1,5,9676,573,8.273121464066207,0.013956042006611824,0
pilot-18,pilot-18,0,D,0,oracle_diagnostic,True,17,correct_feasible_plan,True,unresolved_multiple_candidates,True,False,False,False,False,0,4,9040,521,7.589102436089888,0.013956042006611824,0
pilot-18,pilot-18,0,D,1,oracle_diagnostic,True,17,correct_feasible_plan,True,resolved_by_privileged_reference_judgment,True,False,False,False,False,1,4,9040,521,7.589102436089888,0.013956042006611824,0
pilot-18,pilot-18,0,D,2,oracle_diagnostic,True,17,correct_feasible_plan,True,resolved_by_privileged_reference_judgment,True,False,False,False,False,1,4,9040,521,7.589102436089888,0.013956042006611824,0
pilot-18,pilot-18,0,D,4,oracle_diagnostic,True,17,correct_feasible_plan,True,resolved_by_privileged_reference_judgment,True,False,False,False,False,1,4,9040,521,7.589102436089888,0.013956042006611824,0
pilot-18,pilot-18,0,E,0,oracle_diagnostic,True,17,correct_feasible_plan,True,unresolved_multiple_candidates,True,False,False,False,False,0,4,9040,521,7.589102436089888,0.013956042006611824,0
pilot-18,pilot-18,0,E,1,oracle_diagnostic,True,17,correct_feasible_plan,True,resolved_by_privileged_reference_judgment,True,False,False,False,False,1,4,9040,521,7.589102436089888,0.013956042006611824,0
pilot-18,pilot-18,0,E,2,oracle_diagnostic,True,17,correct_feasible_plan,True,resolved_by_privileged_reference_judgment,True,False,False,False,False,1,4,9040,521,7.589102436089888,0.013956042006611824,0
pilot-18,pilot-18,0,E,4,oracle_diagnostic,True,17,correct_feasible_plan,True,resolved_by_privileged_reference_judgment,True,False,False,False,False,1,4,9040,521,7.589102436089888,0.013956042006611824,0
pilot-18,pilot-18,0,A,0,model_judged,True,17,correct_feasible_plan,True,unverified_no_semantic_evidence,True,False,False,False,False,0,1,2260,127,1.8528368680272251,0.0054419629741460085,0
pilot-18,pilot-18,0,B,0,model_judged,True,17,correct_feasible_plan,True,unverified_no_semantic_evidence,True,False,False,False,False,0,2,4673,254,3.6801064419560134,0.004753078101202846,0
pilot-18,pilot-18,0,C,0,model_judged,True,17,correct_feasible_plan,True,resolved_by_model,True,False,False,False,False,2,3,3457,245,3.395282099954784,0.004789008991792798,0
pilot-19,pilot-19,0,D,0,model_judged,True,45,incorrect_plan,False,unverified_no_semantic_evidence,False,False,False,False,False,0,4,9044,704,10.12923746719025,0.008294415893033147,0
pilot-19,pilot-19,0,D,1,model_judged,True,45,incorrect_plan,False,unverified_no_semantic_evidence,False,False,False,False,False,0,4,9044,704,10.12923746719025,0.008294415893033147,0
pilot-19,pilot-19,0,D,2,model_judged,True,45,incorrect_plan,False,unverified_no_semantic_evidence,False,False,False,False,False,0,4,9044,704,10.12923746719025,0.008294415893033147,0
pilot-19,pilot-19,0,D,4,model_judged,True,45,incorrect_plan,False,unverified_no_semantic_evidence,False,False,False,False,False,0,4,9044,704,10.12923746719025,0.008294415893033147,0
pilot-19,pilot-19,0,E,0,model_judged,True,45,incorrect_plan,False,unverified_no_semantic_evidence,False,False,False,False,False,0,4,9044,704,10.12923746719025,0.008294415893033147,0
pilot-19,pilot-19,0,E,1,model_judged,True,45,incorrect_plan,False,unverified_no_semantic_evidence,False,False,False,False,False,0,4,9044,704,10.12923746719025,0.008294415893033147,0
pilot-19,pilot-19,0,E,2,model_judged,True,45,incorrect_plan,False,unverified_no_semantic_evidence,False,False,False,False,False,0,4,9044,704,10.12923746719025,0.008294415893033147,0
pilot-19,pilot-19,0,E,4,model_judged,True,45,incorrect_plan,False,unverified_no_semantic_evidence,False,False,False,False,False,0,4,9044,704,10.12923746719025,0.008294415893033147,0
pilot-19,pilot-19,0,D,0,oracle_diagnostic,True,45,incorrect_plan,False,unverified_no_semantic_evidence,False,False,False,False,False,0,4,9044,704,10.12923746719025,0.008294415893033147,0
pilot-19,pilot-19,0,D,1,oracle_diagnostic,True,45,incorrect_plan,False,unverified_no_semantic_evidence,False,False,False,False,False,0,4,9044,704,10.12923746719025,0.008294415893033147,0
pilot-19,pilot-19,0,D,2,oracle_diagnostic,True,45,incorrect_plan,False,unverified_no_semantic_evidence,False,False,False,False,False,0,4,9044,704,10.12923746719025,0.008294415893033147,0
pilot-19,pilot-19,0,D,4,oracle_diagnostic,True,45,incorrect_plan,False,unverified_no_semantic_evidence,False,False,False,False,False,0,4,9044,704,10.12923746719025,0.008294415893033147,0
pilot-19,pilot-19,0,E,0,oracle_diagnostic,True,45,incorrect_plan,False,unverified_no_semantic_evidence,False,False,False,False,False,0,4,9044,704,10.12923746719025,0.008294415893033147,0
pilot-19,pilot-19,0,E,1,oracle_diagnostic,True,45,incorrect_plan,False,unverified_no_semantic_evidence,False,False,False,False,False,0,4,9044,704,10.12923746719025,0.008294415893033147,0
pilot-19,pilot-19,0,E,2,oracle_diagnostic,True,45,incorrect_plan,False,unverified_no_semantic_evidence,False,False,False,False,False,0,4,9044,704,10.12923746719025,0.008294415893033147,0
pilot-19,pilot-19,0,E,4,oracle_diagnostic,True,45,incorrect_plan,False,unverified_no_semantic_evidence,False,False,False,False,False,0,4,9044,704,10.12923746719025,0.008294415893033147,0
pilot-19,pilot-19,0,A,0,model_judged,True,45,incorrect_plan,False,unverified_no_semantic_evidence,False,False,False,False,False,0,1,2261,185,2.657178968889639,0.0076874420046806335,0
pilot-19,pilot-19,0,B,0,model_judged,True,45,incorrect_plan,False,unverified_no_semantic_evidence,False,False,False,False,False,0,2,4733,370,5.280650458065793,0.007378499023616314,0
pilot-19,pilot-19,0,C,0,model_judged,True,45,unresolved,False,unresolved_candidate_exhaustion,False,False,False,False,False,2,4,8225,504,7.304986788658425,0.007486759917810559,0
pilot-20,pilot-20,0,D,0,model_judged,True,64,correct_feasible_plan,True,unresolved_multiple_candidates,True,False,False,False,False,0,4,9044,777,11.140022851992399,0.02418236411176622,0
pilot-20,pilot-20,0,D,1,model_judged,True,64,correct_feasible_plan,True,unresolved_multiple_candidates,True,False,False,False,False,1,5,9762,832,11.87008943897672,0.02418236411176622,0
pilot-20,pilot-20,0,D,2,model_judged,True,64,correct_feasible_plan,True,resolved_by_model,True,False,False,False,False,2,6,10481,925,13.087683969875798,0.02418236411176622,0
pilot-20,pilot-20,0,D,4,model_judged,True,64,correct_feasible_plan,True,resolved_by_model,True,False,False,False,False,2,6,10481,925,13.087683969875798,0.02418236411176622,0
pilot-20,pilot-20,0,E,0,model_judged,True,64,correct_feasible_plan,True,unresolved_multiple_candidates,True,False,False,False,False,0,4,9044,777,11.140022851992399,0.02418236411176622,0
pilot-20,pilot-20,0,E,1,model_judged,True,64,correct_feasible_plan,True,unresolved_multiple_candidates,True,False,False,False,False,1,5,9762,832,11.87008943897672,0.02418236411176622,0
pilot-20,pilot-20,0,E,2,model_judged,True,64,correct_feasible_plan,True,resolved_by_model,True,False,False,False,False,2,6,10481,925,13.087683969875798,0.02418236411176622,0
pilot-20,pilot-20,0,E,4,model_judged,True,64,correct_feasible_plan,True,resolved_by_model,True,False,False,False,False,2,6,10481,925,13.087683969875798,0.02418236411176622,0
pilot-20,pilot-20,0,D,0,oracle_diagnostic,True,64,correct_feasible_plan,True,unresolved_multiple_candidates,True,False,False,False,False,0,4,9044,777,11.140022851992399,0.02418236411176622,0
pilot-20,pilot-20,0,D,1,oracle_diagnostic,True,64,correct_feasible_plan,True,unresolved_multiple_candidates,True,False,False,False,False,1,4,9044,777,11.140022851992399,0.02418236411176622,0
pilot-20,pilot-20,0,D,2,oracle_diagnostic,True,64,correct_feasible_plan,True,resolved_by_privileged_reference_judgment,True,False,False,False,False,2,4,9044,777,11.140022851992399,0.02418236411176622,0
pilot-20,pilot-20,0,D,4,oracle_diagnostic,True,64,correct_feasible_plan,True,resolved_by_privileged_reference_judgment,True,False,False,False,False,2,4,9044,777,11.140022851992399,0.02418236411176622,0
pilot-20,pilot-20,0,E,0,oracle_diagnostic,True,64,correct_feasible_plan,True,unresolved_multiple_candidates,True,False,False,False,False,0,4,9044,777,11.140022851992399,0.02418236411176622,0
pilot-20,pilot-20,0,E,1,oracle_diagnostic,True,64,correct_feasible_plan,True,unresolved_multiple_candidates,True,False,False,False,False,1,4,9044,777,11.140022851992399,0.02418236411176622,0
pilot-20,pilot-20,0,E,2,oracle_diagnostic,True,64,correct_feasible_plan,True,resolved_by_privileged_reference_judgment,True,False,False,False,False,2,4,9044,777,11.140022851992399,0.02418236411176622,0
pilot-20,pilot-20,0,E,4,oracle_diagnostic,True,64,correct_feasible_plan,True,resolved_by_privileged_reference_judgment,True,False,False,False,False,2,4,9044,777,11.140022851992399,0.02418236411176622,0
pilot-20,pilot-20,0,A,0,model_judged,True,64,correct_feasible_plan,True,unverified_no_semantic_evidence,True,False,False,False,False,0,1,2261,191,2.7405494970735162,0.008700599893927574,0
pilot-20,pilot-20,0,B,0,model_judged,True,64,correct_feasible_plan,True,unverified_no_semantic_evidence,True,False,False,False,False,0,2,4739,382,5.447286342969164,0.008199256146326661,0
pilot-20,pilot-20,0,C,0,model_judged,True,64,unresolved,False,unresolved_candidate_exhaustion,True,False,True,False,True,2,4,7297,516,7.380032160319388,0.00837341696023941,0
pilot-21,pilot-21,0,D,0,model_judged,True,17,correct_feasible_plan,True,unresolved_multiple_candidates,True,False,False,False,False,0,4,9012,516,7.52109632990323,0.007287487154826522,0
pilot-21,pilot-21,0,D,1,model_judged,True,17,correct_feasible_plan,True,resolved_by_model,True,False,False,False,False,1,5,9800,574,8.300181759055704,0.007287487154826522,0
pilot-21,pilot-21,0,D,2,model_judged,True,17,correct_feasible_plan,True,resolved_by_model,True,False,False,False,False,1,5,9800,574,8.300181759055704,0.007287487154826522,0
pilot-21,pilot-21,0,D,4,model_judged,True,17,correct_feasible_plan,True,resolved_by_model,True,False,False,False,False,1,5,9800,574,8.300181759055704,0.007287487154826522,0
pilot-21,pilot-21,0,E,0,model_judged,True,17,correct_feasible_plan,True,unresolved_multiple_candidates,True,False,False,False,False,0,4,9012,516,7.52109632990323,0.007287487154826522,0
pilot-21,pilot-21,0,E,1,model_judged,True,17,correct_feasible_plan,True,resolved_by_model,True,False,False,False,False,1,5,9800,574,8.300181759055704,0.007287487154826522,0
pilot-21,pilot-21,0,E,2,model_judged,True,17,correct_feasible_plan,True,resolved_by_model,True,False,False,False,False,1,5,9800,574,8.300181759055704,0.007287487154826522,0
pilot-21,pilot-21,0,E,4,model_judged,True,17,correct_feasible_plan,True,resolved_by_model,True,False,False,False,False,1,5,9800,574,8.300181759055704,0.007287487154826522,0
pilot-21,pilot-21,0,D,0,oracle_diagnostic,True,17,correct_feasible_plan,True,unresolved_multiple_candidates,True,False,False,False,False,0,4,9012,516,7.52109632990323,0.007287487154826522,0
pilot-21,pilot-21,0,D,1,oracle_diagnostic,True,17,correct_feasible_plan,True,resolved_by_privileged_reference_judgment,True,False,False,False,False,1,4,9012,516,7.52109632990323,0.007287487154826522,0
pilot-21,pilot-21,0,D,2,oracle_diagnostic,True,17,correct_feasible_plan,True,resolved_by_privileged_reference_judgment,True,False,False,False,False,1,4,9012,516,7.52109632990323,0.007287487154826522,0
pilot-21,pilot-21,0,D,4,oracle_diagnostic,True,17,correct_feasible_plan,True,resolved_by_privileged_reference_judgment,True,False,False,False,False,1,4,9012,516,7.52109632990323,0.007287487154826522,0
pilot-21,pilot-21,0,E,0,oracle_diagnostic,True,17,correct_feasible_plan,True,unresolved_multiple_candidates,True,False,False,False,False,0,4,9012,516,7.52109632990323,0.007287487154826522,0
pilot-21,pilot-21,0,E,1,oracle_diagnostic,True,17,correct_feasible_plan,True,resolved_by_privileged_reference_judgment,True,False,False,False,False,1,4,9012,516,7.52109632990323,0.007287487154826522,0
pilot-21,pilot-21,0,E,2,oracle_diagnostic,True,17,correct_feasible_plan,True,resolved_by_privileged_reference_judgment,True,False,False,False,False,1,4,9012,516,7.52109632990323,0.007287487154826522,0
pilot-21,pilot-21,0,E,4,oracle_diagnostic,True,17,correct_feasible_plan,True,resolved_by_privileged_reference_judgment,True,False,False,False,False,1,4,9012,516,7.52109632990323,0.007287487154826522,0
pilot-21,pilot-21,0,A,0,model_judged,True,17,correct_feasible_plan,True,unverified_no_semantic_evidence,True,False,False,False,False,0,1,2253,135,1.9636093250010163,0.003344886004924774,0
pilot-21,pilot-21,0,B,0,model_judged,True,17,correct_feasible_plan,True,unverified_no_semantic_evidence,True,False,False,False,False,0,2,4667,322,4.60907305101864,0.0030920340213924646,0
pilot-21,pilot-21,0,C,0,model_judged,True,17,unresolved,False,unresolved_candidate_exhaustion,True,False,True,False,True,2,4,7408,428,6.133087635273114,0.003155465004965663,0
pilot-22,pilot-22,0,D,0,model_judged,True,256,false_infeasibility,False,unverified_no_semantic_evidence,False,False,False,False,False,0,4,9504,685,9.902715922798961,0.013650279026478529,0
pilot-22,pilot-22,0,D,1,model_judged,True,256,false_infeasibility,False,unverified_no_semantic_evidence,False,False,False,False,False,0,4,9504,685,9.902715922798961,0.013650279026478529,0
pilot-22,pilot-22,0,D,2,model_judged,True,256,false_infeasibility,False,unverified_no_semantic_evidence,False,False,False,False,False,0,4,9504,685,9.902715922798961,0.013650279026478529,0
pilot-22,pilot-22,0,D,4,model_judged,True,256,false_infeasibility,False,unverified_no_semantic_evidence,False,False,False,False,False,0,4,9504,685,9.902715922798961,0.013650279026478529,0
pilot-22,pilot-22,0,E,0,model_judged,True,256,false_infeasibility,False,unverified_no_semantic_evidence,False,False,False,False,False,0,4,9504,685,9.902715922798961,0.013650279026478529,0
pilot-22,pilot-22,0,E,1,model_judged,True,256,false_infeasibility,False,unverified_no_semantic_evidence,False,False,False,False,False,0,4,9504,685,9.902715922798961,0.013650279026478529,0
pilot-22,pilot-22,0,E,2,model_judged,True,256,false_infeasibility,False,unverified_no_semantic_evidence,False,False,False,False,False,0,4,9504,685,9.902715922798961,0.013650279026478529,0
pilot-22,pilot-22,0,E,4,model_judged,True,256,false_infeasibility,False,unverified_no_semantic_evidence,False,False,False,False,False,0,4,9504,685,9.902715922798961,0.013650279026478529,0
pilot-22,pilot-22,0,D,0,oracle_diagnostic,True,256,false_infeasibility,False,unverified_no_semantic_evidence,False,False,False,False,False,0,4,9504,685,9.902715922798961,0.013650279026478529,0
pilot-22,pilot-22,0,D,1,oracle_diagnostic,True,256,false_infeasibility,False,unverified_no_semantic_evidence,False,False,False,False,False,0,4,9504,685,9.902715922798961,0.013650279026478529,0
pilot-22,pilot-22,0,D,2,oracle_diagnostic,True,256,false_infeasibility,False,unverified_no_semantic_evidence,False,False,False,False,False,0,4,9504,685,9.902715922798961,0.013650279026478529,0
pilot-22,pilot-22,0,D,4,oracle_diagnostic,True,256,false_infeasibility,False,unverified_no_semantic_evidence,False,False,False,False,False,0,4,9504,685,9.902715922798961,0.013650279026478529,0
pilot-22,pilot-22,0,E,0,oracle_diagnostic,True,256,false_infeasibility,False,unverified_no_semantic_evidence,False,False,False,False,False,0,4,9504,685,9.902715922798961,0.013650279026478529,0
pilot-22,pilot-22,0,E,1,oracle_diagnostic,True,256,false_infeasibility,False,unverified_no_semantic_evidence,False,False,False,False,False,0,4,9504,685,9.902715922798961,0.013650279026478529,0
pilot-22,pilot-22,0,E,2,oracle_diagnostic,True,256,false_infeasibility,False,unverified_no_semantic_evidence,False,False,False,False,False,0,4,9504,685,9.902715922798961,0.013650279026478529,0
pilot-22,pilot-22,0,E,4,oracle_diagnostic,True,256,false_infeasibility,False,unverified_no_semantic_evidence,False,False,False,False,False,0,4,9504,685,9.902715922798961,0.013650279026478529,0
pilot-22,pilot-22,0,A,0,model_judged,True,256,false_infeasibility,False,unverified_no_semantic_evidence,False,False,False,False,False,0,1,2376,166,2.4022043079603463,0.01326950709335506,0
pilot-22,pilot-22,0,B,0,model_judged,True,256,false_infeasibility,False,unverified_no_semantic_evidence,False,False,False,False,False,0,2,4944,332,4.784370303852484,0.013180644949898124,0
pilot-22,pilot-22,0,C,0,model_judged,True,256,unresolved,False,unresolved_candidate_exhaustion,False,False,False,False,False,1,3,6918,409,5.959915188839659,0.013235566206276417,0
pilot-23,pilot-23,0,D,0,model_judged,False,0,invalid_model_output,False,unverified,False,False,False,False,False,0,4,9044,174,2.7858255591709167,0,0
pilot-23,pilot-23,0,D,1,model_judged,False,0,invalid_model_output,False,unverified,False,False,False,False,False,0,4,9044,174,2.7858255591709167,0,0
pilot-23,pilot-23,0,D,2,model_judged,False,0,invalid_model_output,False,unverified,False,False,False,False,False,0,4,9044,174,2.7858255591709167,0,0
pilot-23,pilot-23,0,D,4,model_judged,False,0,invalid_model_output,False,unverified,False,False,False,False,False,0,4,9044,174,2.7858255591709167,0,0
pilot-23,pilot-23,0,E,0,model_judged,False,0,invalid_model_output,False,unverified,False,False,False,False,False,0,4,9044,174,2.7858255591709167,0,0
pilot-23,pilot-23,0,E,1,model_judged,False,0,invalid_model_output,False,unverified,False,False,False,False,False,0,4,9044,174,2.7858255591709167,0,0
pilot-23,pilot-23,0,E,2,model_judged,False,0,invalid_model_output,False,unverified,False,False,False,False,False,0,4,9044,174,2.7858255591709167,0,0
pilot-23,pilot-23,0,E,4,model_judged,False,0,invalid_model_output,False,unverified,False,False,False,False,False,0,4,9044,174,2.7858255591709167,0,0
pilot-23,pilot-23,0,D,0,oracle_diagnostic,False,0,invalid_model_output,False,unverified,False,False,False,False,False,0,4,9044,174,2.7858255591709167,0,0
pilot-23,pilot-23,0,D,1,oracle_diagnostic,False,0,invalid_model_output,False,unverified,False,False,False,False,False,0,4,9044,174,2.7858255591709167,0,0
pilot-23,pilot-23,0,D,2,oracle_diagnostic,False,0,invalid_model_output,False,unverified,False,False,False,False,False,0,4,9044,174,2.7858255591709167,0,0
pilot-23,pilot-23,0,D,4,oracle_diagnostic,False,0,invalid_model_output,False,unverified,False,False,False,False,False,0,4,9044,174,2.7858255591709167,0,0
pilot-23,pilot-23,0,E,0,oracle_diagnostic,False,0,invalid_model_output,False,unverified,False,False,False,False,False,0,4,9044,174,2.7858255591709167,0,0
pilot-23,pilot-23,0,E,1,oracle_diagnostic,False,0,invalid_model_output,False,unverified,False,False,False,False,False,0,4,9044,174,2.7858255591709167,0,0
pilot-23,pilot-23,0,E,2,oracle_diagnostic,False,0,invalid_model_output,False,unverified,False,False,False,False,False,0,4,9044,174,2.7858255591709167,0,0
pilot-23,pilot-23,0,E,4,oracle_diagnostic,False,0,invalid_model_output,False,unverified,False,False,False,False,False,0,4,9044,174,2.7858255591709167,0,0
pilot-23,pilot-23,0,A,0,model_judged,False,0,invalid_model_output,False,unverified,False,False,False,False,False,0,1,2261,45,0.7173220240511,0,0
pilot-23,pilot-23,0,B,0,model_judged,False,0,invalid_model_output,False,unresolved_error,False,False,False,False,False,0,2,4593,102,1.5878531951457262,0,0
pilot-23,pilot-23,0,C,0,model_judged,False,0,invalid_model_output,False,unverified,False,False,False,False,False,0,1,2261,45,0.7173220240511,0,0
pilot-24,pilot-24,0,D,0,model_judged,True,14,incorrect_plan,False,unresolved_multiple_candidates,False,False,False,False,False,0,4,9044,704,10.13058917899616,0.023840449983254075,0
pilot-24,pilot-24,0,D,1,model_judged,True,14,correct_feasible_plan,True,resolved_by_model,False,True,False,False,False,1,5,9610,792,11.270278806099668,0.023840449983254075,0
pilot-24,pilot-24,0,D,2,model_judged,True,14,correct_feasible_plan,True,resolved_by_model,False,True,False,False,False,1,5,9610,792,11.270278806099668,0.023840449983254075,0
pilot-24,pilot-24,0,D,4,model_judged,True,14,correct_feasible_plan,True,resolved_by_model,False,True,False,False,False,1,5,9610,792,11.270278806099668,0.023840449983254075,0
pilot-24,pilot-24,0,E,0,model_judged,True,14,incorrect_plan,False,unresolved_multiple_candidates,False,False,False,False,False,0,4,9044,704,10.13058917899616,0.023840449983254075,0
pilot-24,pilot-24,0,E,1,model_judged,True,14,correct_feasible_plan,True,resolved_by_model,False,True,False,False,False,1,5,9610,792,11.270278806099668,0.023840449983254075,0
pilot-24,pilot-24,0,E,2,model_judged,True,14,correct_feasible_plan,True,resolved_by_model,False,True,False,False,False,1,5,9610,792,11.270278806099668,0.023840449983254075,0
pilot-24,pilot-24,0,E,4,model_judged,True,14,correct_feasible_plan,True,resolved_by_model,False,True,False,False,False,1,5,9610,792,11.270278806099668,0.023840449983254075,0
pilot-24,pilot-24,0,D,0,oracle_diagnostic,True,14,incorrect_plan,False,unresolved_multiple_candidates,False,False,False,False,False,0,4,9044,704,10.13058917899616,0.023840449983254075,0
pilot-24,pilot-24,0,D,1,oracle_diagnostic,True,14,correct_feasible_plan,True,resolved_by_privileged_reference_judgment,False,True,False,False,False,1,4,9044,704,10.13058917899616,0.023840449983254075,0
pilot-24,pilot-24,0,D,2,oracle_diagnostic,True,14,correct_feasible_plan,True,resolved_by_privileged_reference_judgment,False,True,False,False,False,1,4,9044,704,10.13058917899616,0.023840449983254075,0
pilot-24,pilot-24,0,D,4,oracle_diagnostic,True,14,correct_feasible_plan,True,resolved_by_privileged_reference_judgment,False,True,False,False,False,1,4,9044,704,10.13058917899616,0.023840449983254075,0
pilot-24,pilot-24,0,E,0,oracle_diagnostic,True,14,incorrect_plan,False,unresolved_multiple_candidates,False,False,False,False,False,0,4,9044,704,10.13058917899616,0.023840449983254075,0
pilot-24,pilot-24,0,E,1,oracle_diagnostic,True,14,correct_feasible_plan,True,resolved_by_privileged_reference_judgment,False,True,False,False,False,1,4,9044,704,10.13058917899616,0.023840449983254075,0
pilot-24,pilot-24,0,E,2,oracle_diagnostic,True,14,correct_feasible_plan,True,resolved_by_privileged_reference_judgment,False,True,False,False,False,1,4,9044,704,10.13058917899616,0.023840449983254075,0
pilot-24,pilot-24,0,E,4,oracle_diagnostic,True,14,correct_feasible_plan,True,resolved_by_privileged_reference_judgment,False,True,False,False,False,1,4,9044,704,10.13058917899616,0.023840449983254075,0
pilot-24,pilot-24,0,A,0,model_judged,True,14,incorrect_plan,False,unverified_no_semantic_evidence,False,False,False,False,False,0,1,2261,185,2.6565987248905003,0.00862610898911953,0
pilot-24,pilot-24,0,B,0,model_judged,True,14,incorrect_plan,False,unverified_no_semantic_evidence,False,False,False,False,False,0,2,4733,370,5.280001912964508,0.008106214925646782,0
pilot-24,pilot-24,0,C,0,model_judged,True,14,unresolved,False,unresolved_candidate_exhaustion,False,False,False,False,False,2,4,6519,505,7.127374717732891,0.008504568133503199,0
pilot-25,pilot-25,0,D,0,model_judged,True,64,false_infeasibility,False,unresolved_multiple_candidates,False,False,False,False,False,0,4,9036,908,12.9630703991279,0.017218376975506544,0
pilot-25,pilot-25,0,D,1,model_judged,True,64,correct_feasible_plan,True,resolved_by_model,False,True,False,False,False,1,5,9633,963,13.684145274106413,0.017218376975506544,0
pilot-25,pilot-25,0,D,2,model_judged,True,64,correct_feasible_plan,True,resolved_by_model,False,True,False,False,False,1,5,9633,963,13.684145274106413,0.017218376975506544,0
pilot-25,pilot-25,0,D,4,model_judged,True,64,correct_feasible_plan,True,resolved_by_model,False,True,False,False,False,1,5,9633,963,13.684145274106413,0.017218376975506544,0
pilot-25,pilot-25,0,E,0,model_judged,True,64,false_infeasibility,False,unresolved_multiple_candidates,False,False,False,False,False,0,4,9036,908,12.9630703991279,0.017218376975506544,0
pilot-25,pilot-25,0,E,1,model_judged,True,64,correct_feasible_plan,True,resolved_by_model,False,True,False,False,False,1,5,9633,963,13.684145274106413,0.017218376975506544,0
pilot-25,pilot-25,0,E,2,model_judged,True,64,correct_feasible_plan,True,resolved_by_model,False,True,False,False,False,1,5,9633,963,13.684145274106413,0.017218376975506544,0
pilot-25,pilot-25,0,E,4,model_judged,True,64,correct_feasible_plan,True,resolved_by_model,False,True,False,False,False,1,5,9633,963,13.684145274106413,0.017218376975506544,0
pilot-25,pilot-25,0,D,0,oracle_diagnostic,True,64,false_infeasibility,False,unresolved_multiple_candidates,False,False,False,False,False,0,4,9036,908,12.9630703991279,0.017218376975506544,0
pilot-25,pilot-25,0,D,1,oracle_diagnostic,True,64,correct_feasible_plan,True,resolved_by_privileged_reference_judgment,False,True,False,False,False,1,4,9036,908,12.9630703991279,0.017218376975506544,0
pilot-25,pilot-25,0,D,2,oracle_diagnostic,True,64,correct_feasible_plan,True,resolved_by_privileged_reference_judgment,False,True,False,False,False,1,4,9036,908,12.9630703991279,0.017218376975506544,0
pilot-25,pilot-25,0,D,4,oracle_diagnostic,True,64,correct_feasible_plan,True,resolved_by_privileged_reference_judgment,False,True,False,False,False,1,4,9036,908,12.9630703991279,0.017218376975506544,0
pilot-25,pilot-25,0,E,0,oracle_diagnostic,True,64,false_infeasibility,False,unresolved_multiple_candidates,False,False,False,False,False,0,4,9036,908,12.9630703991279,0.017218376975506544,0
pilot-25,pilot-25,0,E,1,oracle_diagnostic,True,64,correct_feasible_plan,True,resolved_by_privileged_reference_judgment,False,True,False,False,False,1,4,9036,908,12.9630703991279,0.017218376975506544,0
pilot-25,pilot-25,0,E,2,oracle_diagnostic,True,64,correct_feasible_plan,True,resolved_by_privileged_reference_judgment,False,True,False,False,False,1,4,9036,908,12.9630703991279,0.017218376975506544,0
pilot-25,pilot-25,0,E,4,oracle_diagnostic,True,64,correct_feasible_plan,True,resolved_by_privileged_reference_judgment,False,True,False,False,False,1,4,9036,908,12.9630703991279,0.017218376975506544,0
pilot-25,pilot-25,0,A,0,model_judged,True,64,false_infeasibility,False,unverified_no_semantic_evidence,False,False,False,False,False,0,1,2259,268,3.8099094999488443,0.007054605986922979,0
pilot-25,pilot-25,0,B,0,model_judged,True,64,false_infeasibility,False,unverified_no_semantic_evidence,False,False,False,False,False,0,2,4812,536,7.579664608929306,0.006770184030756354,0
pilot-25,pilot-25,0,C,0,model_judged,True,64,unresolved,False,unresolved_candidate_exhaustion,False,False,False,False,False,1,3,5689,633,8.928831622703001,0.0067279639188200235,0
pilot-26,pilot-26,0,D,0,model_judged,True,35,correct_feasible_plan,True,unresolved_multiple_candidates,True,False,False,False,False,0,4,9040,520,7.575463876128197,0.011120839044451714,0
pilot-26,pilot-26,0,D,1,model_judged,True,35,correct_feasible_plan,True,resolved_by_model,True,False,False,False,False,1,5,9645,582,8.38553104409948,0.011120839044451714,0
pilot-26,pilot-26,0,D,2,model_judged,True,35,correct_feasible_plan,True,resolved_by_model,True,False,False,False,False,1,5,9645,582,8.38553104409948,0.011120839044451714,0
pilot-26,pilot-26,0,D,4,model_judged,True,35,correct_feasible_plan,True,resolved_by_model,True,False,False,False,False,1,5,9645,582,8.38553104409948,0.011120839044451714,0
pilot-26,pilot-26,0,E,0,model_judged,True,35,correct_feasible_plan,True,unresolved_multiple_candidates,True,False,False,False,False,0,4,9040,520,7.575463876128197,0.011120839044451714,0
pilot-26,pilot-26,0,E,1,model_judged,True,35,correct_feasible_plan,True,resolved_by_model,True,False,False,False,False,1,5,9645,582,8.38553104409948,0.011120839044451714,0
pilot-26,pilot-26,0,E,2,model_judged,True,35,correct_feasible_plan,True,resolved_by_model,True,False,False,False,False,1,5,9645,582,8.38553104409948,0.011120839044451714,0
pilot-26,pilot-26,0,E,4,model_judged,True,35,correct_feasible_plan,True,resolved_by_model,True,False,False,False,False,1,5,9645,582,8.38553104409948,0.011120839044451714,0
pilot-26,pilot-26,0,D,0,oracle_diagnostic,True,35,correct_feasible_plan,True,unresolved_multiple_candidates,True,False,False,False,False,0,4,9040,520,7.575463876128197,0.011120839044451714,0
pilot-26,pilot-26,0,D,1,oracle_diagnostic,True,35,correct_feasible_plan,True,resolved_by_privileged_reference_judgment,True,False,False,False,False,1,4,9040,520,7.575463876128197,0.011120839044451714,0
pilot-26,pilot-26,0,D,2,oracle_diagnostic,True,35,correct_feasible_plan,True,resolved_by_privileged_reference_judgment,True,False,False,False,False,1,4,9040,520,7.575463876128197,0.011120839044451714,0
pilot-26,pilot-26,0,D,4,oracle_diagnostic,True,35,correct_feasible_plan,True,resolved_by_privileged_reference_judgment,True,False,False,False,False,1,4,9040,520,7.575463876128197,0.011120839044451714,0
pilot-26,pilot-26,0,E,0,oracle_diagnostic,True,35,correct_feasible_plan,True,unresolved_multiple_candidates,True,False,False,False,False,0,4,9040,520,7.575463876128197,0.011120839044451714,0
pilot-26,pilot-26,0,E,1,oracle_diagnostic,True,35,correct_feasible_plan,True,resolved_by_privileged_reference_judgment,True,False,False,False,False,1,4,9040,520,7.575463876128197,0.011120839044451714,0
pilot-26,pilot-26,0,E,2,oracle_diagnostic,True,35,correct_feasible_plan,True,resolved_by_privileged_reference_judgment,True,False,False,False,False,1,4,9040,520,7.575463876128197,0.011120839044451714,0
pilot-26,pilot-26,0,E,4,oracle_diagnostic,True,35,correct_feasible_plan,True,resolved_by_privileged_reference_judgment,True,False,False,False,False,1,4,9040,520,7.575463876128197,0.011120839044451714,0
pilot-26,pilot-26,0,A,0,model_judged,True,35,correct_feasible_plan,True,unverified_no_semantic_evidence,True,False,False,False,False,0,1,2260,127,1.852562605170533,0.005588195053860545,0
pilot-26,pilot-26,0,B,0,model_judged,True,35,correct_feasible_plan,True,unverified_no_semantic_evidence,True,False,False,False,False,0,2,4673,254,3.679546226048842,0.004970319801941514,0
pilot-26,pilot-26,0,C,0,model_judged,True,35,unresolved,False,unresolved_candidate_exhaustion,True,False,True,False,True,2,4,6470,389,5.518127760384232,0.004918630002066493,0
pilot-27,pilot-27,0,D,0,model_judged,True,35,false_infeasibility,False,unresolved_multiple_candidates,False,False,False,False,False,0,4,9516,499,7.314613546943292,0.028910901164636016,0
pilot-27,pilot-27,0,D,1,model_judged,True,35,incorrect_plan,False,resolved_by_model,False,False,False,False,False,1,5,10514,558,8.120546980993822,0.028910901164636016,0
pilot-27,pilot-27,0,D,2,model_judged,True,35,incorrect_plan,False,resolved_by_model,False,False,False,False,False,1,5,10514,558,8.120546980993822,0.028910901164636016,0
pilot-27,pilot-27,0,D,4,model_judged,True,35,incorrect_plan,False,resolved_by_model,False,False,False,False,False,1,5,10514,558,8.120546980993822,0.028910901164636016,0
pilot-27,pilot-27,0,E,0,model_judged,True,35,false_infeasibility,False,unresolved_multiple_candidates,False,False,False,False,False,0,4,9516,499,7.314613546943292,0.028910901164636016,0
pilot-27,pilot-27,0,E,1,model_judged,True,35,incorrect_plan,False,resolved_by_model,False,False,False,False,False,1,5,10514,558,8.120546980993822,0.028910901164636016,0
pilot-27,pilot-27,0,E,2,model_judged,True,35,incorrect_plan,False,resolved_by_model,False,False,False,False,False,1,5,10514,558,8.120546980993822,0.028910901164636016,0
pilot-27,pilot-27,0,E,4,model_judged,True,35,incorrect_plan,False,resolved_by_model,False,False,False,False,False,1,5,10514,558,8.120546980993822,0.028910901164636016,0
pilot-27,pilot-27,0,D,0,oracle_diagnostic,True,35,false_infeasibility,False,unresolved_multiple_candidates,False,False,False,False,False,0,4,9516,499,7.314613546943292,0.028910901164636016,0
pilot-27,pilot-27,0,D,1,oracle_diagnostic,True,35,false_infeasibility,False,resolved_by_privileged_reference_judgment,False,False,False,False,False,1,4,9516,499,7.314613546943292,0.028910901164636016,0
pilot-27,pilot-27,0,D,2,oracle_diagnostic,True,35,false_infeasibility,False,resolved_by_privileged_reference_judgment,False,False,False,False,False,1,4,9516,499,7.314613546943292,0.028910901164636016,0
pilot-27,pilot-27,0,D,4,oracle_diagnostic,True,35,false_infeasibility,False,resolved_by_privileged_reference_judgment,False,False,False,False,False,1,4,9516,499,7.314613546943292,0.028910901164636016,0
pilot-27,pilot-27,0,E,0,oracle_diagnostic,True,35,false_infeasibility,False,unresolved_multiple_candidates,False,False,False,False,False,0,4,9516,499,7.314613546943292,0.028910901164636016,0
pilot-27,pilot-27,0,E,1,oracle_diagnostic,True,35,false_infeasibility,False,resolved_by_privileged_reference_judgment,False,False,False,False,False,1,4,9516,499,7.314613546943292,0.028910901164636016,0
pilot-27,pilot-27,0,E,2,oracle_diagnostic,True,35,false_infeasibility,False,resolved_by_privileged_reference_judgment,False,False,False,False,False,1,4,9516,499,7.314613546943292,0.028910901164636016,0
pilot-27,pilot-27,0,E,4,oracle_diagnostic,True,35,false_infeasibility,False,resolved_by_privileged_reference_judgment,False,False,False,False,False,1,4,9516,499,7.314613546943292,0.028910901164636016,0
pilot-27,pilot-27,0,A,0,model_judged,True,35,false_infeasibility,False,unverified_no_semantic_evidence,False,False,False,False,False,0,1,2379,122,1.79043615818955,0.007284878054633737,0
pilot-27,pilot-27,0,B,0,model_judged,True,35,false_infeasibility,False,unverified_no_semantic_evidence,False,False,False,False,False,0,2,4906,244,3.556472971336916,0.007021117024123669,0
pilot-27,pilot-27,0,C,0,model_judged,True,35,unresolved,False,unresolved_candidate_exhaustion,False,False,False,False,False,1,3,6528,330,4.794317924184725,0.007066315971314907,0
pilot-28,pilot-28,0,D,0,model_judged,False,0,correct_infeasibility,True,unverified_no_semantic_evidence,True,False,False,False,False,0,4,8924,690,9.922351581277326,0.003976801875978708,0
pilot-28,pilot-28,0,D,1,model_judged,False,0,correct_infeasibility,True,unverified_no_semantic_evidence,True,False,False,False,False,0,4,8924,690,9.922351581277326,0.003976801875978708,0
pilot-28,pilot-28,0,D,2,model_judged,False,0,correct_infeasibility,True,unverified_no_semantic_evidence,True,False,False,False,False,0,4,8924,690,9.922351581277326,0.003976801875978708,0
pilot-28,pilot-28,0,D,4,model_judged,False,0,correct_infeasibility,True,unverified_no_semantic_evidence,True,False,False,False,False,0,4,8924,690,9.922351581277326,0.003976801875978708,0
pilot-28,pilot-28,0,E,0,model_judged,False,0,correct_infeasibility,True,unverified_no_semantic_evidence,True,False,False,False,False,0,4,8924,690,9.922351581277326,0.003976801875978708,0
pilot-28,pilot-28,0,E,1,model_judged,False,0,correct_infeasibility,True,unverified_no_semantic_evidence,True,False,False,False,False,0,4,8924,690,9.922351581277326,0.003976801875978708,0
pilot-28,pilot-28,0,E,2,model_judged,False,0,correct_infeasibility,True,unverified_no_semantic_evidence,True,False,False,False,False,0,4,8924,690,9.922351581277326,0.003976801875978708,0
pilot-28,pilot-28,0,E,4,model_judged,False,0,correct_infeasibility,True,unverified_no_semantic_evidence,True,False,False,False,False,0,4,8924,690,9.922351581277326,0.003976801875978708,0
pilot-28,pilot-28,0,D,0,oracle_diagnostic,False,0,correct_infeasibility,True,unverified_no_semantic_evidence,True,False,False,False,False,0,4,8924,690,9.922351581277326,0.003976801875978708,0
pilot-28,pilot-28,0,D,1,oracle_diagnostic,False,0,correct_infeasibility,True,unverified_no_semantic_evidence,True,False,False,False,False,0,4,8924,690,9.922351581277326,0.003976801875978708,0
pilot-28,pilot-28,0,D,2,oracle_diagnostic,False,0,correct_infeasibility,True,unverified_no_semantic_evidence,True,False,False,False,False,0,4,8924,690,9.922351581277326,0.003976801875978708,0
pilot-28,pilot-28,0,D,4,oracle_diagnostic,False,0,correct_infeasibility,True,unverified_no_semantic_evidence,True,False,False,False,False,0,4,8924,690,9.922351581277326,0.003976801875978708,0
pilot-28,pilot-28,0,E,0,oracle_diagnostic,False,0,correct_infeasibility,True,unverified_no_semantic_evidence,True,False,False,False,False,0,4,8924,690,9.922351581277326,0.003976801875978708,0
pilot-28,pilot-28,0,E,1,oracle_diagnostic,False,0,correct_infeasibility,True,unverified_no_semantic_evidence,True,False,False,False,False,0,4,8924,690,9.922351581277326,0.003976801875978708,0
pilot-28,pilot-28,0,E,2,oracle_diagnostic,False,0,correct_infeasibility,True,unverified_no_semantic_evidence,True,False,False,False,False,0,4,8924,690,9.922351581277326,0.003976801875978708,0
pilot-28,pilot-28,0,E,4,oracle_diagnostic,False,0,correct_infeasibility,True,unverified_no_semantic_evidence,True,False,False,False,False,0,4,8924,690,9.922351581277326,0.003976801875978708,0
pilot-28,pilot-28,0,A,0,model_judged,False,0,correct_infeasibility,True,unverified_no_semantic_evidence,True,False,False,False,False,0,1,2231,168,2.418097245041281,0.0036126780323684216,0
pilot-28,pilot-28,0,B,0,model_judged,False,0,correct_infeasibility,True,unverified_no_semantic_evidence,True,False,False,False,False,0,2,4656,336,4.805269842036068,0.0035446188412606716,0
pilot-28,pilot-28,0,C,0,model_judged,False,0,correct_infeasibility,True,resolved_by_model,True,False,False,False,False,1,2,2798,231,3.238650757120922,0.0035132879856973886,0
pilot-29,pilot-29,0,D,0,model_judged,True,2,correct_feasible_plan,True,unverified_no_semantic_evidence,True,False,False,False,False,0,4,9000,540,7.851543736644089,0.006644212873652577,0
pilot-29,pilot-29,0,D,1,model_judged,True,2,correct_feasible_plan,True,unverified_no_semantic_evidence,True,False,False,False,False,0,4,9000,540,7.851543736644089,0.006644212873652577,0
pilot-29,pilot-29,0,D,2,model_judged,True,2,correct_feasible_plan,True,unverified_no_semantic_evidence,True,False,False,False,False,0,4,9000,540,7.851543736644089,0.006644212873652577,0
pilot-29,pilot-29,0,D,4,model_judged,True,2,correct_feasible_plan,True,unverified_no_semantic_evidence,True,False,False,False,False,0,4,9000,540,7.851543736644089,0.006644212873652577,0
pilot-29,pilot-29,0,E,0,model_judged,True,2,correct_feasible_plan,True,unverified_no_semantic_evidence,True,False,False,False,False,0,4,9000,540,7.851543736644089,0.006644212873652577,0
pilot-29,pilot-29,0,E,1,model_judged,True,2,correct_feasible_plan,True,unverified_no_semantic_evidence,True,False,False,False,False,0,4,9000,540,7.851543736644089,0.006644212873652577,0
pilot-29,pilot-29,0,E,2,model_judged,True,2,correct_feasible_plan,True,unverified_no_semantic_evidence,True,False,False,False,False,0,4,9000,540,7.851543736644089,0.006644212873652577,0
pilot-29,pilot-29,0,E,4,model_judged,True,2,correct_feasible_plan,True,unverified_no_semantic_evidence,True,False,False,False,False,0,4,9000,540,7.851543736644089,0.006644212873652577,0
pilot-29,pilot-29,0,D,0,oracle_diagnostic,True,2,correct_feasible_plan,True,unverified_no_semantic_evidence,True,False,False,False,False,0,4,9000,540,7.851543736644089,0.006644212873652577,0
pilot-29,pilot-29,0,D,1,oracle_diagnostic,True,2,correct_feasible_plan,True,unverified_no_semantic_evidence,True,False,False,False,False,0,4,9000,540,7.851543736644089,0.006644212873652577,0
pilot-29,pilot-29,0,D,2,oracle_diagnostic,True,2,correct_feasible_plan,True,unverified_no_semantic_evidence,True,False,False,False,False,0,4,9000,540,7.851543736644089,0.006644212873652577,0
pilot-29,pilot-29,0,D,4,oracle_diagnostic,True,2,correct_feasible_plan,True,unverified_no_semantic_evidence,True,False,False,False,False,0,4,9000,540,7.851543736644089,0.006644212873652577,0
pilot-29,pilot-29,0,E,0,oracle_diagnostic,True,2,correct_feasible_plan,True,unverified_no_semantic_evidence,True,False,False,False,False,0,4,9000,540,7.851543736644089,0.006644212873652577,0
pilot-29,pilot-29,0,E,1,oracle_diagnostic,True,2,correct_feasible_plan,True,unverified_no_semantic_evidence,True,False,False,False,False,0,4,9000,540,7.851543736644089,0.006644212873652577,0
pilot-29,pilot-29,0,E,2,oracle_diagnostic,True,2,correct_feasible_plan,True,unverified_no_semantic_evidence,True,False,False,False,False,0,4,9000,540,7.851543736644089,0.006644212873652577,0
pilot-29,pilot-29,0,E,4,oracle_diagnostic,True,2,correct_feasible_plan,True,unverified_no_semantic_evidence,True,False,False,False,False,0,4,9000,540,7.851543736644089,0.006644212873652577,0
pilot-29,pilot-29,0,A,0,model_judged,True,2,correct_feasible_plan,True,unverified_no_semantic_evidence,True,False,False,False,False,0,1,2250,135,1.9625566469039768,0.004003392066806555,0
pilot-29,pilot-29,0,B,0,model_judged,True,2,correct_feasible_plan,True,unverified_no_semantic_evidence,True,False,False,False,False,0,2,4661,270,3.8987470327410847,0.003905822057276964,0
pilot-29,pilot-29,0,C,0,model_judged,True,2,correct_feasible_plan,True,resolved_by_model,True,False,False,False,False,2,3,3510,293,4.017767425859347,0.0037925601936876774,0
pilot-30,pilot-30,0,D,0,model_judged,True,31,correct_feasible_plan,True,unresolved_multiple_candidates,True,False,False,False,False,0,4,9036,956,13.62700464669615,0.020162561209872365,0
pilot-30,pilot-30,0,D,1,model_judged,True,31,correct_feasible_plan,True,resolved_by_model,True,False,False,False,False,1,5,9634,1021,14.47531815059483,0.020162561209872365,0
pilot-30,pilot-30,0,D,2,model_judged,True,31,correct_feasible_plan,True,resolved_by_model,True,False,False,False,False,1,5,9634,1021,14.47531815059483,0.020162561209872365,0
pilot-30,pilot-30,0,D,4,model_judged,True,31,correct_feasible_plan,True,resolved_by_model,True,False,False,False,False,1,5,9634,1021,14.47531815059483,0.020162561209872365,0
pilot-30,pilot-30,0,E,0,model_judged,True,31,correct_feasible_plan,True,unresolved_multiple_candidates,True,False,False,False,False,0,4,9036,956,13.62700464669615,0.020162561209872365,0
pilot-30,pilot-30,0,E,1,model_judged,True,31,correct_feasible_plan,True,resolved_by_model,True,False,False,False,False,1,5,9634,1021,14.47531815059483,0.020162561209872365,0
pilot-30,pilot-30,0,E,2,model_judged,True,31,correct_feasible_plan,True,resolved_by_model,True,False,False,False,False,1,5,9634,1021,14.47531815059483,0.020162561209872365,0
pilot-30,pilot-30,0,E,4,model_judged,True,31,correct_feasible_plan,True,resolved_by_model,True,False,False,False,False,1,5,9634,1021,14.47531815059483,0.020162561209872365,0
pilot-30,pilot-30,0,D,0,oracle_diagnostic,True,31,correct_feasible_plan,True,unresolved_multiple_candidates,True,False,False,False,False,0,4,9036,956,13.62700464669615,0.020162561209872365,0
pilot-30,pilot-30,0,D,1,oracle_diagnostic,True,31,correct_feasible_plan,True,resolved_by_privileged_reference_judgment,True,False,False,False,False,1,4,9036,956,13.62700464669615,0.020162561209872365,0
pilot-30,pilot-30,0,D,2,oracle_diagnostic,True,31,correct_feasible_plan,True,resolved_by_privileged_reference_judgment,True,False,False,False,False,1,4,9036,956,13.62700464669615,0.020162561209872365,0
pilot-30,pilot-30,0,D,4,oracle_diagnostic,True,31,correct_feasible_plan,True,resolved_by_privileged_reference_judgment,True,False,False,False,False,1,4,9036,956,13.62700464669615,0.020162561209872365,0
pilot-30,pilot-30,0,E,0,oracle_diagnostic,True,31,correct_feasible_plan,True,unresolved_multiple_candidates,True,False,False,False,False,0,4,9036,956,13.62700464669615,0.020162561209872365,0
pilot-30,pilot-30,0,E,1,oracle_diagnostic,True,31,correct_feasible_plan,True,resolved_by_privileged_reference_judgment,True,False,False,False,False,1,4,9036,956,13.62700464669615,0.020162561209872365,0
pilot-30,pilot-30,0,E,2,oracle_diagnostic,True,31,correct_feasible_plan,True,resolved_by_privileged_reference_judgment,True,False,False,False,False,1,4,9036,956,13.62700464669615,0.020162561209872365,0
pilot-30,pilot-30,0,E,4,oracle_diagnostic,True,31,correct_feasible_plan,True,resolved_by_privileged_reference_judgment,True,False,False,False,False,1,4,9036,956,13.62700464669615,0.020162561209872365,0
pilot-30,pilot-30,0,A,0,model_judged,True,31,correct_feasible_plan,True,unverified_no_semantic_evidence,True,False,False,False,False,0,1,2259,261,3.712587470887229,0.010989608010277152,0
pilot-30,pilot-30,0,B,0,model_judged,True,31,correct_feasible_plan,True,unverified_no_semantic_evidence,True,False,False,False,False,0,2,4805,522,7.384658727794886,0.010632314952090383,0
pilot-30,pilot-30,0,C,0,model_judged,True,31,unresolved,False,unresolved_candidate_exhaustion,True,False,True,False,True,2,4,6742,689,9.744195153005421,0.010950887808576226,0
pilot-31,pilot-31,0,D,0,model_judged,True,4,correct_feasible_plan,True,unverified_no_semantic_evidence,True,False,False,False,False,0,4,9032,532,7.740319445962086,0.003965111915022135,0
pilot-31,pilot-31,0,D,1,model_judged,True,4,correct_feasible_plan,True,unverified_no_semantic_evidence,True,False,False,False,False,0,4,9032,532,7.740319445962086,0.003965111915022135,0
pilot-31,pilot-31,0,D,2,model_judged,True,4,correct_feasible_plan,True,unverified_no_semantic_evidence,True,False,False,False,False,0,4,9032,532,7.740319445962086,0.003965111915022135,0
pilot-31,pilot-31,0,D,4,model_judged,True,4,correct_feasible_plan,True,unverified_no_semantic_evidence,True,False,False,False,False,0,4,9032,532,7.740319445962086,0.003965111915022135,0
pilot-31,pilot-31,0,E,0,model_judged,True,4,correct_feasible_plan,True,unverified_no_semantic_evidence,True,False,False,False,False,0,4,9032,532,7.740319445962086,0.003965111915022135,0
pilot-31,pilot-31,0,E,1,model_judged,True,4,correct_feasible_plan,True,unverified_no_semantic_evidence,True,False,False,False,False,0,4,9032,532,7.740319445962086,0.003965111915022135,0
pilot-31,pilot-31,0,E,2,model_judged,True,4,correct_feasible_plan,True,unverified_no_semantic_evidence,True,False,False,False,False,0,4,9032,532,7.740319445962086,0.003965111915022135,0
pilot-31,pilot-31,0,E,4,model_judged,True,4,correct_feasible_plan,True,unverified_no_semantic_evidence,True,False,False,False,False,0,4,9032,532,7.740319445962086,0.003965111915022135,0
pilot-31,pilot-31,0,D,0,oracle_diagnostic,True,4,correct_feasible_plan,True,unverified_no_semantic_evidence,True,False,False,False,False,0,4,9032,532,7.740319445962086,0.003965111915022135,0
pilot-31,pilot-31,0,D,1,oracle_diagnostic,True,4,correct_feasible_plan,True,unverified_no_semantic_evidence,True,False,False,False,False,0,4,9032,532,7.740319445962086,0.003965111915022135,0
pilot-31,pilot-31,0,D,2,oracle_diagnostic,True,4,correct_feasible_plan,True,unverified_no_semantic_evidence,True,False,False,False,False,0,4,9032,532,7.740319445962086,0.003965111915022135,0
pilot-31,pilot-31,0,D,4,oracle_diagnostic,True,4,correct_feasible_plan,True,unverified_no_semantic_evidence,True,False,False,False,False,0,4,9032,532,7.740319445962086,0.003965111915022135,0
pilot-31,pilot-31,0,E,0,oracle_diagnostic,True,4,correct_feasible_plan,True,unverified_no_semantic_evidence,True,False,False,False,False,0,4,9032,532,7.740319445962086,0.003965111915022135,0
pilot-31,pilot-31,0,E,1,oracle_diagnostic,True,4,correct_feasible_plan,True,unverified_no_semantic_evidence,True,False,False,False,False,0,4,9032,532,7.740319445962086,0.003965111915022135,0
pilot-31,pilot-31,0,E,2,oracle_diagnostic,True,4,correct_feasible_plan,True,unverified_no_semantic_evidence,True,False,False,False,False,0,4,9032,532,7.740319445962086,0.003965111915022135,0
pilot-31,pilot-31,0,E,4,oracle_diagnostic,True,4,correct_feasible_plan,True,unverified_no_semantic_evidence,True,False,False,False,False,0,4,9032,532,7.740319445962086,0.003965111915022135,0
pilot-31,pilot-31,0,A,0,model_judged,True,4,correct_feasible_plan,True,unverified_no_semantic_evidence,True,False,False,False,False,0,1,2258,139,2.018191752023995,0.0030606351792812347,0
pilot-31,pilot-31,0,B,0,model_judged,True,4,correct_feasible_plan,True,unverified_no_semantic_evidence,True,False,False,False,False,0,2,4681,278,4.009131246013567,0.002925463020801544,0
pilot-31,pilot-31,0,C,0,model_judged,True,4,correct_feasible_plan,True,resolved_by_model,True,False,False,False,False,2,3,3296,282,3.8721777792088687,0.0029426738619804382,0
pilot-32,pilot-32,0,D,0,model_judged,True,30,correct_feasible_plan,True,unresolved_multiple_candidates,True,False,False,False,False,0,4,9052,686,9.877870614174753,0.014916219981387258,0
pilot-32,pilot-32,0,D,1,model_judged,True,30,correct_feasible_plan,True,resolved_by_model,True,False,False,False,False,1,5,9701,762,10.873233655234799,0.014916219981387258,0
pilot-32,pilot-32,0,D,2,model_judged,True,30,correct_feasible_plan,True,resolved_by_model,True,False,False,False,False,1,5,9701,762,10.873233655234799,0.014916219981387258,0
pilot-32,pilot-32,0,D,4,model_judged,True,30,correct_feasible_plan,True,resolved_by_model,True,False,False,False,False,1,5,9701,762,10.873233655234799,0.014916219981387258,0
pilot-32,pilot-32,0,E,0,model_judged,True,30,correct_feasible_plan,True,unresolved_multiple_candidates,True,False,False,False,False,0,4,9052,686,9.877870614174753,0.014916219981387258,0
pilot-32,pilot-32,0,E,1,model_judged,True,30,correct_feasible_plan,True,resolved_by_model,True,False,False,False,False,1,5,9701,762,10.873233655234799,0.014916219981387258,0
pilot-32,pilot-32,0,E,2,model_judged,True,30,correct_feasible_plan,True,resolved_by_model,True,False,False,False,False,1,5,9701,762,10.873233655234799,0.014916219981387258,0
pilot-32,pilot-32,0,E,4,model_judged,True,30,correct_feasible_plan,True,resolved_by_model,True,False,False,False,False,1,5,9701,762,10.873233655234799,0.014916219981387258,0
pilot-32,pilot-32,0,D,0,oracle_diagnostic,True,30,correct_feasible_plan,True,unresolved_multiple_candidates,True,False,False,False,False,0,4,9052,686,9.877870614174753,0.014916219981387258,0
pilot-32,pilot-32,0,D,1,oracle_diagnostic,True,30,correct_feasible_plan,True,resolved_by_privileged_reference_judgment,True,False,False,False,False,1,4,9052,686,9.877870614174753,0.014916219981387258,0
pilot-32,pilot-32,0,D,2,oracle_diagnostic,True,30,correct_feasible_plan,True,resolved_by_privileged_reference_judgment,True,False,False,False,False,1,4,9052,686,9.877870614174753,0.014916219981387258,0
pilot-32,pilot-32,0,D,4,oracle_diagnostic,True,30,correct_feasible_plan,True,resolved_by_privileged_reference_judgment,True,False,False,False,False,1,4,9052,686,9.877870614174753,0.014916219981387258,0
pilot-32,pilot-32,0,E,0,oracle_diagnostic,True,30,correct_feasible_plan,True,unresolved_multiple_candidates,True,False,False,False,False,0,4,9052,686,9.877870614174753,0.014916219981387258,0
pilot-32,pilot-32,0,E,1,oracle_diagnostic,True,30,correct_feasible_plan,True,resolved_by_privileged_reference_judgment,True,False,False,False,False,1,4,9052,686,9.877870614174753,0.014916219981387258,0
pilot-32,pilot-32,0,E,2,oracle_diagnostic,True,30,correct_feasible_plan,True,resolved_by_privileged_reference_judgment,True,False,False,False,False,1,4,9052,686,9.877870614174753,0.014916219981387258,0
pilot-32,pilot-32,0,E,4,oracle_diagnostic,True,30,correct_feasible_plan,True,resolved_by_privileged_reference_judgment,True,False,False,False,False,1,4,9052,686,9.877870614174753,0.014916219981387258,0
pilot-32,pilot-32,0,A,0,model_judged,True,30,correct_feasible_plan,True,unverified_no_semantic_evidence,True,False,False,False,False,0,1,2263,167,2.406754613155499,0.0064507219940423965,0
pilot-32,pilot-32,0,B,0,model_judged,True,30,correct_feasible_plan,True,unverified_no_semantic_evidence,True,False,False,False,False,0,2,4719,334,4.783060773042962,0.006218210095539689,0
pilot-32,pilot-32,0,C,0,model_judged,True,30,unresolved,False,unresolved_candidate_exhaustion,True,False,True,False,True,2,4,6695,482,6.833154621301219,0.006166079780086875,0
pilot-33,pilot-33,0,D,0,model_judged,False,0,invalid_model_output,False,unverified,False,False,False,False,False,0,4,9032,171,2.743961884872988,0,0
pilot-33,pilot-33,0,D,1,model_judged,False,0,invalid_model_output,False,unverified,False,False,False,False,False,0,4,9032,171,2.743961884872988,0,0
pilot-33,pilot-33,0,D,2,model_judged,False,0,invalid_model_output,False,unverified,False,False,False,False,False,0,4,9032,171,2.743961884872988,0,0
pilot-33,pilot-33,0,D,4,model_judged,False,0,invalid_model_output,False,unverified,False,False,False,False,False,0,4,9032,171,2.743961884872988,0,0
pilot-33,pilot-33,0,E,0,model_judged,False,0,invalid_model_output,False,unverified,False,False,False,False,False,0,4,9032,171,2.743961884872988,0,0
pilot-33,pilot-33,0,E,1,model_judged,False,0,invalid_model_output,False,unverified,False,False,False,False,False,0,4,9032,171,2.743961884872988,0,0
pilot-33,pilot-33,0,E,2,model_judged,False,0,invalid_model_output,False,unverified,False,False,False,False,False,0,4,9032,171,2.743961884872988,0,0
pilot-33,pilot-33,0,E,4,model_judged,False,0,invalid_model_output,False,unverified,False,False,False,False,False,0,4,9032,171,2.743961884872988,0,0
pilot-33,pilot-33,0,D,0,oracle_diagnostic,False,0,invalid_model_output,False,unverified,False,False,False,False,False,0,4,9032,171,2.743961884872988,0,0
pilot-33,pilot-33,0,D,1,oracle_diagnostic,False,0,invalid_model_output,False,unverified,False,False,False,False,False,0,4,9032,171,2.743961884872988,0,0
pilot-33,pilot-33,0,D,2,oracle_diagnostic,False,0,invalid_model_output,False,unverified,False,False,False,False,False,0,4,9032,171,2.743961884872988,0,0
pilot-33,pilot-33,0,D,4,oracle_diagnostic,False,0,invalid_model_output,False,unverified,False,False,False,False,False,0,4,9032,171,2.743961884872988,0,0
pilot-33,pilot-33,0,E,0,oracle_diagnostic,False,0,invalid_model_output,False,unverified,False,False,False,False,False,0,4,9032,171,2.743961884872988,0,0
pilot-33,pilot-33,0,E,1,oracle_diagnostic,False,0,invalid_model_output,False,unverified,False,False,False,False,False,0,4,9032,171,2.743961884872988,0,0
pilot-33,pilot-33,0,E,2,oracle_diagnostic,False,0,invalid_model_output,False,unverified,False,False,False,False,False,0,4,9032,171,2.743961884872988,0,0
pilot-33,pilot-33,0,E,4,oracle_diagnostic,False,0,invalid_model_output,False,unverified,False,False,False,False,False,0,4,9032,171,2.743961884872988,0,0
pilot-33,pilot-33,0,A,0,model_judged,False,0,invalid_model_output,False,unverified,False,False,False,False,False,0,1,2258,45,0.7170807120855898,0,0
pilot-33,pilot-33,0,B,0,model_judged,False,0,invalid_model_output,False,unresolved_error,False,False,False,False,False,0,2,4587,100,1.5600901830475777,0,0
pilot-33,pilot-33,0,C,0,model_judged,False,0,invalid_model_output,False,unverified,False,False,False,False,False,0,1,2258,45,0.7170807120855898,0,0
pilot-34,pilot-34,0,D,0,model_judged,True,13,incorrect_plan,False,unresolved_multiple_candidates,False,False,False,False,False,0,4,8996,515,7.502767705824226,0.02179410378448665,0
pilot-34,pilot-34,0,D,1,model_judged,True,13,incorrect_plan,False,unresolved_multiple_candidates,False,False,False,False,False,1,5,9543,577,8.312711721751839,0.02179410378448665,0
pilot-34,pilot-34,0,D,2,model_judged,True,13,incorrect_plan,False,resolved_by_model,False,False,False,False,False,2,6,10090,638,9.10911659966223,0.02179410378448665,0
pilot-34,pilot-34,0,D,4,model_judged,True,13,incorrect_plan,False,resolved_by_model,False,False,False,False,False,2,6,10090,638,9.10911659966223,0.02179410378448665,0
pilot-34,pilot-34,0,E,0,model_judged,True,13,incorrect_plan,False,unresolved_multiple_candidates,False,False,False,False,False,0,4,8996,515,7.502767705824226,0.02179410378448665,0
pilot-34,pilot-34,0,E,1,model_judged,True,13,incorrect_plan,False,unresolved_multiple_candidates,False,False,False,False,False,1,5,9543,577,8.312711721751839,0.02179410378448665,0
pilot-34,pilot-34,0,E,2,model_judged,True,13,incorrect_plan,False,resolved_by_model,False,False,False,False,False,2,6,10090,638,9.10911659966223,0.02179410378448665,0
pilot-34,pilot-34,0,E,4,model_judged,True,13,incorrect_plan,False,resolved_by_model,False,False,False,False,False,2,6,10090,638,9.10911659966223,0.02179410378448665,0
pilot-34,pilot-34,0,D,0,oracle_diagnostic,True,13,incorrect_plan,False,unresolved_multiple_candidates,False,False,False,False,False,0,4,8996,515,7.502767705824226,0.02179410378448665,0
pilot-34,pilot-34,0,D,1,oracle_diagnostic,True,13,incorrect_plan,False,unresolved_multiple_candidates,False,False,False,False,False,1,4,8996,515,7.502767705824226,0.02179410378448665,0
pilot-34,pilot-34,0,D,2,oracle_diagnostic,True,13,correct_feasible_plan,True,resolved_by_privileged_reference_judgment,False,True,False,False,False,2,4,8996,515,7.502767705824226,0.02179410378448665,0
pilot-34,pilot-34,0,D,4,oracle_diagnostic,True,13,correct_feasible_plan,True,resolved_by_privileged_reference_judgment,False,True,False,False,False,2,4,8996,515,7.502767705824226,0.02179410378448665,0
pilot-34,pilot-34,0,E,0,oracle_diagnostic,True,13,incorrect_plan,False,unresolved_multiple_candidates,False,False,False,False,False,0,4,8996,515,7.502767705824226,0.02179410378448665,0
pilot-34,pilot-34,0,E,1,oracle_diagnostic,True,13,incorrect_plan,False,unresolved_multiple_candidates,False,False,False,False,False,1,4,8996,515,7.502767705824226,0.02179410378448665,0
pilot-34,pilot-34,0,E,2,oracle_diagnostic,True,13,correct_feasible_plan,True,resolved_by_privileged_reference_judgment,False,True,False,False,False,2,4,8996,515,7.502767705824226,0.02179410378448665,0
pilot-34,pilot-34,0,E,4,oracle_diagnostic,True,13,correct_feasible_plan,True,resolved_by_privileged_reference_judgment,False,True,False,False,False,2,4,8996,515,7.502767705824226,0.02179410378448665,0
pilot-34,pilot-34,0,A,0,model_judged,True,13,incorrect_plan,False,unverified_no_semantic_evidence,False,False,False,False,False,0,1,2249,122,1.78255395591259,0.007251478033140302,0
pilot-34,pilot-34,0,B,0,model_judged,True,13,incorrect_plan,False,unverified_no_semantic_evidence,False,False,False,False,False,0,2,4646,244,3.544915358768776,0.006564822047948837,0
pilot-34,pilot-34,0,C,0,model_judged,True,13,unresolved,False,unresolved_error,False,False,False,False,False,1,3,5447,234,3.3842220117803663,0.006805703975260258,0
pilot-35,pilot-35,0,D,0,model_judged,True,168,incorrect_plan,False,unverified_no_semantic_evidence,False,False,False,False,False,0,4,9500,496,7.278760779183358,0.02227257820777595,0
pilot-35,pilot-35,0,D,1,model_judged,True,168,incorrect_plan,False,unverified_no_semantic_evidence,False,False,False,False,False,0,4,9500,496,7.278760779183358,0.02227257820777595,0
pilot-35,pilot-35,0,D,2,model_judged,True,168,incorrect_plan,False,unverified_no_semantic_evidence,False,False,False,False,False,0,4,9500,496,7.278760779183358,0.02227257820777595,0
pilot-35,pilot-35,0,D,4,model_judged,True,168,incorrect_plan,False,unverified_no_semantic_evidence,False,False,False,False,False,0,4,9500,496,7.278760779183358,0.02227257820777595,0
pilot-35,pilot-35,0,E,0,model_judged,True,168,incorrect_plan,False,unverified_no_semantic_evidence,False,False,False,False,False,0,4,9500,496,7.278760779183358,0.02227257820777595,0
pilot-35,pilot-35,0,E,1,model_judged,True,168,incorrect_plan,False,unverified_no_semantic_evidence,False,False,False,False,False,0,4,9500,496,7.278760779183358,0.02227257820777595,0
pilot-35,pilot-35,0,E,2,model_judged,True,168,incorrect_plan,False,unverified_no_semantic_evidence,False,False,False,False,False,0,4,9500,496,7.278760779183358,0.02227257820777595,0
pilot-35,pilot-35,0,E,4,model_judged,True,168,incorrect_plan,False,unverified_no_semantic_evidence,False,False,False,False,False,0,4,9500,496,7.278760779183358,0.02227257820777595,0
pilot-35,pilot-35,0,D,0,oracle_diagnostic,True,168,incorrect_plan,False,unverified_no_semantic_evidence,False,False,False,False,False,0,4,9500,496,7.278760779183358,0.02227257820777595,0
pilot-35,pilot-35,0,D,1,oracle_diagnostic,True,168,incorrect_plan,False,unverified_no_semantic_evidence,False,False,False,False,False,0,4,9500,496,7.278760779183358,0.02227257820777595,0
pilot-35,pilot-35,0,D,2,oracle_diagnostic,True,168,incorrect_plan,False,unverified_no_semantic_evidence,False,False,False,False,False,0,4,9500,496,7.278760779183358,0.02227257820777595,0
pilot-35,pilot-35,0,D,4,oracle_diagnostic,True,168,incorrect_plan,False,unverified_no_semantic_evidence,False,False,False,False,False,0,4,9500,496,7.278760779183358,0.02227257820777595,0
pilot-35,pilot-35,0,E,0,oracle_diagnostic,True,168,incorrect_plan,False,unverified_no_semantic_evidence,False,False,False,False,False,0,4,9500,496,7.278760779183358,0.02227257820777595,0
pilot-35,pilot-35,0,E,1,oracle_diagnostic,True,168,incorrect_plan,False,unverified_no_semantic_evidence,False,False,False,False,False,0,4,9500,496,7.278760779183358,0.02227257820777595,0
pilot-35,pilot-35,0,E,2,oracle_diagnostic,True,168,incorrect_plan,False,unverified_no_semantic_evidence,False,False,False,False,False,0,4,9500,496,7.278760779183358,0.02227257820777595,0
pilot-35,pilot-35,0,E,4,oracle_diagnostic,True,168,incorrect_plan,False,unverified_no_semantic_evidence,False,False,False,False,False,0,4,9500,496,7.278760779183358,0.02227257820777595,0
pilot-35,pilot-35,0,A,0,model_judged,True,168,incorrect_plan,False,unverified_no_semantic_evidence,False,False,False,False,False,0,1,2375,121,1.7785341821145266,0.02128668990917504,0
pilot-35,pilot-35,0,B,0,model_judged,True,168,unresolved,False,unresolved_error,False,False,False,False,False,0,2,4897,258,3.7496927571482956,0.020886327140033245,0
pilot-35,pilot-35,0,C,0,model_judged,True,168,incorrect_plan,False,resolved_by_model,False,False,False,False,False,1,2,4108,189,2.762409031158313,0.02169401408173144,0
pilot-36,pilot-36,0,D,0,model_judged,True,18,correct_feasible_plan,True,unresolved_multiple_candidates,True,False,False,False,False,0,4,9040,532,7.7472258501220495,0.011944195022806525,0
pilot-36,pilot-36,0,D,1,model_judged,True,18,correct_feasible_plan,True,resolved_by_model,True,False,False,False,False,1,5,9602,625,8.950387205230072,0.011944195022806525,0
pilot-36,pilot-36,0,D,2,model_judged,True,18,correct_feasible_plan,True,resolved_by_model,True,False,False,False,False,1,5,9602,625,8.950387205230072,0.011944195022806525,0
pilot-36,pilot-36,0,D,4,model_judged,True,18,correct_feasible_plan,True,resolved_by_model,True,False,False,False,False,1,5,9602,625,8.950387205230072,0.011944195022806525,0
pilot-36,pilot-36,0,E,0,model_judged,True,18,correct_feasible_plan,True,unresolved_multiple_candidates,True,False,False,False,False,0,4,9040,532,7.7472258501220495,0.011944195022806525,0
pilot-36,pilot-36,0,E,1,model_judged,True,18,correct_feasible_plan,True,resolved_by_model,True,False,False,False,False,1,5,9602,625,8.950387205230072,0.011944195022806525,0
pilot-36,pilot-36,0,E,2,model_judged,True,18,correct_feasible_plan,True,resolved_by_model,True,False,False,False,False,1,5,9602,625,8.950387205230072,0.011944195022806525,0
pilot-36,pilot-36,0,E,4,model_judged,True,18,correct_feasible_plan,True,resolved_by_model,True,False,False,False,False,1,5,9602,625,8.950387205230072,0.011944195022806525,0
pilot-36,pilot-36,0,D,0,oracle_diagnostic,True,18,correct_feasible_plan,True,unresolved_multiple_candidates,True,False,False,False,False,0,4,9040,532,7.7472258501220495,0.011944195022806525,0
pilot-36,pilot-36,0,D,1,oracle_diagnostic,True,18,correct_feasible_plan,True,resolved_by_privileged_reference_judgment,True,False,False,False,False,1,4,9040,532,7.7472258501220495,0.011944195022806525,0
pilot-36,pilot-36,0,D,2,oracle_diagnostic,True,18,correct_feasible_plan,True,resolved_by_privileged_reference_judgment,True,False,False,False,False,1,4,9040,532,7.7472258501220495,0.011944195022806525,0
pilot-36,pilot-36,0,D,4,oracle_diagnostic,True,18,correct_feasible_plan,True,resolved_by_privileged_reference_judgment,True,False,False,False,False,1,4,9040,532,7.7472258501220495,0.011944195022806525,0
pilot-36,pilot-36,0,E,0,oracle_diagnostic,True,18,correct_feasible_plan,True,unresolved_multiple_candidates,True,False,False,False,False,0,4,9040,532,7.7472258501220495,0.011944195022806525,0
pilot-36,pilot-36,0,E,1,oracle_diagnostic,True,18,correct_feasible_plan,True,resolved_by_privileged_reference_judgment,True,False,False,False,False,1,4,9040,532,7.7472258501220495,0.011944195022806525,0
pilot-36,pilot-36,0,E,2,oracle_diagnostic,True,18,correct_feasible_plan,True,resolved_by_privileged_reference_judgment,True,False,False,False,False,1,4,9040,532,7.7472258501220495,0.011944195022806525,0
pilot-36,pilot-36,0,E,4,oracle_diagnostic,True,18,correct_feasible_plan,True,resolved_by_privileged_reference_judgment,True,False,False,False,False,1,4,9040,532,7.7472258501220495,0.011944195022806525,0
pilot-36,pilot-36,0,A,0,model_judged,True,18,correct_feasible_plan,True,unverified_no_semantic_evidence,True,False,False,False,False,0,1,2260,139,2.0203068191185594,0.006603883113712072,0
pilot-36,pilot-36,0,B,0,model_judged,True,18,correct_feasible_plan,True,unverified_no_semantic_evidence,True,False,False,False,False,0,2,4685,278,4.012603434268385,0.006060387939214706,0
pilot-36,pilot-36,0,C,0,model_judged,True,18,correct_feasible_plan,True,resolved_by_model,True,False,False,False,False,2,3,3308,280,3.847901304019615,0.006302880123257637,0
pilot-37,pilot-37,0,D,0,model_judged,True,59,correct_feasible_plan,True,unresolved_multiple_candidates,True,False,False,False,False,0,4,9044,686,9.883904291782528,0.03198955697007477,0
pilot-37,pilot-37,0,D,1,model_judged,True,59,correct_feasible_plan,True,unresolved_multiple_candidates,True,False,False,False,False,1,5,9600,807,11.443435160908848,0.03198955697007477,0
pilot-37,pilot-37,0,D,2,model_judged,True,59,correct_feasible_plan,True,resolved_by_model,True,False,False,False,False,2,6,10159,867,12.226319050882012,0.03198955697007477,0
pilot-37,pilot-37,0,D,4,model_judged,True,59,correct_feasible_plan,True,resolved_by_model,True,False,False,False,False,2,6,10159,867,12.226319050882012,0.03198955697007477,0
pilot-37,pilot-37,0,E,0,model_judged,True,59,correct_feasible_plan,True,unresolved_multiple_candidates,True,False,False,False,False,0,4,9044,686,9.883904291782528,0.03198955697007477,0
pilot-37,pilot-37,0,E,1,model_judged,True,59,correct_feasible_plan,True,resolved_by_model,True,False,False,False,False,1,5,9604,787,11.18833031784743,0.03198955697007477,0
pilot-37,pilot-37,0,E,2,model_judged,True,59,correct_feasible_plan,True,resolved_by_model,True,False,False,False,False,1,5,9604,787,11.18833031784743,0.03198955697007477,0
pilot-37,pilot-37,0,E,4,model_judged,True,59,correct_feasible_plan,True,resolved_by_model,True,False,False,False,False,1,5,9604,787,11.18833031784743,0.03198955697007477,0
pilot-37,pilot-37,0,D,0,oracle_diagnostic,True,59,correct_feasible_plan,True,unresolved_multiple_candidates,True,False,False,False,False,0,4,9044,686,9.883904291782528,0.03198955697007477,0
pilot-37,pilot-37,0,D,1,oracle_diagnostic,True,59,correct_feasible_plan,True,unresolved_multiple_candidates,True,False,False,False,False,1,4,9044,686,9.883904291782528,0.03198955697007477,0
pilot-37,pilot-37,0,D,2,oracle_diagnostic,True,59,correct_feasible_plan,True,resolved_by_privileged_reference_judgment,True,False,False,False,False,2,4,9044,686,9.883904291782528,0.03198955697007477,0
pilot-37,pilot-37,0,D,4,oracle_diagnostic,True,59,correct_feasible_plan,True,resolved_by_privileged_reference_judgment,True,False,False,False,False,2,4,9044,686,9.883904291782528,0.03198955697007477,0
pilot-37,pilot-37,0,E,0,oracle_diagnostic,True,59,correct_feasible_plan,True,unresolved_multiple_candidates,True,False,False,False,False,0,4,9044,686,9.883904291782528,0.03198955697007477,0
pilot-37,pilot-37,0,E,1,oracle_diagnostic,True,59,correct_feasible_plan,True,unresolved_multiple_candidates,True,False,False,False,False,1,4,9044,686,9.883904291782528,0.03198955697007477,0
pilot-37,pilot-37,0,E,2,oracle_diagnostic,True,59,correct_feasible_plan,True,unresolved_multiple_candidates,True,False,False,False,False,2,4,9044,686,9.883904291782528,0.03198955697007477,0
pilot-37,pilot-37,0,E,4,oracle_diagnostic,True,59,correct_feasible_plan,True,resolved_by_privileged_reference_judgment,True,False,False,False,False,3,4,9044,686,9.883904291782528,0.03198955697007477,0
pilot-37,pilot-37,0,A,0,model_judged,True,59,correct_feasible_plan,True,unverified_no_semantic_evidence,True,False,False,False,False,0,1,2261,167,2.4085376679431647,0.008673700038343668,0
pilot-37,pilot-37,0,B,0,model_judged,True,59,correct_feasible_plan,True,unverified_no_semantic_evidence,True,False,False,False,False,0,2,4715,334,4.785453422926366,0.008190455147996545,0
pilot-37,pilot-37,0,C,0,model_judged,True,59,unresolved,False,unresolved_error,True,False,True,False,True,1,3,5692,302,4.311218315036967,0.008126145927235484,0
pilot-38,pilot-38,0,D,0,model_judged,True,25,correct_feasible_plan,True,unresolved_multiple_candidates,True,False,False,False,False,0,4,9060,833,11.93492598598823,0.007477598963305354,0
pilot-38,pilot-38,0,D,1,model_judged,True,25,correct_feasible_plan,True,resolved_by_model,True,False,False,False,False,1,5,9641,888,12.654618539847434,0.007477598963305354,0
pilot-38,pilot-38,0,D,2,model_judged,True,25,correct_feasible_plan,True,resolved_by_model,True,False,False,False,False,1,5,9641,888,12.654618539847434,0.007477598963305354,0
pilot-38,pilot-38,0,D,4,model_judged,True,25,correct_feasible_plan,True,resolved_by_model,True,False,False,False,False,1,5,9641,888,12.654618539847434,0.007477598963305354,0
pilot-38,pilot-38,0,E,0,model_judged,True,25,correct_feasible_plan,True,unresolved_multiple_candidates,True,False,False,False,False,0,4,9060,833,11.93492598598823,0.007477598963305354,0
pilot-38,pilot-38,0,E,1,model_judged,True,25,correct_feasible_plan,True,resolved_by_model,True,False,False,False,False,1,5,9641,888,12.654618539847434,0.007477598963305354,0
pilot-38,pilot-38,0,E,2,model_judged,True,25,correct_feasible_plan,True,resolved_by_model,True,False,False,False,False,1,5,9641,888,12.654618539847434,0.007477598963305354,0
pilot-38,pilot-38,0,E,4,model_judged,True,25,correct_feasible_plan,True,resolved_by_model,True,False,False,False,False,1,5,9641,888,12.654618539847434,0.007477598963305354,0
pilot-38,pilot-38,0,D,0,oracle_diagnostic,True,25,correct_feasible_plan,True,unresolved_multiple_candidates,True,False,False,False,False,0,4,9060,833,11.93492598598823,0.007477598963305354,0
pilot-38,pilot-38,0,D,1,oracle_diagnostic,True,25,correct_feasible_plan,True,resolved_by_privileged_reference_judgment,True,False,False,False,False,1,4,9060,833,11.93492598598823,0.007477598963305354,0
pilot-38,pilot-38,0,D,2,oracle_diagnostic,True,25,correct_feasible_plan,True,resolved_by_privileged_reference_judgment,True,False,False,False,False,1,4,9060,833,11.93492598598823,0.007477598963305354,0
pilot-38,pilot-38,0,D,4,oracle_diagnostic,True,25,correct_feasible_plan,True,resolved_by_privileged_reference_judgment,True,False,False,False,False,1,4,9060,833,11.93492598598823,0.007477598963305354,0
pilot-38,pilot-38,0,E,0,oracle_diagnostic,True,25,correct_feasible_plan,True,unresolved_multiple_candidates,True,False,False,False,False,0,4,9060,833,11.93492598598823,0.007477598963305354,0
pilot-38,pilot-38,0,E,1,oracle_diagnostic,True,25,correct_feasible_plan,True,resolved_by_privileged_reference_judgment,True,False,False,False,False,1,4,9060,833,11.93492598598823,0.007477598963305354,0
pilot-38,pilot-38,0,E,2,oracle_diagnostic,True,25,correct_feasible_plan,True,resolved_by_privileged_reference_judgment,True,False,False,False,False,1,4,9060,833,11.93492598598823,0.007477598963305354,0
pilot-38,pilot-38,0,E,4,oracle_diagnostic,True,25,correct_feasible_plan,True,resolved_by_privileged_reference_judgment,True,False,False,False,False,1,4,9060,833,11.93492598598823,0.007477598963305354,0
pilot-38,pilot-38,0,A,0,model_judged,True,25,correct_feasible_plan,True,unverified_no_semantic_evidence,True,False,False,False,False,0,1,2265,244,3.478999190032482,0.005314273061230779,0
pilot-38,pilot-38,0,B,0,model_judged,True,25,correct_feasible_plan,True,unverified_no_semantic_evidence,True,False,False,False,False,0,2,4800,488,6.916813601041213,0.005032660905271769,0
pilot-38,pilot-38,0,C,0,model_judged,True,25,correct_feasible_plan,True,resolved_by_model,True,False,False,False,False,1,2,2767,297,4.168242899002507,0.0050126900896430016,0
pilot-39,pilot-39,0,D,0,model_judged,True,2,correct_feasible_plan,True,unverified_no_semantic_evidence,True,False,False,False,False,0,4,8996,540,7.849709653062746,0.0035870689898729324,0
pilot-39,pilot-39,0,D,1,model_judged,True,2,correct_feasible_plan,True,unverified_no_semantic_evidence,True,False,False,False,False,0,4,8996,540,7.849709653062746,0.0035870689898729324,0
pilot-39,pilot-39,0,D,2,model_judged,True,2,correct_feasible_plan,True,unverified_no_semantic_evidence,True,False,False,False,False,0,4,8996,540,7.849709653062746,0.0035870689898729324,0
pilot-39,pilot-39,0,D,4,model_judged,True,2,correct_feasible_plan,True,unverified_no_semantic_evidence,True,False,False,False,False,0,4,8996,540,7.849709653062746,0.0035870689898729324,0
pilot-39,pilot-39,0,E,0,model_judged,True,2,correct_feasible_plan,True,unverified_no_semantic_evidence,True,False,False,False,False,0,4,8996,540,7.849709653062746,0.0035870689898729324,0
pilot-39,pilot-39,0,E,1,model_judged,True,2,correct_feasible_plan,True,unverified_no_semantic_evidence,True,False,False,False,False,0,4,8996,540,7.849709653062746,0.0035870689898729324,0
pilot-39,pilot-39,0,E,2,model_judged,True,2,correct_feasible_plan,True,unverified_no_semantic_evidence,True,False,False,False,False,0,4,8996,540,7.849709653062746,0.0035870689898729324,0
pilot-39,pilot-39,0,E,4,model_judged,True,2,correct_feasible_plan,True,unverified_no_semantic_evidence,True,False,False,False,False,0,4,8996,540,7.849709653062746,0.0035870689898729324,0
pilot-39,pilot-39,0,D,0,oracle_diagnostic,True,2,correct_feasible_plan,True,unverified_no_semantic_evidence,True,False,False,False,False,0,4,8996,540,7.849709653062746,0.0035870689898729324,0
pilot-39,pilot-39,0,D,1,oracle_diagnostic,True,2,correct_feasible_plan,True,unverified_no_semantic_evidence,True,False,False,False,False,0,4,8996,540,7.849709653062746,0.0035870689898729324,0
pilot-39,pilot-39,0,D,2,oracle_diagnostic,True,2,correct_feasible_plan,True,unverified_no_semantic_evidence,True,False,False,False,False,0,4,8996,540,7.849709653062746,0.0035870689898729324,0
pilot-39,pilot-39,0,D,4,oracle_diagnostic,True,2,correct_feasible_plan,True,unverified_no_semantic_evidence,True,False,False,False,False,0,4,8996,540,7.849709653062746,0.0035870689898729324,0
pilot-39,pilot-39,0,E,0,oracle_diagnostic,True,2,correct_feasible_plan,True,unverified_no_semantic_evidence,True,False,False,False,False,0,4,8996,540,7.849709653062746,0.0035870689898729324,0
pilot-39,pilot-39,0,E,1,oracle_diagnostic,True,2,correct_feasible_plan,True,unverified_no_semantic_evidence,True,False,False,False,False,0,4,8996,540,7.849709653062746,0.0035870689898729324,0
pilot-39,pilot-39,0,E,2,oracle_diagnostic,True,2,correct_feasible_plan,True,unverified_no_semantic_evidence,True,False,False,False,False,0,4,8996,540,7.849709653062746,0.0035870689898729324,0
pilot-39,pilot-39,0,E,4,oracle_diagnostic,True,2,correct_feasible_plan,True,unverified_no_semantic_evidence,True,False,False,False,False,0,4,8996,540,7.849709653062746,0.0035870689898729324,0
pilot-39,pilot-39,0,A,0,model_judged,True,2,correct_feasible_plan,True,unverified_no_semantic_evidence,True,False,False,False,False,0,1,2249,135,1.9624838060699403,0.003130885073915124,0
pilot-39,pilot-39,0,B,0,model_judged,True,2,correct_feasible_plan,True,unverified_no_semantic_evidence,True,False,False,False,False,0,2,4659,270,3.8989812838844955,0.002953433897346258,0
pilot-39,pilot-39,0,C,0,model_judged,True,2,correct_feasible_plan,True,resolved_by_model,True,False,False,False,False,2,3,3272,284,3.8908294381108135,0.003009634092450142,0
pilot-40,pilot-40,0,D,0,model_judged,True,256,false_infeasibility,False,unresolved_multiple_candidates,False,False,False,False,False,0,4,9476,665,9.640969847328961,0.043565589003264904,0
pilot-40,pilot-40,0,D,1,model_judged,True,256,false_infeasibility,False,resolved_by_model,False,False,False,False,False,1,5,10303,752,10.79689938412048,0.043565589003264904,0
pilot-40,pilot-40,0,D,2,model_judged,True,256,false_infeasibility,False,resolved_by_model,False,False,False,False,False,1,5,10303,752,10.79689938412048,0.043565589003264904,0
pilot-40,pilot-40,0,D,4,model_judged,True,256,false_infeasibility,False,resolved_by_model,False,False,False,False,False,1,5,10303,752,10.79689938412048,0.043565589003264904,0
pilot-40,pilot-40,0,E,0,model_judged,True,256,false_infeasibility,False,unresolved_multiple_candidates,False,False,False,False,False,0,4,9476,665,9.640969847328961,0.043565589003264904,0
pilot-40,pilot-40,0,E,1,model_judged,True,256,false_infeasibility,False,resolved_by_model,False,False,False,False,False,1,5,10303,752,10.79689938412048,0.043565589003264904,0
pilot-40,pilot-40,0,E,2,model_judged,True,256,false_infeasibility,False,resolved_by_model,False,False,False,False,False,1,5,10303,752,10.79689938412048,0.043565589003264904,0
pilot-40,pilot-40,0,E,4,model_judged,True,256,false_infeasibility,False,resolved_by_model,False,False,False,False,False,1,5,10303,752,10.79689938412048,0.043565589003264904,0
pilot-40,pilot-40,0,D,0,oracle_diagnostic,True,256,false_infeasibility,False,unresolved_multiple_candidates,False,False,False,False,False,0,4,9476,665,9.640969847328961,0.043565589003264904,0
pilot-40,pilot-40,0,D,1,oracle_diagnostic,True,256,correct_feasible_plan,True,resolved_by_privileged_reference_judgment,False,True,False,False,False,1,4,9476,665,9.640969847328961,0.043565589003264904,0
pilot-40,pilot-40,0,D,2,oracle_diagnostic,True,256,correct_feasible_plan,True,resolved_by_privileged_reference_judgment,False,True,False,False,False,1,4,9476,665,9.640969847328961,0.043565589003264904,0
pilot-40,pilot-40,0,D,4,oracle_diagnostic,True,256,correct_feasible_plan,True,resolved_by_privileged_reference_judgment,False,True,False,False,False,1,4,9476,665,9.640969847328961,0.043565589003264904,0
pilot-40,pilot-40,0,E,0,oracle_diagnostic,True,256,false_infeasibility,False,unresolved_multiple_candidates,False,False,False,False,False,0,4,9476,665,9.640969847328961,0.043565589003264904,0
pilot-40,pilot-40,0,E,1,oracle_diagnostic,True,256,correct_feasible_plan,True,resolved_by_privileged_reference_judgment,False,True,False,False,False,1,4,9476,665,9.640969847328961,0.043565589003264904,0
pilot-40,pilot-40,0,E,2,oracle_diagnostic,True,256,correct_feasible_plan,True,resolved_by_privileged_reference_judgment,False,True,False,False,False,1,4,9476,665,9.640969847328961,0.043565589003264904,0
pilot-40,pilot-40,0,E,4,oracle_diagnostic,True,256,correct_feasible_plan,True,resolved_by_privileged_reference_judgment,False,True,False,False,False,1,4,9476,665,9.640969847328961,0.043565589003264904,0
pilot-40,pilot-40,0,A,0,model_judged,True,256,false_infeasibility,False,unverified_no_semantic_evidence,False,False,False,False,False,0,1,2369,166,2.412751371972263,0.01422073389403522,0
pilot-40,pilot-40,0,B,0,model_judged,True,256,correct_feasible_plan,True,unverified_no_semantic_evidence,False,True,False,True,False,0,2,4930,332,4.796047217911109,0.013280736980959773,0
pilot-40,pilot-40,0,C,0,model_judged,True,256,correct_feasible_plan,True,resolved_by_model,False,True,False,True,False,1,3,6131,418,5.993296965956688,0.013214256148785353,0
pilot-41,pilot-41,0,D,0,model_judged,False,0,invalid_model_output,False,unverified,False,False,False,False,False,0,4,9048,189,2.9957895714323968,0,0
pilot-41,pilot-41,0,D,1,model_judged,False,0,invalid_model_output,False,unverified,False,False,False,False,False,0,4,9048,189,2.9957895714323968,0,0
pilot-41,pilot-41,0,D,2,model_judged,False,0,invalid_model_output,False,unverified,False,False,False,False,False,0,4,9048,189,2.9957895714323968,0,0
pilot-41,pilot-41,0,D,4,model_judged,False,0,invalid_model_output,False,unverified,False,False,False,False,False,0,4,9048,189,2.9957895714323968,0,0
pilot-41,pilot-41,0,E,0,model_judged,False,0,invalid_model_output,False,unverified,False,False,False,False,False,0,4,9048,189,2.9957895714323968,0,0
pilot-41,pilot-41,0,E,1,model_judged,False,0,invalid_model_output,False,unverified,False,False,False,False,False,0,4,9048,189,2.9957895714323968,0,0
pilot-41,pilot-41,0,E,2,model_judged,False,0,invalid_model_output,False,unverified,False,False,False,False,False,0,4,9048,189,2.9957895714323968,0,0
pilot-41,pilot-41,0,E,4,model_judged,False,0,invalid_model_output,False,unverified,False,False,False,False,False,0,4,9048,189,2.9957895714323968,0,0
pilot-41,pilot-41,0,D,0,oracle_diagnostic,False,0,invalid_model_output,False,unverified,False,False,False,False,False,0,4,9048,189,2.9957895714323968,0,0
pilot-41,pilot-41,0,D,1,oracle_diagnostic,False,0,invalid_model_output,False,unverified,False,False,False,False,False,0,4,9048,189,2.9957895714323968,0,0
pilot-41,pilot-41,0,D,2,oracle_diagnostic,False,0,invalid_model_output,False,unverified,False,False,False,False,False,0,4,9048,189,2.9957895714323968,0,0
pilot-41,pilot-41,0,D,4,oracle_diagnostic,False,0,invalid_model_output,False,unverified,False,False,False,False,False,0,4,9048,189,2.9957895714323968,0,0
pilot-41,pilot-41,0,E,0,oracle_diagnostic,False,0,invalid_model_output,False,unverified,False,False,False,False,False,0,4,9048,189,2.9957895714323968,0,0
pilot-41,pilot-41,0,E,1,oracle_diagnostic,False,0,invalid_model_output,False,unverified,False,False,False,False,False,0,4,9048,189,2.9957895714323968,0,0
pilot-41,pilot-41,0,E,2,oracle_diagnostic,False,0,invalid_model_output,False,unverified,False,False,False,False,False,0,4,9048,189,2.9957895714323968,0,0
pilot-41,pilot-41,0,E,4,oracle_diagnostic,False,0,invalid_model_output,False,unverified,False,False,False,False,False,0,4,9048,189,2.9957895714323968,0,0
pilot-41,pilot-41,0,A,0,model_judged,False,0,invalid_model_output,False,unverified,False,False,False,False,False,0,1,2262,37,0.6083058412186801,0,0
pilot-41,pilot-41,0,B,0,model_judged,False,0,invalid_model_output,False,unresolved_error,False,False,False,False,False,0,2,4587,82,1.3154837342444807,0,0
pilot-41,pilot-41,0,C,0,model_judged,False,0,invalid_model_output,False,unverified,False,False,False,False,False,0,1,2262,37,0.6083058412186801,0,0
pilot-42,pilot-42,0,D,0,model_judged,True,28,correct_feasible_plan,True,unresolved_multiple_candidates,True,False,False,False,False,0,4,9048,704,10.133694854099303,0.017766222124919295,0
pilot-42,pilot-42,0,D,1,model_judged,True,28,correct_feasible_plan,True,resolved_by_model,True,False,False,False,False,1,5,9650,790,11.250369447050616,0.017766222124919295,0
pilot-42,pilot-42,0,D,2,model_judged,True,28,correct_feasible_plan,True,resolved_by_model,True,False,False,False,False,1,5,9650,790,11.250369447050616,0.017766222124919295,0
pilot-42,pilot-42,0,D,4,model_judged,True,28,correct_feasible_plan,True,resolved_by_model,True,False,False,False,False,1,5,9650,790,11.250369447050616,0.017766222124919295,0
pilot-42,pilot-42,0,E,0,model_judged,True,28,correct_feasible_plan,True,unresolved_multiple_candidates,True,False,False,False,False,0,4,9048,704,10.133694854099303,0.017766222124919295,0
pilot-42,pilot-42,0,E,1,model_judged,True,28,correct_feasible_plan,True,resolved_by_model,True,False,False,False,False,1,5,9650,790,11.250369447050616,0.017766222124919295,0
pilot-42,pilot-42,0,E,2,model_judged,True,28,correct_feasible_plan,True,resolved_by_model,True,False,False,False,False,1,5,9650,790,11.250369447050616,0.017766222124919295,0
pilot-42,pilot-42,0,E,4,model_judged,True,28,correct_feasible_plan,True,resolved_by_model,True,False,False,False,False,1,5,9650,790,11.250369447050616,0.017766222124919295,0
pilot-42,pilot-42,0,D,0,oracle_diagnostic,True,28,correct_feasible_plan,True,unresolved_multiple_candidates,True,False,False,False,False,0,4,9048,704,10.133694854099303,0.017766222124919295,0
pilot-42,pilot-42,0,D,1,oracle_diagnostic,True,28,correct_feasible_plan,True,resolved_by_privileged_reference_judgment,True,False,False,False,False,1,4,9048,704,10.133694854099303,0.017766222124919295,0
pilot-42,pilot-42,0,D,2,oracle_diagnostic,True,28,correct_feasible_plan,True,resolved_by_privileged_reference_judgment,True,False,False,False,False,1,4,9048,704,10.133694854099303,0.017766222124919295,0
pilot-42,pilot-42,0,D,4,oracle_diagnostic,True,28,correct_feasible_plan,True,resolved_by_privileged_reference_judgment,True,False,False,False,False,1,4,9048,704,10.133694854099303,0.017766222124919295,0
pilot-42,pilot-42,0,E,0,oracle_diagnostic,True,28,correct_feasible_plan,True,unresolved_multiple_candidates,True,False,False,False,False,0,4,9048,704,10.133694854099303,0.017766222124919295,0
pilot-42,pilot-42,0,E,1,oracle_diagnostic,True,28,correct_feasible_plan,True,resolved_by_privileged_reference_judgment,True,False,False,False,False,1,4,9048,704,10.133694854099303,0.017766222124919295,0
pilot-42,pilot-42,0,E,2,oracle_diagnostic,True,28,correct_feasible_plan,True,resolved_by_privileged_reference_judgment,True,False,False,False,False,1,4,9048,704,10.133694854099303,0.017766222124919295,0
pilot-42,pilot-42,0,E,4,oracle_diagnostic,True,28,correct_feasible_plan,True,resolved_by_privileged_reference_judgment,True,False,False,False,False,1,4,9048,704,10.133694854099303,0.017766222124919295,0
pilot-42,pilot-42,0,A,0,model_judged,True,28,correct_feasible_plan,True,unverified_no_semantic_evidence,True,False,False,False,False,0,1,2262,185,2.6583090990316123,0.009400776121765375,0
pilot-42,pilot-42,0,B,0,model_judged,True,28,correct_feasible_plan,True,unverified_no_semantic_evidence,True,False,False,False,False,0,2,4735,370,5.283384691225365,0.0069621349684894085,0
pilot-42,pilot-42,0,C,0,model_judged,True,28,unresolved,False,unresolved_candidate_exhaustion,True,False,True,False,True,2,4,6817,501,7.121865635039285,0.006985235959291458,0
pilot-43,pilot-43,0,D,0,model_judged,True,64,correct_feasible_plan,True,unverified_no_semantic_evidence,True,False,False,False,False,0,4,9020,880,12.576302312780172,0.01257987110875547,0
pilot-43,pilot-43,0,D,1,model_judged,True,64,correct_feasible_plan,True,unverified_no_semantic_evidence,True,False,False,False,False,0,4,9020,880,12.576302312780172,0.01257987110875547,0
pilot-43,pilot-43,0,D,2,model_judged,True,64,correct_feasible_plan,True,unverified_no_semantic_evidence,True,False,False,False,False,0,4,9020,880,12.576302312780172,0.01257987110875547,0
pilot-43,pilot-43,0,D,4,model_judged,True,64,correct_feasible_plan,True,unverified_no_semantic_evidence,True,False,False,False,False,0,4,9020,880,12.576302312780172,0.01257987110875547,0
pilot-43,pilot-43,0,E,0,model_judged,True,64,correct_feasible_plan,True,unverified_no_semantic_evidence,True,False,False,False,False,0,4,9020,880,12.576302312780172,0.01257987110875547,0
pilot-43,pilot-43,0,E,1,model_judged,True,64,correct_feasible_plan,True,unverified_no_semantic_evidence,True,False,False,False,False,0,4,9020,880,12.576302312780172,0.01257987110875547,0
pilot-43,pilot-43,0,E,2,model_judged,True,64,correct_feasible_plan,True,unverified_no_semantic_evidence,True,False,False,False,False,0,4,9020,880,12.576302312780172,0.01257987110875547,0
pilot-43,pilot-43,0,E,4,model_judged,True,64,correct_feasible_plan,True,unverified_no_semantic_evidence,True,False,False,False,False,0,4,9020,880,12.576302312780172,0.01257987110875547,0
pilot-43,pilot-43,0,D,0,oracle_diagnostic,True,64,correct_feasible_plan,True,unverified_no_semantic_evidence,True,False,False,False,False,0,4,9020,880,12.576302312780172,0.01257987110875547,0
pilot-43,pilot-43,0,D,1,oracle_diagnostic,True,64,correct_feasible_plan,True,unverified_no_semantic_evidence,True,False,False,False,False,0,4,9020,880,12.576302312780172,0.01257987110875547,0
pilot-43,pilot-43,0,D,2,oracle_diagnostic,True,64,correct_feasible_plan,True,unverified_no_semantic_evidence,True,False,False,False,False,0,4,9020,880,12.576302312780172,0.01257987110875547,0
pilot-43,pilot-43,0,D,4,oracle_diagnostic,True,64,correct_feasible_plan,True,unverified_no_semantic_evidence,True,False,False,False,False,0,4,9020,880,12.576302312780172,0.01257987110875547,0
pilot-43,pilot-43,0,E,0,oracle_diagnostic,True,64,correct_feasible_plan,True,unverified_no_semantic_evidence,True,False,False,False,False,0,4,9020,880,12.576302312780172,0.01257987110875547,0
pilot-43,pilot-43,0,E,1,oracle_diagnostic,True,64,correct_feasible_plan,True,unverified_no_semantic_evidence,True,False,False,False,False,0,4,9020,880,12.576302312780172,0.01257987110875547,0
pilot-43,pilot-43,0,E,2,oracle_diagnostic,True,64,correct_feasible_plan,True,unverified_no_semantic_evidence,True,False,False,False,False,0,4,9020,880,12.576302312780172,0.01257987110875547,0
pilot-43,pilot-43,0,E,4,oracle_diagnostic,True,64,correct_feasible_plan,True,unverified_no_semantic_evidence,True,False,False,False,False,0,4,9020,880,12.576302312780172,0.01257987110875547,0
pilot-43,pilot-43,0,A,0,model_judged,True,64,correct_feasible_plan,True,unverified_no_semantic_evidence,True,False,False,False,False,0,1,2255,243,3.463706768117845,0.009845288936048746,0
pilot-43,pilot-43,0,B,0,model_judged,True,64,correct_feasible_plan,True,unverified_no_semantic_evidence,True,False,False,False,False,0,2,4779,486,6.889471621951088,0.00959480693563819,0
pilot-43,pilot-43,0,C,0,model_judged,True,64,correct_feasible_plan,True,resolved_by_model,True,False,False,False,False,1,2,2916,296,4.167046430287883,0.009684758028015494,0
pilot-44,pilot-44,0,D,0,model_judged,True,9,correct_feasible_plan,True,unresolved_multiple_candidates,True,False,False,False,False,0,4,9032,532,7.746549274772406,0.009119423106312752,0
pilot-44,pilot-44,0,D,1,model_judged,True,9,correct_feasible_plan,True,resolved_by_model,True,False,False,False,False,1,5,9515,590,8.499379473738372,0.009119423106312752,0
pilot-44,pilot-44,0,D,2,model_judged,True,9,correct_feasible_plan,True,resolved_by_model,True,False,False,False,False,1,5,9515,590,8.499379473738372,0.009119423106312752,0
pilot-44,pilot-44,0,D,4,model_judged,True,9,correct_feasible_plan,True,resolved_by_model,True,False,False,False,False,1,5,9515,590,8.499379473738372,0.009119423106312752,0
pilot-44,pilot-44,0,E,0,model_judged,True,9,correct_feasible_plan,True,unresolved_multiple_candidates,True,False,False,False,False,0,4,9032,532,7.746549274772406,0.009119423106312752,0
pilot-44,pilot-44,0,E,1,model_judged,True,9,correct_feasible_plan,True,resolved_by_model,True,False,False,False,False,1,5,9515,590,8.499379473738372,0.009119423106312752,0
pilot-44,pilot-44,0,E,2,model_judged,True,9,correct_feasible_plan,True,resolved_by_model,True,False,False,False,False,1,5,9515,590,8.499379473738372,0.009119423106312752,0
pilot-44,pilot-44,0,E,4,model_judged,True,9,correct_feasible_plan,True,resolved_by_model,True,False,False,False,False,1,5,9515,590,8.499379473738372,0.009119423106312752,0
pilot-44,pilot-44,0,D,0,oracle_diagnostic,True,9,correct_feasible_plan,True,unresolved_multiple_candidates,True,False,False,False,False,0,4,9032,532,7.746549274772406,0.009119423106312752,0
pilot-44,pilot-44,0,D,1,oracle_diagnostic,True,9,correct_feasible_plan,True,resolved_by_privileged_reference_judgment,True,False,False,False,False,1,4,9032,532,7.746549274772406,0.009119423106312752,0
pilot-44,pilot-44,0,D,2,oracle_diagnostic,True,9,correct_feasible_plan,True,resolved_by_privileged_reference_judgment,True,False,False,False,False,1,4,9032,532,7.746549274772406,0.009119423106312752,0
pilot-44,pilot-44,0,D,4,oracle_diagnostic,True,9,correct_feasible_plan,True,resolved_by_privileged_reference_judgment,True,False,False,False,False,1,4,9032,532,7.746549274772406,0.009119423106312752,0
pilot-44,pilot-44,0,E,0,oracle_diagnostic,True,9,correct_feasible_plan,True,unresolved_multiple_candidates,True,False,False,False,False,0,4,9032,532,7.746549274772406,0.009119423106312752,0
pilot-44,pilot-44,0,E,1,oracle_diagnostic,True,9,correct_feasible_plan,True,resolved_by_privileged_reference_judgment,True,False,False,False,False,1,4,9032,532,7.746549274772406,0.009119423106312752,0
pilot-44,pilot-44,0,E,2,oracle_diagnostic,True,9,correct_feasible_plan,True,resolved_by_privileged_reference_judgment,True,False,False,False,False,1,4,9032,532,7.746549274772406,0.009119423106312752,0
pilot-44,pilot-44,0,E,4,oracle_diagnostic,True,9,correct_feasible_plan,True,resolved_by_privileged_reference_judgment,True,False,False,False,False,1,4,9032,532,7.746549274772406,0.009119423106312752,0
pilot-44,pilot-44,0,A,0,model_judged,True,9,correct_feasible_plan,True,unverified_no_semantic_evidence,True,False,False,False,False,0,1,2258,139,2.0206153909675777,0.00348302791826427,0
pilot-44,pilot-44,0,B,0,model_judged,True,9,correct_feasible_plan,True,unverified_no_semantic_evidence,True,False,False,False,False,0,2,4681,278,4.013324088882655,0.0032155560329556465,0
pilot-44,pilot-44,0,C,0,model_judged,True,9,correct_feasible_plan,True,resolved_by_model,True,False,False,False,False,2,3,3224,254,3.512773361057043,0.0033094969112426043,0
pilot-45,pilot-45,0,D,0,model_judged,True,204,correct_feasible_plan,True,unverified_no_semantic_evidence,True,False,False,False,False,0,4,9504,496,7.2799031778704375,0.02441886509768665,0
pilot-45,pilot-45,0,D,1,model_judged,True,204,correct_feasible_plan,True,unverified_no_semantic_evidence,True,False,False,False,False,0,4,9504,496,7.2799031778704375,0.02441886509768665,0
pilot-45,pilot-45,0,D,2,model_judged,True,204,correct_feasible_plan,True,unverified_no_semantic_evidence,True,False,False,False,False,0,4,9504,496,7.2799031778704375,0.02441886509768665,0
pilot-45,pilot-45,0,D,4,model_judged,True,204,correct_feasible_plan,True,unverified_no_semantic_evidence,True,False,False,False,False,0,4,9504,496,7.2799031778704375,0.02441886509768665,0
pilot-45,pilot-45,0,E,0,model_judged,True,204,correct_feasible_plan,True,unverified_no_semantic_evidence,True,False,False,False,False,0,4,9504,496,7.2799031778704375,0.02441886509768665,0
pilot-45,pilot-45,0,E,1,model_judged,True,204,correct_feasible_plan,True,unverified_no_semantic_evidence,True,False,False,False,False,0,4,9504,496,7.2799031778704375,0.02441886509768665,0
pilot-45,pilot-45,0,E,2,model_judged,True,204,correct_feasible_plan,True,unverified_no_semantic_evidence,True,False,False,False,False,0,4,9504,496,7.2799031778704375,0.02441886509768665,0
pilot-45,pilot-45,0,E,4,model_judged,True,204,correct_feasible_plan,True,unverified_no_semantic_evidence,True,False,False,False,False,0,4,9504,496,7.2799031778704375,0.02441886509768665,0
pilot-45,pilot-45,0,D,0,oracle_diagnostic,True,204,correct_feasible_plan,True,unverified_no_semantic_evidence,True,False,False,False,False,0,4,9504,496,7.2799031778704375,0.02441886509768665,0
pilot-45,pilot-45,0,D,1,oracle_diagnostic,True,204,correct_feasible_plan,True,unverified_no_semantic_evidence,True,False,False,False,False,0,4,9504,496,7.2799031778704375,0.02441886509768665,0
pilot-45,pilot-45,0,D,2,oracle_diagnostic,True,204,correct_feasible_plan,True,unverified_no_semantic_evidence,True,False,False,False,False,0,4,9504,496,7.2799031778704375,0.02441886509768665,0
pilot-45,pilot-45,0,D,4,oracle_diagnostic,True,204,correct_feasible_plan,True,unverified_no_semantic_evidence,True,False,False,False,False,0,4,9504,496,7.2799031778704375,0.02441886509768665,0
pilot-45,pilot-45,0,E,0,oracle_diagnostic,True,204,correct_feasible_plan,True,unverified_no_semantic_evidence,True,False,False,False,False,0,4,9504,496,7.2799031778704375,0.02441886509768665,0
pilot-45,pilot-45,0,E,1,oracle_diagnostic,True,204,correct_feasible_plan,True,unverified_no_semantic_evidence,True,False,False,False,False,0,4,9504,496,7.2799031778704375,0.02441886509768665,0
pilot-45,pilot-45,0,E,2,oracle_diagnostic,True,204,correct_feasible_plan,True,unverified_no_semantic_evidence,True,False,False,False,False,0,4,9504,496,7.2799031778704375,0.02441886509768665,0
pilot-45,pilot-45,0,E,4,oracle_diagnostic,True,204,correct_feasible_plan,True,unverified_no_semantic_evidence,True,False,False,False,False,0,4,9504,496,7.2799031778704375,0.02441886509768665,0
pilot-45,pilot-45,0,A,0,model_judged,True,204,correct_feasible_plan,True,unverified_no_semantic_evidence,True,False,False,False,False,0,1,2376,121,1.7783487909473479,0.021093429066240788,0
pilot-45,pilot-45,0,B,0,model_judged,True,204,correct_feasible_plan,True,unverified_no_semantic_evidence,True,False,False,False,False,0,2,4899,242,3.532154696062207,0.020880586933344603,0
pilot-45,pilot-45,0,C,0,model_judged,True,204,unresolved,False,unresolved_error,True,False,True,False,True,1,3,7301,235,3.537713319994509,0.020864417077973485,0
pilot-46,pilot-46,0,D,0,model_judged,False,0,correct_infeasibility,True,unverified_no_semantic_evidence,True,False,False,False,False,0,4,8936,604,8.736931976862252,0.001605852972716093,0
pilot-46,pilot-46,0,D,1,model_judged,False,0,correct_infeasibility,True,unverified_no_semantic_evidence,True,False,False,False,False,0,4,8936,604,8.736931976862252,0.001605852972716093,0
pilot-46,pilot-46,0,D,2,model_judged,False,0,correct_infeasibility,True,unverified_no_semantic_evidence,True,False,False,False,False,0,4,8936,604,8.736931976862252,0.001605852972716093,0
pilot-46,pilot-46,0,D,4,model_judged,False,0,correct_infeasibility,True,unverified_no_semantic_evidence,True,False,False,False,False,0,4,8936,604,8.736931976862252,0.001605852972716093,0
pilot-46,pilot-46,0,E,0,model_judged,False,0,correct_infeasibility,True,unverified_no_semantic_evidence,True,False,False,False,False,0,4,8936,604,8.736931976862252,0.001605852972716093,0
pilot-46,pilot-46,0,E,1,model_judged,False,0,correct_infeasibility,True,unverified_no_semantic_evidence,True,False,False,False,False,0,4,8936,604,8.736931976862252,0.001605852972716093,0
pilot-46,pilot-46,0,E,2,model_judged,False,0,correct_infeasibility,True,unverified_no_semantic_evidence,True,False,False,False,False,0,4,8936,604,8.736931976862252,0.001605852972716093,0
pilot-46,pilot-46,0,E,4,model_judged,False,0,correct_infeasibility,True,unverified_no_semantic_evidence,True,False,False,False,False,0,4,8936,604,8.736931976862252,0.001605852972716093,0
pilot-46,pilot-46,0,D,0,oracle_diagnostic,False,0,correct_infeasibility,True,unverified_no_semantic_evidence,True,False,False,False,False,0,4,8936,604,8.736931976862252,0.001605852972716093,0
pilot-46,pilot-46,0,D,1,oracle_diagnostic,False,0,correct_infeasibility,True,unverified_no_semantic_evidence,True,False,False,False,False,0,4,8936,604,8.736931976862252,0.001605852972716093,0
pilot-46,pilot-46,0,D,2,oracle_diagnostic,False,0,correct_infeasibility,True,unverified_no_semantic_evidence,True,False,False,False,False,0,4,8936,604,8.736931976862252,0.001605852972716093,0
pilot-46,pilot-46,0,D,4,oracle_diagnostic,False,0,correct_infeasibility,True,unverified_no_semantic_evidence,True,False,False,False,False,0,4,8936,604,8.736931976862252,0.001605852972716093,0
pilot-46,pilot-46,0,E,0,oracle_diagnostic,False,0,correct_infeasibility,True,unverified_no_semantic_evidence,True,False,False,False,False,0,4,8936,604,8.736931976862252,0.001605852972716093,0
pilot-46,pilot-46,0,E,1,oracle_diagnostic,False,0,correct_infeasibility,True,unverified_no_semantic_evidence,True,False,False,False,False,0,4,8936,604,8.736931976862252,0.001605852972716093,0
pilot-46,pilot-46,0,E,2,oracle_diagnostic,False,0,correct_infeasibility,True,unverified_no_semantic_evidence,True,False,False,False,False,0,4,8936,604,8.736931976862252,0.001605852972716093,0
pilot-46,pilot-46,0,E,4,oracle_diagnostic,False,0,correct_infeasibility,True,unverified_no_semantic_evidence,True,False,False,False,False,0,4,8936,604,8.736931976862252,0.001605852972716093,0
pilot-46,pilot-46,0,A,0,model_judged,False,0,correct_infeasibility,True,unverified_no_semantic_evidence,True,False,False,False,False,0,1,2234,134,1.948718854924664,0.0012004589661955833,0
pilot-46,pilot-46,0,B,0,model_judged,False,0,correct_infeasibility,True,unverified_no_semantic_evidence,True,False,False,False,False,0,2,4628,268,3.8705949150025845,0.0011829091235995293,0
pilot-46,pilot-46,0,C,0,model_judged,False,0,correct_infeasibility,True,resolved_by_model,True,False,False,False,False,1,2,2690,198,2.7779520750045776,0.0011344091035425663,0
pilot-47,pilot-47,0,D,0,model_judged,True,16,correct_feasible_plan,True,unresolved_multiple_candidates,True,False,False,False,False,0,4,8984,516,7.522013847017661,0.009996680077165365,0
pilot-47,pilot-47,0,D,1,model_judged,True,16,correct_feasible_plan,True,resolved_by_model,True,False,False,False,False,1,5,9529,577,8.317985301138833,0.009996680077165365,0
pilot-47,pilot-47,0,D,2,model_judged,True,16,correct_feasible_plan,True,resolved_by_model,True,False,False,False,False,1,5,9529,577,8.317985301138833,0.009996680077165365,0
pilot-47,pilot-47,0,D,4,model_judged,True,16,correct_feasible_plan,True,resolved_by_model,True,False,False,False,False,1,5,9529,577,8.317985301138833,0.009996680077165365,0
pilot-47,pilot-47,0,E,0,model_judged,True,16,correct_feasible_plan,True,unresolved_multiple_candidates,True,False,False,False,False,0,4,8984,516,7.522013847017661,0.009996680077165365,0
pilot-47,pilot-47,0,E,1,model_judged,True,16,correct_feasible_plan,True,resolved_by_model,True,False,False,False,False,1,5,9529,577,8.317985301138833,0.009996680077165365,0
pilot-47,pilot-47,0,E,2,model_judged,True,16,correct_feasible_plan,True,resolved_by_model,True,False,False,False,False,1,5,9529,577,8.317985301138833,0.009996680077165365,0
pilot-47,pilot-47,0,E,4,model_judged,True,16,correct_feasible_plan,True,resolved_by_model,True,False,False,False,False,1,5,9529,577,8.317985301138833,0.009996680077165365,0
pilot-47,pilot-47,0,D,0,oracle_diagnostic,True,16,correct_feasible_plan,True,unresolved_multiple_candidates,True,False,False,False,False,0,4,8984,516,7.522013847017661,0.009996680077165365,0
pilot-47,pilot-47,0,D,1,oracle_diagnostic,True,16,correct_feasible_plan,True,resolved_by_privileged_reference_judgment,True,False,False,False,False,1,4,8984,516,7.522013847017661,0.009996680077165365,0
pilot-47,pilot-47,0,D,2,oracle_diagnostic,True,16,correct_feasible_plan,True,resolved_by_privileged_reference_judgment,True,False,False,False,False,1,4,8984,516,7.522013847017661,0.009996680077165365,0
pilot-47,pilot-47,0,D,4,oracle_diagnostic,True,16,correct_feasible_plan,True,resolved_by_privileged_reference_judgment,True,False,False,False,False,1,4,8984,516,7.522013847017661,0.009996680077165365,0
pilot-47,pilot-47,0,E,0,oracle_diagnostic,True,16,correct_feasible_plan,True,unresolved_multiple_candidates,True,False,False,False,False,0,4,8984,516,7.522013847017661,0.009996680077165365,0
pilot-47,pilot-47,0,E,1,oracle_diagnostic,True,16,correct_feasible_plan,True,resolved_by_privileged_reference_judgment,True,False,False,False,False,1,4,8984,516,7.522013847017661,0.009996680077165365,0
pilot-47,pilot-47,0,E,2,oracle_diagnostic,True,16,correct_feasible_plan,True,resolved_by_privileged_reference_judgment,True,False,False,False,False,1,4,8984,516,7.522013847017661,0.009996680077165365,0
pilot-47,pilot-47,0,E,4,oracle_diagnostic,True,16,correct_feasible_plan,True,resolved_by_privileged_reference_judgment,True,False,False,False,False,1,4,8984,516,7.522013847017661,0.009996680077165365,0
pilot-47,pilot-47,0,A,0,model_judged,True,16,correct_feasible_plan,True,unverified_no_semantic_evidence,True,False,False,False,False,0,1,2246,123,1.7975527551025152,0.003694299841299653,0
pilot-47,pilot-47,0,B,0,model_judged,True,16,correct_feasible_plan,True,unverified_no_semantic_evidence,True,False,False,False,False,0,2,4641,246,3.570044699124992,0.0035301591269671917,0
pilot-47,pilot-47,0,C,0,model_judged,True,16,unresolved,False,unresolved_candidate_exhaustion,True,False,True,False,True,2,4,6229,392,5.53670110902749,0.0034737081732600927,0
